smiles,FishAT,DMAT,AlgAT,FishCT,DMCT,AlgCT,group
CCC1(c2ccccc2)C(=O)NC(=O)NC1=O,0,,,,,,train
CC12CCC3c4ccc(O)cc4CCC3C1CCC2O,1,,,,,,train
Clc1ccc(C(c2ccc(Cl)cc2)C(Cl)(Cl)Cl)cc1,1,,,,,,train
c1ccc2c(c1)cc1ccc3cccc4ccc2c1c34,1,,,,,,train
COc1ccc(CCN(C)CCCC(C#N)(c2ccc(OC)c(OC)c2)C(C)C)cc1OC,1,,,,,,test
COc1ccc2c(c1)c(CC(=O)O)c(C)n2C(=O)c1ccc(Cl)cc1,1,,,,,,train
CCN(CC)N=O,0,,,,,,train
O=[N+]([O-])OCC(CO[N+](=O)[O-])O[N+](=O)[O-],1,,,,,,train
[C-]#N,1,,,,,,train
CC(O)CO,0,,,,,,valid
C#CC1(O)CCC2C3CCc4cc(O)ccc4C3CCC21C,1,,,,,,train
ClC1C(Cl)C(Cl)C(Cl)C(Cl)C1Cl,1,,,,,,train
CN(C)N=O,0,,,,,,train
CN(C)C1C(=O)C(C(N)=O)=C(O)C2(O)C(=O)C3=C(O)c4c(O)cccc4C(C)(O)C3CC12,0,,,,,,train
Clc1ccc(C(c2ccc(Cl)cc2)C(Cl)Cl)cc1,1,,,,,,test
ClC(Cl)=C(c1ccc(Cl)cc1)c1ccc(Cl)cc1,1,,,,,,train
CCc1ccc(C(c2ccc(CC)cc2)C(Cl)Cl)cc1,1,,,,,,train
CNCCC=C1c2ccccc2CCc2ccccc21,1,,,,,,train
OCC(F)(F)F,0,,,,,,train
FC(F)(Cl)C(F)(Cl)Cl,1,,,,,,valid
CC(=O)CC(c1ccccc1)c1c(O)c2ccccc2oc1=O,1,,,,,,train
c1cc2c3c(cccc3c1)CC2,1,,,,,,train
CCOC(=O)c1ccccc1C(=O)OCC,1,,,,,,train
CCCCOC(=O)c1ccccc1C(=O)OCCCC,1,,,,,,train
c1ccc2c(c1)ccc1ccccc12,1,,,,,,test
CCCCOC(=O)c1ccccc1C(=O)OCc1ccccc1,1,,,,,,train
O=NN(c1ccccc1)c1ccccc1,1,,,,,,train
c1ccc2c(c1)Cc1ccccc1-2,1,,,,,,train
c1ccc2ccccc2c1,1,,,,,,train
FC(F)(F)c1ccccc1,1,,,,,,valid
Brc1ccc(Oc2ccccc2)cc1,1,,,,,,train
CC(=O)Nc1ccc(O)cc1,0,,,,,,train
C=CC#N,1,,,,,,train
C=CCC#N,0,,,,,,train
CC(=O)OCCOC(C)=O,1,,,,,,test
COCCOCCO,0,,,,,,train
CCCCOCCOCCO,0,,,,,,train
CCC1OC(=O)C(C)C(OC2CC(C)(OC)C(O)C(C)O2)C(C)C(OC2OC(C)CC(N(C)C)C2O)C(C)(O)CC(C)C(=O)C(C)C(O)C1(C)O,0,,,,,,train
CCCCC(CC)COC(=O)c1ccccc1C(=O)OCC(CC)CCCC,1,,,,,,train
Cc1c([N+](=O)[O-])cc([N+](=O)[O-])cc1[N+](=O)[O-],1,,,,,,valid
c1ccc2cc3ccccc3cc2c1,1,,,,,,train
O=[N+]([O-])N1CN([N+](=O)[O-])CN([N+](=O)[O-])C1,1,,,,,,train
COC(=O)c1ccccc1C(=O)OC,1,,,,,,train
c1ccc2c(c1)oc1ccccc12,1,,,,,,train
O=C(O)O,0,,,,,,test
c1ccc2c(c1)-c1cccc3cccc-2c13,1,,,,,,train
NC(=O)N1c2ccccc2C=Cc2ccccc21,1,,,,,,train
O=C(O)C(F)(F)C(F)(F)C(F)(F)C(F)(F)C(F)(F)C(F)(F)C(F)(F)F,0,,,,,,train
O=C(O)C(F)(F)C(F)(F)C(F)(F)C(F)(F)C(F)(F)C(F)(F)C(F)(F)C(F)(F)C(F)(F)F,1,,,,,,train
O=C(O)C(F)(F)C(F)(F)C(F)(F)F,0,,,,,,valid
CCOC(=O)C(F)(F)F,0,,,,,,train
Nc1ccc(F)cc1C(F)(F)F,1,,,,,,train
N#CC=CC(F)(F)F,1,,,,,,train
CN1C(=O)CN=C(c2ccccc2)c2cc(Cl)ccc21,1,,,,,,train
CC(C)NCC(O)COc1cccc2ccccc12,1,,,,,,test
O=Cc1c(F)c(F)c(F)c(F)c1F,1,,,,,,train
Cc1cc(NS(=O)(=O)c2ccc(N)cc2)no1,0,,,,,,train
Nc1c(F)c(F)c(F)c(F)c1F,1,,,,,,train
O=C(O)CCC(F)(F)C(F)(F)C(F)(F)C(F)(F)C(F)(F)C(F)(F)C(F)(F)F,1,,,,,,train
OC(C(F)(F)F)C(F)(F)F,0,,,,,,valid
NCC1OC(OC2C(CO)OC(OC3C(O)C(N)CC(N)C3OC3OC(CN)C(O)C(O)C3N)C2O)C(N)C(O)C1O,1,,,,,,train
Oc1ccc(C(c2ccc(O)cc2)(C(F)(F)F)C(F)(F)F)cc1,1,,,,,,train
O=S(=O)(O)C(F)(F)C(F)(F)C(F)(F)C(F)(F)C(F)(F)C(F)(F)C(F)(F)C(F)(F)F,1,,,,,,train
Clc1ccccc1-c1ccccc1,1,,,,,,train
Clc1cccc(-c2ccccc2)c1,1,,,,,,test
Clc1ccc(-c2ccccc2)cc1,1,,,,,,train
CCCCCCCCC#N,1,,,,,,train
Nc1ccc(F)c(C(F)(F)F)c1,1,,,,,,train
CCCCCCCCCCCC#N,1,,,,,,train
Clc1ccc(-c2ccc(Cl)cc2Cl)c(Cl)c1,1,,,,,,valid
O=[N+]([O-])N1CN([N+](=O)[O-])CN([N+](=O)[O-])CN([N+](=O)[O-])C1,1,,,,,,train
O=C(O)C(F)(F)C(F)(F)C(F)(F)C(F)(F)F,1,,,,,,train
COC(=O)c1c(Cl)c(Cl)c(C(=O)SC)c(Cl)c1Cl,1,,,,,,train
CCNS(=O)(=O)C(F)(F)C(F)(F)C(F)(F)C(F)(F)C(F)(F)C(F)(F)C(F)(F)C(F)(F)F,1,,,,,,train
COC(=O)c1ccc(C(=O)OC)c([N+](=O)[O-])c1,1,,,,,,test
Brc1ccc(Oc2ccc(Br)cc2Br)c(Br)c1,1,,,,,,train
CCCCCCCCCc1ccc(OCCOCCO)cc1,1,,,,,,train
Clc1ccc(-c2ccc(Cl)c(Cl)c2Cl)c(Cl)c1Cl,1,,,,,,train
Clc1cccc(-c2ccc(Cl)c(Cl)c2Cl)c1Cl,1,,,,,,train
Clc1cc(Cl)c(-c2c(Cl)c(Cl)c(-c3c(Cl)cc(Cl)c(Cl)c3Cl)c(Cl)c2Cl)cc1Cl,1,,,,,,valid
Clc1cc(Cl)c(Cl)c(-c2cc(Cl)c(-c3cc(Cl)c(Cl)c(Cl)c3)c(Cl)c2Cl)c1,1,,,,,,train
Clc1cc(Cl)cc(-c2cc(Cl)cc(Cl)c2)c1,1,,,,,,train
Clc1cccc(-c2cc(Cl)cc(Cl)c2)c1,1,,,,,,train
O=C(O)Cc1ccccc1Nc1c(Cl)cccc1Cl,1,,,,,,train
Cc1ccc(C)c(OCCCC(C)(C)C(=O)O)c1,1,,,,,,test
CC(C)CCCCCCCOC(=O)c1ccccc1C(=O)OCCCCCCCC(C)C,1,,,,,,train
O=S(=O)(O)C(F)(F)C(F)(F)C(F)(F)C(F)(F)F,0,,,,,,train
CC(C)(O)C(F)(F)C(F)F,0,,,,,,train
C=CCOC(Cn1ccnc1)c1ccc(Cl)cc1Cl,1,,,,,,train
CC(=O)c1ccc(C2C(=C(O)c3ccc(C(C)C)cc3)C(=O)C(=O)N2c2ccc(C)nn2)cc1.Cc1ccc(N2C(=O)C(=O)C(=C(O)c3ccc(C(C)(C)C)cc3)C2c2ccc(OC(F)(F)F)cc2)nn1.Cc1ccc(N2C(=O)C(=O)C(=C(O)c3ccc(C(C)C)cc3)C2c2ccncc2)nn1.Cc1ccc(N2C(=O)C(=O)C(=C(O)c3ccc(C(F)(F)F)nc3)C2c2ccc(OC(F)(F)F)cc2)nn1.Cc1ccc(N2C(=O)C(=O)C(=C(O)c3ccc(C4CCCCC4)cc3)C2c2ccc(OC(F)(F)F)cc2)nn1,1,,,,,,valid
Clc1ccc(Cl)c(-c2ccccc2Cl)c1,1,,,,,,train
COc1ccc(C2Sc3ccccc3N(CCN(C)C)C(=O)C2OC(C)=O)cc1,1,,,,,,train
CC(C)(C)C(=O)C(Oc1ccc(Cl)cc1)n1cncn1,1,,,,,,train
Clc1ccc(-c2cccc(Cl)c2Cl)c(Cl)c1,1,,,,,,train
COCCCCC(=NOCCN)c1ccc(C(F)(F)F)cc1,1,,,,,,test
CNCCC(Oc1ccc(C(F)(F)F)cc1)c1ccccc1,1,,,,,,train
CC(C)(C)C(O)C(Oc1ccc(Cl)cc1)n1cncn1,1,,,,,,train
Clc1ccc(-c2cc(Cl)c(Cl)c(Cl)c2)cc1Cl,1,,,,,,train
O=[N+]([O-])C=C1NCCCS1,0,,,,,,train
CCCC1COC(Cn2cncn2)(c2ccc(Cl)cc2Cl)O1,1,,,,,,valid
CCCOCC(=Nc1ccc(Cl)cc1C(F)(F)F)n1ccnc1,1,,,,,,train
O=S(=O)(O)C(F)(F)C(F)(F)C(F)(F)C(F)(F)C(F)(F)C(F)(F)C(F)(F)C(F)(F)F.OCCNCCO,1,,,,,,train
O=C(O)C=C(F)C(F)(F)C(F)(F)C(F)(F)C(F)(F)C(F)(F)C(F)(F)C(F)(F)F,1,,,,,,train
O=S(=O)(O)C(F)(F)C(F)(F)OC(F)(F)C(F)(F)C(F)(F)C(F)(F)C(F)(F)C(F)(F)Cl,1,,,,,,train
OC(Cn1cncn1)(c1ccc(F)cc1)c1ccccc1F,1,,,,,,test
CNC1CCC(c2ccc(Cl)c(Cl)c2)c2ccccc21,1,,,,,,train
CCC(C)(C)C(=O)OC1CC(C)C=C2C=CC(C)C(CCC3CC(O)CC(=O)O3)C21,1,,,,,,train
CCCCC(O)(Cn1cncn1)c1ccc(Cl)cc1Cl,1,,,,,,train
NCc1cc(C(F)(F)F)cc(C(F)(F)F)c1,1,,,,,,train
CCCCC(C#N)(Cn1cncn1)c1ccc(Cl)cc1,1,,,,,,valid
CC(C1CC1)C(O)(Cn1cncn1)c1ccc(Cl)cc1,1,,,,,,train
C=C1C(=O)NC(C)C(=O)NC(CC(C)C)C(=O)NC(C(=O)O)C(C)C(=O)NC(CCCN=C(N)N)C(=O)NC(C=CC(C)=CC(C)C(Cc2ccccc2)OC)C(C)C(=O)NC(C(=O)O)CCC(=O)N1C,1,,,,,,train
C=C1C(=O)NC(C)C(=O)NC(Cc2ccc(O)cc2)C(=O)NC(C(=O)O)C(C)C(=O)NC(CCCN=C(N)N)C(=O)NC(C=CC(C)=CC(C)C(Cc2ccccc2)OC)C(C)C(=O)NC(C(=O)O)CCC(=O)N1C,1,,,,,,train
O=C(NC(=O)c1c(F)cccc1F)Nc1cc(Cl)c(OC(F)(F)C(F)C(F)(F)F)cc1Cl,1,,,,,,train
CC(C)(C)C(O)(CCc1ccc(Cl)cc1)Cn1cncn1,1,,,,,,test
C=C1C(=O)NC(C)C(=O)NC(CCCN=C(N)N)C(=O)NC(C(=O)O)C(C)C(=O)NC(CCCN=C(N)N)C(=O)NC(C=CC(C)=CC(C)C(Cc2ccccc2)OC)C(C)C(=O)NC(C(=O)O)CCC(=O)N1C,1,,,,,,train
N#CN=C1SCCN1Cc1ccc(Cl)nc1,1,,,,,,train
FC(F)C(F)(F)OCC(Cn1cncn1)c1ccc(Cl)cc1Cl,1,,,,,,train
N#CC(CCc1ccc(Cl)cc1)(Cn1cncn1)c1ccccc1,1,,,,,,train
Clc1ccc(C2(Cn3cncn3)CC(Br)CO2)c(Cl)c1,1,,,,,,valid
COC=C(C(=O)OC)c1ccccc1COc1cccc(C(F)(F)F)n1,1,,,,,,train
CC1COC(Cn2cncn2)(c2ccc(Oc3ccc(Cl)cc3)cc2Cl)O1,1,,,,,,train
CC1(C)CCC(Cc2ccc(Cl)cc2)C1(O)Cn1cncn1,1,,,,,,train
CC(C)C1CCC(Cc2ccc(Cl)cc2)C1(O)Cn1cncn1,1,,,,,,train
COC=C(C(=O)OC)c1ccccc1Oc1cc(Oc2ccccc2C#N)ncn1,1,,,,,,test
CC(=NC#N)N(C)Cc1ccc(Cl)nc1,1,,,,,,train
O=[N+]([O-])N=C1NCCN1Cc1ccc(Cl)nc1,0,,,,,,train
COc1n[nH]c2ncc(C#Cc3c(F)ccc(NS(=O)(=O)c4ccccc4C)c3F)cc12,1,,,,,,train
CON=C(C(=O)OC)c1ccccc1COc1ccccc1C,1,,,,,,train
CNC(=O)C(=NOC)c1ccccc1COc1cc(C)ccc1C,1,,,,,,valid
CN1COCN(Cc2cnc(Cl)s2)C1=N[N+](=O)[O-],0,,,,,,train
CN=C(NCC1CCOC1)N[N+](=O)[O-],1,,,,,,train
COC(=O)N(OC)c1ccccc1COc1ccn(-c2ccc(Cl)cc2)n1,1,,,,,,train
OC(Cc1ccccc1Cl)(Cn1[nH]cnc1=S)C1(Cl)CC1,1,,,,,,train
Cc1cc(C(F)(C(F)(F)F)C(F)(F)F)ccc1NC(=O)c1cccc(I)c1C(=O)NC(C)(C)CS(C)(=O)=O,1,,,,,,test
CON=C(C1=NOCCO1)c1ccccc1Oc1ncnc(Oc2ccccc2Cl)c1F,1,,,,,,train
CCOC(=O)OC1=C(c2cc(C)ccc2C)C(=O)NC12CCC(OC)CC2.Cc1cc(C(F)(C(F)(F)F)C(F)(F)F)ccc1NC(=O)c1cccc(I)c1C(=O)NC(C)(C)CS(C)(=O)=O,1,,,,,,train
CN(C(=O)c1ccccc1)c1cccc(C(=O)Nc2c(Br)cc(C(F)(C(F)(F)F)C(F)(F)F)cc2C(F)(F)F)c1F,1,,,,,,train
C=O,0,,,,,,train
CC(O)C(=O)O,0,,,,,,valid
O=C(O)c1c(Cl)cccc1Cl,0,,,,,,train
O=C(O)c1c(Cl)ccc(Cl)c1Cl,1,,,,,,train
O=C(Nc1ccc([N+](=O)[O-])cc1Cl)c1cc(Cl)ccc1O,1,,,,,,train
CCCCOCCOCCOCc1cc2c(cc1CCC)OCO2,1,,,,,,train
O=[N+]([O-])c1ccc(O)c([N+](=O)[O-])c1,1,,,,,,test
CCOC(N)=O,0,,,,,,train
O=[N+]([O-])C(Br)(CO)CO,1,,,,,,train
CCOP(=S)(OCC)Oc1cc(C)c(SC)c(C)c1,1,,,,,,train
COP(=O)(OC)C(O)C(Cl)(Cl)Cl,1,,,,,,train
CN1CCCC1c1cccnc1,1,,,,,,valid
O=C(O)c1ccccc1O,0,,,,,,train
NC(=O)c1ccccc1,0,,,,,,train
COP(=S)(OC)Oc1cc(C)c(SC)c(C)c1,1,,,,,,train
COP(=S)(OC)Oc1ccc(SC)c(C)c1,1,,,,,,train
CN(CCCl)CCCl,1,,,,,,test
ClC(Cl)(Cl)Cl,1,,,,,,train
CC[N+](CC)(CC)Cc1ccccc1,0,,,,,,train
CCOP(=S)(OCC)Oc1ccc([N+](=O)[O-])cc1,1,,,,,,train
CCOP(=S)(OCC)Oc1ccc2c(C)c(Cl)c(=O)oc2c1,1,,,,,,train
O=C(NC(CO)C(O)c1ccc([N+](=O)[O-])cc1)C(Cl)Cl,0,,,,,,valid
OCC(O)CO,0,,,,,,train
N=C(NCCCCCCNC(=N)NC(=N)Nc1ccc(Cl)cc1)NC(=N)Nc1ccc(Cl)cc1,1,,,,,,train
C=CCN=C=S,1,,,,,,train
CCCCCCCCCCCCCCCC[N+](C)(C)C,1,,,,,,train
NC(N)=O,0,,,,,,test
CN(C)N,1,,,,,,train
CC(C)(O)C(Cl)(Cl)Cl,0,,,,,,train
O=C1CC2OCC=C3CN4CCC56c7ccccc7N1C5C2C3CC46,1,,,,,,train
CCCC(C)C1(CC)C(=O)N=C(O)NC1=O,1,,,,,,train
CCC1(CCC(C)C)C(=O)NC(=O)NC1=O,1,,,,,,valid
CN(C)C1C(O)=C(C(N)=O)C(=O)C2(O)C(O)=C3C(=O)c4c(O)ccc(Cl)c4C(C)(O)C3CC12,1,,,,,,train
ClC1=C(Cl)C2(Cl)C3C(Cl)C(Cl)CC3C1(Cl)C2(Cl)Cl,1,,,,,,train
Cn1c(=O)c2c(ncn2C)n(C)c1=O,0,,,,,,train
CCc1nc(N)nc(N)c1-c1ccc(Cl)cc1,1,,,,,,train
CC1=CC(=O)c2ccccc2C1=O,1,,,,,,test
c1ccc2c(c1)Oc1ccccc1[As]2O[As]1c2ccccc2Oc2ccccc21,1,,,,,,train
Oc1c(Cl)cc(Cl)c(Cl)c1Cl,1,,,,,,train
CCOc1cc(NC(C)=O)ccc1C(=O)OC,1,,,,,,train
Cc1cc(O)ccc1Cl,1,,,,,,train
NC(=O)NN=Cc1ccc([N+](=O)[O-])o1,1,,,,,,valid
c1ccc(CC2=NCCN2)cc1,0,,,,,,train
O=C(O)CN(CCN(CC(=O)O)CC(=O)O)CC(=O)O,0,,,,,,train
Nc1ccc(N=Nc2ccccc2)cc1,1,,,,,,train
CC(N)Cc1ccccc1,1,,,,,,train
OCCS,1,,,,,,test
CCOCC,0,,,,,,train
CNN,1,,,,,,train
CC(N)=O,0,,,,,,train
CNC(=O)CSP(=S)(OC)OC,1,,,,,,train
ClC1=C(Cl)C2(Cl)C3C4CC(C5OC45)C3C1(Cl)C2(Cl)Cl,1,,,,,,valid
Cc1cccc(Nc2ccccc2C(=O)O)c1C,1,,,,,,train
CN(C)c1ccc2nc3ccc(N(C)C)cc3[s+]c2c1,1,,,,,,train
Nc1nc[nH]n1,0,,,,,,train
Nc1ccccc1,1,,,,,,train
CC(N)=S,0,,,,,,test
COP(=O)(OC)OC=C(Cl)Cl,1,,,,,,train
O=C(O)CF,1,,,,,,train
CC12CCC3C(CCC4=CC(=O)CCC43C)C1CCC2=O,1,,,,,,train
CNC(=O)Oc1cccc2ccccc12,1,,,,,,train
CNC(=O)Oc1cccc(C(C)C)c1,1,,,,,,valid
CCO,0,,,,,,train
CC(=O)O,0,,,,,,train
CN(C)C1C(O)=C(C(N)=O)C(=O)C2(O)C(O)=C3C(=O)c4c(O)cccc4C(C)(O)C3CC12,0,,,,,,train
NC(=O)c1ccccc1O,0,,,,,,train
O=C(O)c1ccccc1,0,,,,,,test
CCCCCC=O,1,,,,,,train
O=c1oc2ccccc2c(O)c1Cc1c(O)c2ccccc2oc1=O,1,,,,,,train
CC1CC(C)C(=O)C(C(O)CC2CC(=O)NC(=O)C2)C1,1,,,,,,train
O=Cc1ccc(Oc2ccccc2)cc1,1,,,,,,train
O=C1OCCN1N=Cc1ccc([N+](=O)[O-])o1,1,,,,,,valid
CO,0,,,,,,train
CC(C)O,0,,,,,,train
CC(C)=O,0,,,,,,train
ClC(Cl)Cl,1,,,,,,train
CS(C)=O,0,,,,,,test
ClC(Cl)(Cl)C(Cl)(Cl)Cl,1,,,,,,train
O=C(O)CS,1,,,,,,train
CN(C)C=O,0,,,,,,train
Oc1c(Cl)cc(Cl)c(Cl)c1Cc1c(O)c(Cl)cc(Cl)c1Cl,1,,,,,,train
CC(C)=CC1C(C(=O)OCc2ccc(C)cc2C)C1(C)C,1,,,,,,valid
CCC(=O)c1ccc(N)cc1,0,,,,,,train
CCCO,0,,,,,,train
CCCCO,0,,,,,,train
CCCCCO,0,,,,,,train
c1ccccc1,1,,,,,,test
CC(Cl)(Cl)Cl,1,,,,,,train
CCCC(C)C1(CC)C(=O)N=C(S)NC1=O,1,,,,,,train
COc1ccc(C(c2ccc(OC)cc2)C(Cl)(Cl)Cl)cc1,1,,,,,,train
CBr,1,,,,,,train
CCl,0,,,,,,valid
CI,1,,,,,,train
ClCBr,1,,,,,,train
CCCl,0,,,,,,train
C=CCl,0,,,,,,train
CC#N,0,,,,,,test
CC=O,1,,,,,,train
CCS,1,,,,,,train
ClCCl,0,,,,,,train
C1CO1,1,,,,,,train
BrC(Br)Br,1,,,,,,valid
ClC(Cl)Br,1,,,,,,train
CC(C)N,0,,,,,,train
C=C(Cl)Cl,0,,,,,,train
CC(=O)Cl,1,,,,,,train
IC(I)I,1,,,,,,test
C[N+](=O)[O-],0,,,,,,train
CC1CO1,0,,,,,,train
C[N+](C)(C)C,0,,,,,,train
CC(C)(C)N,1,,,,,,train
CC(C)(C)O,0,,,,,,valid
CC(C)(O)C#N,1,,,,,,train
CC(=O)C(C)(C)C,1,,,,,,train
CC(C)(C)C(=O)O,0,,,,,,train
CC(Cl)(Cl)C(=O)O,0,,,,,,train
ClC(Cl)C(Cl)(Cl)Cl,1,,,,,,test
O=C(O)C(Cl)(Cl)Cl,0,,,,,,train
O=[N+]([O-])C(Cl)(Cl)Cl,1,,,,,,train
CC12CCC(CC1=O)C2(C)C,0,,,,,,train
CC12CCC(C(Br)C1=O)C2(C)C,1,,,,,,train
ClC1=C(Cl)C2(Cl)C3C(Cl)C=CC3C1(Cl)C2(Cl)Cl,1,,,,,,valid
ClC1=C(Cl)C(Cl)(Cl)C(Cl)=C1Cl,1,,,,,,train
CC1(C)C(=O)N(Br)C(=O)N1Br,1,,,,,,train
CC1(C)NC(=O)NC1=O,0,,,,,,train
C1=CC2C3C=CC(C3)C2C1,1,,,,,,train
CCC(C)(O)CC,0,,,,,,test
C#CC(C)(O)CC,0,,,,,,train
COS(=O)(=O)OC,1,,,,,,train
CCC(CO)(CO)CO,0,,,,,,train
C#CC1(O)CCCCC1,0,,,,,,train
CCOP(=S)(OCC)SC1OCCOC1SP(=S)(OCC)OCC,1,,,,,,valid
CCOP(=O)(OCC)OCC,0,,,,,,train
CCCCSP(=O)(SCCCC)SCCCC,1,,,,,,train
CCCCOCCOP(=O)(OCCOCCCC)OCCOCCCC,1,,,,,,train
CC1=CC(=O)CC(C)(C)C1,0,,,,,,train
C=CC(C)(O)CCC=C(C)C,1,,,,,,test
C=CC(=C)C,1,,,,,,train
CC(C)CO,0,,,,,,train
CC(Cl)CCl,0,,,,,,train
CC(N)CN,0,,,,,,train
CCC(C)O,0,,,,,,valid
CCC(C)=O,0,,,,,,train
CC(O)CN,0,,,,,,train
CC(O)C#N,1,,,,,,train
CCC(Cl)Cl,1,,,,,,train
ClCC(Cl)Cl,1,,,,,,test
ClC=C(Cl)Cl,1,,,,,,train
C=CC(N)=O,0,,,,,,train
CCC(=O)O,1,,,,,,train
C=CC(=O)O,0,,,,,,train
O=C(O)CO,1,,,,,,valid
NNC(N)=S,1,,,,,,train
COC(C)=O,0,,,,,,train
ClC(Cl)C(Cl)Cl,1,,,,,,train
CC(C)[N+](=O)[O-],0,,,,,,train
CN(C)C1C(O)=C(C(N)=O)C(=O)C2(O)C(O)=C3C(=O)c4c(O)cccc4C(C)(O)C3C(O)C12,1,,,,,,test
CC(=O)C=CC1=C(C)CCCC1(C)C,1,,,,,,train
C=C1C2CCC(C2)C1(C)C,1,,,,,,train
CC(C)(c1cc(Br)c(O)c(Br)c1)c1cc(Br)c(O)c(Br)c1,1,,,,,,train
CC(C)(c1ccc(O)cc1)c1ccc(O)cc1,1,,,,,,train
CC(O)(c1ccc(Cl)cc1)c1ccc(Cl)cc1,1,,,,,,valid
O=S1(=O)N2CN3CN1CN(C2)S3(=O)=O,1,,,,,,train
Nc1ccc(S(=O)(=O)Nc2ccc(Cl)nn2)cc1,0,,,,,,train
O=S(=O)(Oc1ccc(Cl)cc1)c1ccc(Cl)cc1,1,,,,,,train
O=S(=O)(Oc1ccc(Cl)cc1)c1ccccc1,1,,,,,,train
CC(C)(OOC(C)(C)c1ccccc1)c1ccccc1,1,,,,,,test
CCC(C)(C)c1ccc(O)cc1,1,,,,,,train
CC1(N)CCC(C(C)(C)N)CC1,1,,,,,,train
CC1=CCC2CC1C2(C)C,1,,,,,,train
C=C(C)C(=O)OC,0,,,,,,train
Clc1cccc(Cl)c1C(Cl)Cl,1,,,,,,valid
O=[N+]([O-])c1c(Cl)c(Cl)c(Cl)c(Cl)c1Cl,1,,,,,,train
O=[N+]([O-])c1cc([N+](=O)[O-])c(O)c([N+](=O)[O-])c1O,0,,,,,,train
CC(C)(C)C(=O)C1C(=O)c2ccccc2C1=O,1,,,,,,train
Cc1c[nH]c2ccccc12,1,,,,,,train
CCCOC(=O)C1c2cc3c(cc2CC(C)C1C(=O)OCCC)OCO3,1,,,,,,test
C=C(C)C1Cc2c(ccc3c2OC2COc4cc(OC)c(OC)cc4C2C3=O)O1,1,,,,,,train
c1ccc(-c2ccccc2-c2ccccc2)cc1,1,,,,,,train
O=C(Oc1ccccc1)c1ccccc1C(=O)Oc1ccccc1,1,,,,,,train
CC(C)COC(=O)c1ccccc1C(=O)OCC(C)C,1,,,,,,train
CCCCCCOC(=O)c1ccccc1C(=O)OCCCCCC,1,,,,,,valid
c1cc[n+]2c(c1)-c1cccc[n+]1CC2,1,,,,,,train
O=C(O)Cc1c(Cl)ccc(Cl)c1Cl,1,,,,,,train
O=C1NC(=O)c2ccccc21,1,,,,,,train
C[n+]1c2cc(N)ccc2cc2ccc(N)cc21,1,,,,,,train
COP(=S)(OC)SCn1nnc2ccccc2c1=O,1,,,,,,test
O=[N+]([O-])c1cccc2ccccc12,1,,,,,,train
c1ccc2c(c1)[nH]c1ccccc12,1,,,,,,train
O=C(O)Cc1cccc2ccccc12,1,,,,,,train
O=C(Nc1ccccc1)c1ccccc1O,1,,,,,,train
Clc1cccc(Cl)c1Cl,1,,,,,,valid
Oc1c(Cl)cccc1Cl,1,,,,,,train
ClC(Cl)=C(Cl)C(Cl)=C(Cl)Cl,1,,,,,,train
OC1COC(O)C(O)C1O,0,,,,,,train
Oc1c(Cl)c(Cl)c(Cl)c(Cl)c1Cl,1,,,,,,train
O=c1n(Cl)c(=O)n(Cl)c(=O)n1Cl,1,,,,,,test
CCOC(=O)C(O)C(O)C(=O)OCC,0,,,,,,train
Cc1cc(O)cc(C)c1Cl,1,,,,,,train
Oc1c(Cl)cc(Cl)cc1Cl,1,,,,,,train
CCC(CC)C(=O)O,1,,,,,,train
O=[N+]([O-])c1ccc(O)cc1C(F)(F)F,1,,,,,,valid
Cc1ccc(C(C)(C)C)c(O)c1,1,,,,,,train
NC(=O)c1ccccc1N,0,,,,,,train
Cc1ccccc1[N+](=O)[O-],1,,,,,,train
O=[N+]([O-])c1ccccc1Cl,1,,,,,,train
Nc1ccccc1[N+](=O)[O-],1,,,,,,test
O=[N+]([O-])c1ccccc1O,1,,,,,,train
CCC(C)c1cc([N+](=O)[O-])cc([N+](=O)[O-])c1O,1,,,,,,train
O=[N+]([O-])c1cc([N+](=O)[O-])c(O)c([N+](=O)[O-])c1,0,,,,,,train
Cc1ccc(Cl)cc1[N+](=O)[O-],1,,,,,,train
O=[N+]([O-])c1cc(Cl)ccc1Cl,1,,,,,,valid
Cc1ccc(N)c([N+](=O)[O-])c1,1,,,,,,train
Cc1cc(O)c(C(C)C)cc1Cl,1,,,,,,train
CCC(C)c1ccccc1O,1,,,,,,train
Cc1ccc(C(C)C)c(O)c1,1,,,,,,train
O=Cc1ccccc1Cl,1,,,,,,test
O=Cc1ccccc1O,1,,,,,,train
COc1ccccc1N,0,,,,,,train
Cc1cccc2ccccc12,1,,,,,,train
Clc1cccc2ccccc12,1,,,,,,train
Oc1cccc2ccccc12,1,,,,,,valid
Oc1ccccc1-c1ccccc1,1,,,,,,train
O=Cc1cc(Br)cc(Br)c1O,1,,,,,,train
N#Cc1ccccc1C#N,1,,,,,,train
c1ccc2ncccc2c1,1,,,,,,train
COc1ccccc1[N+](=O)[O-],0,,,,,,test
CCN(CC)c1ccc2c(C)cc(=O)oc2c1,1,,,,,,train
CCOc1ccc2c(c1)C(C)=CC(C)(C)N2,1,,,,,,train
Cc1ccc2ccccc2c1,1,,,,,,train
Nc1ccc2ccccc2c1,1,,,,,,train
O=c1ccc2ccccc2o1,1,,,,,,valid
CCN(CC)C1CCCCC1,1,,,,,,train
CCN(CC)c1ccccc1,1,,,,,,train
CCN(CCO)c1cccc(C)c1,1,,,,,,train
Nc1ccc(-c2ccc(N)c(Cl)c2)cc1Cl,1,,,,,,train
Oc1ccc(-c2ccccc2)c(Cl)c1,1,,,,,,test
c1ccc(-c2cccc(-c3ccccc3)c2)cc1,1,,,,,,train
c1ccc(-c2ccccc2)cc1,1,,,,,,train
Nc1ccc(-c2ccc(N)cc2)cc1,1,,,,,,train
Oc1ccc(-c2ccc(O)cc2)cc1,1,,,,,,train
C=CCc1ccc(OC)c(OC)c1,1,,,,,,valid
Cc1cc(Cl)ccc1OC(C)C(=O)O,1,,,,,,train
CC(Oc1cc(Cl)c(Cl)cc1Cl)C(=O)O,1,,,,,,train
O=C(O)COc1cc(Cl)c(Cl)cc1Cl,1,,,,,,train
CCOC(=O)c1ccccc1,1,,,,,,train
CC(=O)CC(=O)c1ccccc1,1,,,,,,test
CCOC(=O)c1ccc(N)cc1,1,,,,,,train
CC(C)OC(=O)COc1ccc(Cl)cc1Cl,1,,,,,,train
O=C(C=Cc1ccccc1)c1ccccc1,1,,,,,,train
O=C(C=CC=Cc1ccc2c(c1)OCO2)N1CCCCC1,1,,,,,,train
ON=Cc1ccccc1O,1,,,,,,valid
Cc1cc(Cl)ccc1OCC(=O)O,1,,,,,,train
O=C(O)COc1ccc(Cl)cc1Cl,0,,,,,,train
CCCCOC(=O)COc1ccc(Cl)cc1Cl,1,,,,,,train
Cc1cc(Cl)ccc1OCCCC(=O)O,1,,,,,,train
O=C(O)CCCOc1ccc(Cl)cc1Cl,1,,,,,,test
CCCC(O)C(CC)CO,0,,,,,,train
O=Cc1ccc(O)cc1O,1,,,,,,train
C=C(Cl)CSC(=S)N(CC)CC,1,,,,,,train
CCC(CC)C(=O)OCCOCCOCCOC(=O)C(CC)CC,1,,,,,,train
c1ccc2[nH]nnc2c1,1,,,,,,valid
c1ccc2sccc2c1,1,,,,,,train
c1ccc2scnc2c1,1,,,,,,train
CC(C)(C)NSc1nc2ccccc2s1,1,,,,,,train
c1ccc2sc(SSN3CCOCC3)nc2c1,1,,,,,,train
c1ccc2sc(SNC3CCCCC3)nc2c1,1,,,,,,test
Cc1ccccc1C,1,,,,,,train
Cc1ccccc1O,1,,,,,,train
Cc1ccccc1Cl,1,,,,,,train
Clc1ccccc1Cl,1,,,,,,train
Nc1ccccc1Cl,1,,,,,,valid
Cc1ccccc1F,1,,,,,,train
Cc1ccccc1N,0,,,,,,train
Nc1ccccc1N,1,,,,,,train
Oc1ccccc1Cl,1,,,,,,train
Cc1ccc(C)c(C)c1,1,,,,,,test
Cc1ccc(O)cc1C,1,,,,,,train
Cc1ccc(Cl)c(Cl)c1,1,,,,,,train
Nc1ccc(Cl)c(Cl)c1,1,,,,,,train
Oc1ccc(Cl)c(Cl)c1,1,,,,,,train
Cc1ccc(N)cc1N,0,,,,,,valid
Cc1ccc(Cl)c(N)c1,1,,,,,,train
Nc1cc(Cl)ccc1Cl,1,,,,,,train
Cc1ccc(C)c(O)c1,1,,,,,,train
Oc1ccc(Cl)c(O)c1,0,,,,,,train
Clc1cc(Cl)c(Cl)cc1Cl,1,,,,,,test
Oc1cc(Cl)c(Cl)cc1Cl,1,,,,,,train
C=CCOC(=O)C(=C)C,1,,,,,,train
c1ccc(C2CO2)cc1,1,,,,,,train
ClCC(Br)CBr,1,,,,,,train
OCC(Br)CBr,1,,,,,,valid
CCC(C)C=O,1,,,,,,train
ClCC(Cl)CCl,1,,,,,,train
CCC(=O)CC,0,,,,,,train
OC(CCl)CCl,0,,,,,,train
OCC(O)CCl,0,,,,,,test
CCC(C)=NO,0,,,,,,train
C=CC(=O)OC,1,,,,,,train
S=C1NCCN1,0,,,,,,train
CC(C)(C)c1ccc(O)c(C(C)(C)C)c1,1,,,,,,train
CC(C)N(CCO)C(C)C,0,,,,,,valid
Nc1cc([N+](=O)[O-])cc([N+](=O)[O-])c1O,1,,,,,,train
O=[N+]([O-])c1ccc(Cl)c([N+](=O)[O-])c1,1,,,,,,train
Nc1ccc([N+](=O)[O-])cc1[N+](=O)[O-],1,,,,,,train
CCOP(=S)(OCC)Oc1ccc(Cl)cc1Cl,1,,,,,,train
Oc1ccc(Cl)cc1Cc1cc(Cl)ccc1O,1,,,,,,test
Cc1ccccc1NC(=N)Nc1ccccc1C,1,,,,,,train
C=CCc1ccc(O)c(OC)c1,1,,,,,,train
CCOC(=O)C(C)O,0,,,,,,train
CN(C)C(=S)SC(=S)N(C)C,1,,,,,,train
CCN(CC)C(=S)SSC(=S)N(CC)CC,1,,,,,,valid
C=C(C)C(=O)OCCCC,1,,,,,,train
O=Cc1ccco1,1,,,,,,train
C[N+](C)(C)c1ccccc1,0,,,,,,train
O=S(=O)(Cl)c1ccccc1,1,,,,,,train
Cc1cc(S(=O)(=O)O)ccc1N,0,,,,,,test
Cc1ccc(C(C)(C)C)cc1,1,,,,,,train
CC(C)(C)c1ccc(O)cc1,1,,,,,,train
CC1=CCC(C(C)(C)O)CC1,1,,,,,,train
Cc1ccc(S(=O)(=O)Cl)cc1,1,,,,,,train
CC(C)(C)c1ccc(C(=O)O)cc1,1,,,,,,valid
CC(C)c1ccccc1,1,,,,,,train
C=C(C)c1ccccc1,1,,,,,,train
CC(=O)c1ccccc1,0,,,,,,train
ClC(Cl)c1ccccc1,1,,,,,,train
O=C(Cl)c1ccccc1,1,,,,,,test
O=[N+]([O-])c1ccccc1,0,,,,,,train
CC(=O)c1cccc(N)c1,0,,,,,,train
Cc1cccc(C(=O)O)c1,1,,,,,,train
Cc1cccc([N+](=O)[O-])c1,1,,,,,,train
Nc1cccc([N+](=O)[O-])c1,1,,,,,,valid
O=[N+]([O-])c1cc(Br)c(O)c(Br)c1,1,,,,,,train
Nc1c(Cl)cc([N+](=O)[O-])cc1Cl,1,,,,,,train
O=[N+]([O-])c1cc([N+](=O)[O-])cc([N+](=O)[O-])c1,1,,,,,,train
Cc1cc([N+](=O)[O-])ccc1N,1,,,,,,train
O=[N+]([O-])c1ccc(Cl)c(Cl)c1,1,,,,,,test
Cc1ccc([N+](=O)[O-])cc1N,1,,,,,,train
O=Cc1cccc([N+](=O)[O-])c1,1,,,,,,train
O=[N+]([O-])c1cccc([N+](=O)[O-])c1,1,,,,,,train
CCC(C)c1ccc(O)cc1,1,,,,,,train
COC(=O)c1ccc(O)cc1,1,,,,,,valid
CC1CCC(C(C)C)CC1,1,,,,,,train
CC1=CC=C(C(C)C)CC1,1,,,,,,train
Cc1ccc(C(C)C)cc1,1,,,,,,train
CC(C)c1ccc(N)cc1,1,,,,,,train
Cc1ccc(C(=O)O)cc1,1,,,,,,test
O=C(O)c1ccc(O)cc1,1,,,,,,train
Cc1ccc(N(C)C)cc1,1,,,,,,train
Cc1ccc([N+](=O)[O-])cc1,1,,,,,,train
O=[N+]([O-])c1ccc(Cl)cc1,1,,,,,,train
Nc1ccc([N+](=O)[O-])cc1,1,,,,,,valid
O=[N+]([O-])c1ccc(O)cc1,1,,,,,,train
CN(C)c1ccc(C=O)cc1,1,,,,,,train
O=[N+]([O-])c1ccc(CCl)cc1,1,,,,,,train
COc1ccc([N+](=O)[O-])cc1,1,,,,,,train
O=[N+]([O-])c1ccc([N+](=O)[O-])cc1,1,,,,,,test
CCOc1ccc([N+](=O)[O-])cc1,1,,,,,,train
CCN(CC)CCO,0,,,,,,train
C=CC1CC=CCC1,1,,,,,,train
CCc1ccccc1,1,,,,,,train
C=Cc1ccccc1,1,,,,,,valid
ClCc1ccccc1,1,,,,,,train
N#Cc1ccccc1,1,,,,,,train
OCc1ccccc1,1,,,,,,train
O=Cc1ccccc1,1,,,,,,train
CNc1ccccc1,1,,,,,,test
ON=C1CCCCC1,0,,,,,,train
C=Cc1ccccn1,1,,,,,,train
N#Cc1ccccn1,0,,,,,,train
CCc1ccccn1,0,,,,,,train
CC1(C)OCC(CO)O1,0,,,,,,valid
C1N2CN3CN1CN(C2)C3,0,,,,,,train
Clc1nc(Cl)nc(Nc2ccccc2Cl)n1,1,,,,,,train
Nc1ccc(Cc2ccc(N)c(Cl)c2)cc1Cl,1,,,,,,train
O=C(Nc1ccc(Cl)cc1)Nc1ccc(Cl)c(Cl)c1,1,,,,,,train
CC(C)OC(=O)Nc1cccc(Cl)c1,1,,,,,,test
O=C(Nc1cccc(Cl)c1)OCC#CCCl,1,,,,,,train
CN(C)C(=O)Nc1ccccc1,0,,,,,,train
Nc1ccc(Cc2ccc(N)cc2)cc1,1,,,,,,train
C1CCC(NC2CCCCC2)CC1,1,,,,,,train
c1ccc(Oc2ccccc2)cc1,1,,,,,,valid
N=C(Nc1ccccc1)Nc1ccccc1,1,,,,,,train
S=C(Nc1ccccc1)Nc1ccccc1,1,,,,,,train
CCNc1cccc(C)c1,1,,,,,,train
CCCN(CCC)CCC,1,,,,,,train
OCCN(CCO)CCO,0,,,,,,test
CCCCN(CCO)CCCC,1,,,,,,train
CC(C)(O)CCc1ccccc1,1,,,,,,train
C=CC(=O)OCC(CC)CCCC,1,,,,,,train
c1ccc(COCc2ccccc2)cc1,1,,,,,,train
CCCc1ccccc1,1,,,,,,valid
CCNc1ccccc1,1,,,,,,train
OCCN1CCNCC1,0,,,,,,train
CN(C)Cc1ccccc1,1,,,,,,train
CC(=O)Nc1ccccc1,1,,,,,,train
CCCCc1ccc(N)cc1,1,,,,,,test
CCCCCCCCCc1ccc(O)cc1,1,,,,,,train
CCCCc1ccccc1,1,,,,,,train
O=CC=Cc1ccccc1,1,,,,,,train
CCCCC(CC)CO,1,,,,,,train
O=Cc1ccc(Cl)cc1,1,,,,,,valid
CCc1ccc(C)nc1,1,,,,,,train
CCN(CC)CCCC(C)=O,0,,,,,,train
CCOC(=O)CC,1,,,,,,train
CCOC(=O)CC(=O)OCC,1,,,,,,train
Cc1ccc(O)c(C)c1,1,,,,,,test
CCCCOC(=O)C=CC(=O)OCCCC,1,,,,,,train
CCCCOC(=O)CCCCC(=O)OCCCC,1,,,,,,train
CC(C)=CCCC(C)=CCO,1,,,,,,train
Brc1ccc(Br)cc1,1,,,,,,train
Nc1ccc(Br)cc1,1,,,,,,valid
Oc1ccc(Br)cc1,1,,,,,,train
Cc1ccc(C)cc1,1,,,,,,train
Cc1ccc(Cl)cc1,1,,,,,,train
Cc1ccc(O)cc1,1,,,,,,train
Clc1ccc(Cl)cc1,1,,,,,,test
Nc1ccc(Cl)cc1,1,,,,,,train
Oc1ccc(Cl)cc1,1,,,,,,train
Cc1ccc(N)cc1,0,,,,,,train
Nc1ccc(N)cc1,1,,,,,,train
O=C1C=CC(=O)C=C1,1,,,,,,valid
C=CC(=O)OCC(C)C,1,,,,,,train
OCCCCC(O)CO,0,,,,,,train
C1CC2OC2CC1C1CO1,1,,,,,,train
ClCC1CO1,1,,,,,,train
C=C(C)C(=O)OCC1CO1,1,,,,,,test
C=CCOCC1CO1,1,,,,,,train
BrCCBr,1,,,,,,train
CCCBr,1,,,,,,train
C=CCBr,1,,,,,,train
C=CC=O,1,,,,,,valid
C=CCCl,1,,,,,,train
ClCCCl,0,,,,,,train
OCCCl,1,,,,,,train
CCCN,0,,,,,,train
C=CCN,1,,,,,,test
CCC#N,0,,,,,,train
N#CCCl,1,,,,,,train
NCCN,0,,,,,,train
C=CCO,1,,,,,,train
C#CCO,1,,,,,,valid
O=CCCl,1,,,,,,train
OCCO,0,,,,,,train
O=CC=O,0,,,,,,train
CC=NO,1,,,,,,train
CC(O)CC(C)(C)O,0,,,,,,test
CC(C)(C)CC(C)(C)N,1,,,,,,train
CC(C)(C)SC(C)(C)C,1,,,,,,train
CCOP(=O)(OCC)OP(=O)(OCC)OCC,1,,,,,,train
CCCC(C)=O,0,,,,,,train
C=COC(C)=O,1,,,,,,valid
CC(=O)CC(C)C,0,,,,,,train
CC(C)CC(C)O,0,,,,,,train
CC(C)NC(C)C,0,,,,,,train
CC(C)OC(C)C,0,,,,,,train
O=C1C=CC(=O)O1,0,,,,,,test
Cc1cccc(C)c1,1,,,,,,train
Cc1cccc(O)c1,1,,,,,,train
Nc1cccc(Cl)c1,1,,,,,,train
Oc1cccc(Cl)c1,1,,,,,,train
Oc1cccc(O)c1,1,,,,,,valid
CC1OC(C)OC(C)OC(C)O1,1,,,,,,train
Cc1cc(C)cc(C)c1,1,,,,,,train
Cc1cc(C)cc(O)c1,1,,,,,,train
Cc1cc(C)cc(N)c1,1,,,,,,train
Clc1cc(Cl)cc(Cl)c1,1,,,,,,test
Oc1nc(O)nc(O)n1,1,,,,,,train
BrC1CCCCC1,1,,,,,,train
Brc1ccccc1,1,,,,,,train
CC1CCCCC1,1,,,,,,train
Cc1ccccc1,1,,,,,,valid
Cc1ccncc1,0,,,,,,train
Clc1ccccc1,1,,,,,,train
NC1CCCCC1,1,,,,,,train
OC1CCCCC1,0,,,,,,train
O=C1CCCCC1,0,,,,,,test
Oc1ccccc1,1,,,,,,train
Sc1ccccc1,1,,,,,,train
Cc1cccnc1,0,,,,,,train
CN1CCNCC1,0,,,,,,train
CC1CNCCN1,0,,,,,,valid
CCCCOC(=O)CCC,1,,,,,,train
CCCCC(=O)O,1,,,,,,train
CC(C)OCCO,0,,,,,,train
CCCOC(C)=O,1,,,,,,train
BrCCCBr,1,,,,,,test
CCCCBr,1,,,,,,train
ClCCCBr,1,,,,,,train
NCCCN,1,,,,,,train
N#CCC#N,1,,,,,,train
CCCCS,0,,,,,,valid
COCCN,0,,,,,,train
COCCO,0,,,,,,train
COCOC,0,,,,,,train
CCNCC,0,,,,,,train
c1cc[nH]c1,0,,,,,,test
C1CCOC1,0,,,,,,train
c1ccoc1,1,,,,,,train
c1ccsc1,1,,,,,,train
CC(C)(C)SSC(C)(C)C,1,,,,,,train
CC(=O)CCC(C)C,0,,,,,,valid
O=C(O)C=CC(=O)O,1,,,,,,train
CC(=O)OCC(C)C,1,,,,,,train
CCOC(=O)CCCCCCCCC(=O)OCC,1,,,,,,train
CCCCCC(C)=O,0,,,,,,train
CC=CC=CC(=O)O,1,,,,,,test
CCCCOC(=S)S,1,,,,,,train
CCCCCC,0,,,,,,train
ClCCCCCl,1,,,,,,train
CCCCCN,0,,,,,,train
CCCCC=O,1,,,,,,valid
OCC#CCO,1,,,,,,train
CCNCCO,0,,,,,,train
C=COCCCl,0,,,,,,train
CCOCCO,0,,,,,,train
C1CCCCC1,1,,,,,,test
C1=CCCCC1,1,,,,,,train
c1ccncc1,1,,,,,,train
C1OCOCO1,0,,,,,,train
C1COCCN1,0,,,,,,train
CC(=O)CCC=C(C)C,1,,,,,,valid
CC(O)CNCC(C)O,0,,,,,,train
O=C(O)COCC(=O)O,0,,,,,,train
CCCCCCC(C)=O,1,,,,,,train
CCCCCCC(=O)O,1,,,,,,train
CCOCCOC(C)=O,1,,,,,,test
CCCCCCBr,1,,,,,,train
CCCCCCN,1,,,,,,train
CCCCCCO,0,,,,,,train
O=CCCCC=O,1,,,,,,train
CCCCCCS,1,,,,,,valid
NCCNCCN,0,,,,,,train
OCCNCCO,0,,,,,,train
ClCCOCCCl,0,,,,,,train
OCCOCCO,0,,,,,,train
CCCSCCC,1,,,,,,test
CCCCCCCC,1,,,,,,train
C=CCCCCCC,1,,,,,,train
CCCCCCCN,1,,,,,,train
N#CCCCCC#N,0,,,,,,train
CCCCCCCO,1,,,,,,valid
CCCCOCCO,0,,,,,,train
C1=CCCC=CCC1,1,,,,,,train
CCCCCCCCBr,1,,,,,,train
CCCCCCCCCl,1,,,,,,train
CCCCCCCCN,1,,,,,,test
CCCCCCCCO,1,,,,,,train
CCCCCCCCS,1,,,,,,train
CCOCCOCCO,0,,,,,,train
ClCCOCOCCCl,0,,,,,,train
CCCCNCCCC,1,,,,,,valid
CCCCCCCCC(=O)O,0,,,,,,train
CCCCCCCCCC(C)=O,1,,,,,,train
CCCCCCCCCN,1,,,,,,train
OCCOCCOCCO,0,,,,,,train
CCCCCCCCCCO,1,,,,,,test
CCOCCOCCOCC,0,,,,,,train
CCCCCCCCCCCO,1,,,,,,train
CCOCCOCCOCCO,0,,,,,,train
CCCCCCCCCCCCO,1,,,,,,train
CCCCOCCOCCSC#N,1,,,,,,valid
CCCCCCCCCCCCCO,1,,,,,,train
CCCCC(CC)CN1C(=O)C2C3C=CC(C3)C2C1=O,1,,,,,,train
CNC(=O)Oc1ccccc1OC(C)C,1,,,,,,train
C#CC(C)(C)O,0,,,,,,train
OCC(Cl)(Cl)Cl,0,,,,,,test
O=S1OCC2C(CO1)C1(Cl)C(Cl)=C(Cl)C2(Cl)C1(Cl)Cl,1,,,,,,train
CC1(C)C2CCC1(C)C(OC(=O)CSC#N)C2,1,,,,,,train
OC(c1ccc(Cl)cc1)(c1ccc(Cl)cc1)C(Cl)(Cl)Cl,1,,,,,,train
OCC(CO)(CO)CO,0,,,,,,train
O=P(Oc1ccccc1)(Oc1ccccc1)Oc1ccccc1,1,,,,,,valid
CCOP(=S)(OCC)Oc1ccc(S(C)=O)cc1,1,,,,,,train
O=P(OCCCl)(OCCCl)OCCCl,0,,,,,,train
CNC(=O)ON=CC(C)(C)SC,1,,,,,,train
O=[N+]([O-])c1c(Cl)c(Cl)cc(Cl)c1Cl,1,,,,,,train
O=C1C(Cl)=C(Cl)C(=O)c2ccccc21,1,,,,,,test
CC1(C)C(=O)N(Cl)C(=O)N1Cl,1,,,,,,train
O=C(Oc1ccccc1)c1ccccc1O,1,,,,,,train
CCOC(=O)c1ccccc1O,1,,,,,,train
Cc1c(Cl)cccc1Cl,1,,,,,,train
Clc1c(Cl)c(Cl)c(Cl)c(Cl)c1Cl,1,,,,,,valid
O=C1C(Cl)=C(Cl)C(=O)C(Cl)=C1Cl,1,,,,,,train
Oc1c(Br)cc(Br)cc1Br,1,,,,,,train
CC(=O)c1ccccc1O,0,,,,,,train
CC(C)c1cc([N+](=O)[O-])cc([N+](=O)[O-])c1O,1,,,,,,train
CCOP(=S)(OCC)Oc1ccc(=O)n(-c2ccccc2)n1,1,,,,,,test
Cc1ccc(N)cc1[N+](=O)[O-],1,,,,,,train
Nc1ccc(O)c([N+](=O)[O-])c1,1,,,,,,train
Cc1cc(OC(=O)N(C)C)n(C(C)C)n1,1,,,,,,train
O=C(c1ccccc1)c1ccccc1,1,,,,,,train
c1ccc2cnccc2c1,1,,,,,,valid
Cc1cc(-c2ccc(N)c(C)c2)ccc1N,1,,,,,,train
OCCN(CCO)c1ccccc1,0,,,,,,train
O=S(=O)(O)c1ccc2ccccc2c1,0,,,,,,train
CCN(CC)c1ccc(C=O)cc1,1,,,,,,train
Oc1ccc(Cl)cc1Cc1ccccc1,1,,,,,,test
CC(Oc1ccc(Cl)cc1Cl)C(=O)O,1,,,,,,train
O=C(OCc1ccccc1)c1ccccc1,1,,,,,,train
CCCCCCCCS(=O)C(C)Cc1ccc2c(c1)OCO2,1,,,,,,train
Oc1ccccc1O,1,,,,,,train
Clc1ccc(Cl)c(Cl)c1,1,,,,,,valid
Oc1ccc(Cl)cc1Cl,1,,,,,,train
O=C1NCCN1,0,,,,,,train
CN1CCCC1,1,,,,,,train
Cc1ccc([N+](=O)[O-])cc1[N+](=O)[O-],1,,,,,,train
CCCc1ncc(C[n+]2ccccc2C)c(N)n1,0,,,,,,test
CCOc1cc(C=O)ccc1O,1,,,,,,train
COc1cc(C=O)ccc1O,0,,,,,,train
CCN(CC)CC,1,,,,,,train
C1=CC2C=CC1C2,1,,,,,,train
O=C(O)c1cc(S(=O)(=O)O)cc(S(=O)(=O)O)c1,1,,,,,,valid
Nc1ccc(S(=O)(=O)O)cc1,0,,,,,,train
CN(C)c1ccccc1,1,,,,,,train
O=[N+]([O-])c1cccc(Cl)c1,1,,,,,,train
CCOC(=O)CC(SP(=S)(OC)OC)C(=O)OCC,1,,,,,,train
Nc1ccc([N+](=O)[O-])cc1Cl,1,,,,,,test
CC(C)c1ccc(C=O)cc1,1,,,,,,train
COC(=O)C=C(CC(=O)OC)OP(=O)(OC)OC,1,,,,,,train
COP(=S)(OC)Oc1ccc([N+](=O)[O-])c(C)c1,1,,,,,,train
CCNc1nc(Cl)nc(NCC)n1,1,,,,,,train
c1ccc(Nc2ccccc2)cc1,1,,,,,,valid
CCCCCC(C=O)=Cc1ccccc1,1,,,,,,train
CC(C)OC(=O)Nc1ccccc1,1,,,,,,train
CC(=O)C=Cc1ccccc1,1,,,,,,train
c1ccc(OCC2CO2)cc1,1,,,,,,train
c1ccc(NNc2ccccc2)cc1,1,,,,,,test
OCCOc1ccccc1,0,,,,,,train
CCCCCCCCCCCCCCCC[n+]1ccccc1,1,,,,,,train
CCc1ccc(O)cc1,1,,,,,,train
COc1ccc(C=O)cc1,1,,,,,,train
CCCC(C)C=O,1,,,,,,valid
CCOC(=O)CCC(=O)OCC,0,,,,,,train
Nc1ccc(O)cc1,1,,,,,,train
Oc1ccc(O)cc1,1,,,,,,train
O=c1ccc(=O)[nH][nH]1,1,,,,,,train
C=CCOCC(O)CO,0,,,,,,test
C=CC(=C)CCC=C(C)C,1,,,,,,train
CCC=O,0,,,,,,train
CC(=O)CC(C)(C)O,0,,,,,,train
CC(=O)CC(C)=O,0,,,,,,train
CCCCCC(=O)OCC,1,,,,,,valid
CCCC=O,1,,,,,,train
CCCCOC(C)=O,1,,,,,,train
C1COCCO1,0,,,,,,train
CCCCCCC(C)O,1,,,,,,train
C=CCNCC=C,1,,,,,,test
O=C(O)CCCCC(=O)O,1,,,,,,train
NCCCCCCN,1,,,,,,train
CCCCCCCCCCCCN,1,,,,,,train
CNC,0,,,,,,train
ClC(Br)Br,1,,,,,,valid
CS(=O)(=O)Cl,1,,,,,,train
C[As](C)(=O)O,1,,,,,,train
C=C(C)C1C2OC(=O)C1C1(O)CC3OC34C(=O)OC2C14C.CC(C)(O)C1C2OC(=O)C1C1(O)CC3OC34C(=O)OC2C14C,1,,,,,,train
O=[N+]([O-])C(CO)(CO)CO,0,,,,,,train
CCCC(=O)OC(C(Cl)(Cl)Cl)P(=O)(OC)OC,1,,,,,,test
O=S1(=O)CCCC1,0,,,,,,train
O=P(OCC(Br)CBr)(OCC(Br)CBr)OCC(Br)CBr,1,,,,,,train
CCCCOP(=O)(OCCCC)OCCCC,1,,,,,,train
CC1(C)CC(=O)CC(=O)C1,0,,,,,,train
CC(O)CCl,0,,,,,,valid
ClC(Cl)=C(Cl)Cl,1,,,,,,train
C=CC1(C)C=C2CCC3C(C)(C(=O)O)CCCC3(C)C2CC1,1,,,,,,train
Cc1ccc(S(=O)(=O)NCl)cc1,1,,,,,,train
C#CC(C)(O)c1ccccc1,0,,,,,,train
Cc1ccnc(NS(=O)(=O)c2ccc(N)cc2)n1,1,,,,,,test
ClC(COCC(Cl)C(Cl)(Cl)Cl)C(Cl)(Cl)Cl,1,,,,,,train
CN(C)C(=S)S,1,,,,,,train
Cc1cc(C(C)(C)C)c(O)c(C(C)(C)C)c1,1,,,,,,train
O=C1NS(=O)(=O)c2ccccc21,0,,,,,,train
O=C(O)C1C2CCC(O2)C1C(=O)O,0,,,,,,valid
C=CCOC(=O)c1ccccc1C(=O)OCC=C,1,,,,,,train
COc1ccc(C(=O)c2ccccc2)c(O)c1,1,,,,,,train
c1ccc2c(c1)sc1ccccc12,1,,,,,,train
O=C(O)c1ccccc1C(=O)Nc1cccc2ccccc12,1,,,,,,train
O=C1C2CC=CCC2C(=O)N1SC(Cl)(Cl)Cl,1,,,,,,test
O=C1c2ccccc2C(=O)N1SC(Cl)(Cl)Cl,1,,,,,,train
Nc1ccc(C(=O)Oc2ccccc2)c(O)c1,1,,,,,,train
COC(=O)c1ccccc1N,1,,,,,,train
Oc1cccc2cccnc12,1,,,,,,train
CCN(CC)C(=O)c1cccc(C)c1,1,,,,,,valid
Oc1ccc2ccccc2c1,1,,,,,,train
CCCOC(=O)c1ccc(C(=O)OCCC)nc1,1,,,,,,train
Cc1ccc2[nH]nnc2c1,1,,,,,,train
Oc1cc(O)c(Cl)cc1Cl,1,,,,,,train
CN(C)C(=S)SSC(=S)N(C)C,1,,,,,,test
CNC(=S)S,1,,,,,,train
CCCCOC(=O)C(C)O,1,,,,,,train
C=C(C)C1CC=C(C)CC1,1,,,,,,train
N#CN=C(S)S,0,,,,,,train
O=C(O)CN(CC(=O)O)CC(=O)O,0,,,,,,valid
CC(=O)OCc1ccccc1,1,,,,,,train
NCCN1CCNCC1,0,,,,,,train
NC(=O)Nc1ccc(Cl)cc1,1,,,,,,train
CN(C)C(=O)Nc1ccc(Cl)cc1.O=C(O)C(Cl)(Cl)Cl,1,,,,,,train
CN(C)c1ccc(N=NS(=O)(=O)O)cc1,1,,,,,,test
CC(COc1ccc(C(C)(C)C)cc1)OS(=O)OCCCl,1,,,,,,train
CC(C)(C)CC(C)(C)c1ccc(O)cc1,1,,,,,,train
C=CC(=O)OCC,1,,,,,,train
CCOC(=S)S,1,,,,,,train
CC(C)OC(=S)S,1,,,,,,valid
CCCCOC(=O)CCC(=O)OCCCC,1,,,,,,train
CCOC(=O)C=CC(=O)OCC,1,,,,,,train
CCOC(=O)CCCCC(=O)OCC,1,,,,,,train
C=CC(=O)OCCCC,1,,,,,,train
NCCO,0,,,,,,test
O=CO,0,,,,,,train
COP(=O)(OC)OC(C)=CC(=O)N(C)C,1,,,,,,train
CCOC(C)=O,0,,,,,,train
CCc1cccc(CC)c1,1,,,,,,train
CCNC(=S)OC(C)C,1,,,,,,valid
S=C(S)NCCNC(=S)S,1,,,,,,train
CCCCCC(=O)O,1,,,,,,train
CCCCCCOC(C)=O,1,,,,,,train
CCCCOCCCC,1,,,,,,train
CCCCCCCCCCCC(=O)O,1,,,,,,test
CCCCCCCCCO,1,,,,,,train
CCCCCCNCCCCCC,1,,,,,,train
O=C1C2(Cl)C3(Cl)C4(Cl)C(Cl)(Cl)C5(Cl)C3(Cl)C1(Cl)C5(Cl)C24Cl,1,,,,,,train
C[As](=O)(O)O,0,,,,,,train
O=C(O)C(=O)O,0,,,,,,valid
CCN(CC)C(=S)S,1,,,,,,train
COc1cccc(C=O)c1O,1,,,,,,train
c1ccc2[nH]c(-c3cscn3)nc2c1,1,,,,,,train
Sc1nc2ccccc2s1,1,,,,,,train
CCC(O)C(C)CO,0,,,,,,test
COc1cccc(O)c1,1,,,,,,train
O=C(O)CN(CCO)CCN(CC(=O)O)CC(=O)O,0,,,,,,train
CN(C)C(=O)Nc1ccc(Cl)cc1,1,,,,,,train
CNc1ccc(O)cc1,1,,,,,,train
COc1ccc(O)cc1,1,,,,,,valid
COc1ccc(OC)cc1,0,,,,,,train
CCCCCCCCCCCCOS(=O)(=O)O,1,,,,,,train
CN(C)P(=O)(OP(=O)(N(C)C)N(C)C)N(C)C,0,,,,,,train
ClC=CCl,0,,,,,,train
c1ccc2c(c1)ccc1oc3ccccc3c12,1,,,,,,test
c1ccc2cnncc2c1,1,,,,,,train
c1ccc2nc3ccccc3cc2c1,1,,,,,,train
c1ccc2occc2c1,1,,,,,,train
c1ccc2cccc-2cc1,1,,,,,,train
C1CN2CCN1CC2,0,,,,,,valid
C1C2CC3CC1CC(C2)C3,1,,,,,,train
c1cn[nH]c1,0,,,,,,train
c1nc[nH]n1,0,,,,,,train
ClC1=C(Cl)C2(Cl)C3C(Cl)OC(Cl)C3C1(Cl)C2(Cl)Cl,1,,,,,,train
COP(=S)(OC)Oc1ccc([N+](=O)[O-])cc1,1,,,,,,test
CCOP(=S)(OCC)SCSCC,1,,,,,,train
CCOP(=S)(OCC)SCCSCC,1,,,,,,train
CCCCC(CC)COP(=O)(O)OCC(CC)CCCC,1,,,,,,train
O=CC(=O)O,1,,,,,,train
COP(=S)(OC)Oc1cc(Cl)c(Cl)cc1Cl,1,,,,,,valid
CNP(=O)(OC)Oc1ccc(C(C)(C)C)cc1Cl,1,,,,,,train
COP(=O)(OC)OC(Br)C(Cl)(Cl)Br,1,,,,,,train
CCS(=O)CCSP(=O)(OC)OC,1,,,,,,train
O=P(O)(O)OCC(Cl)(Cl)Cl,1,,,,,,train
ClC1=C(Cl)C2(Cl)C3C4C=CC(C4)C3C1(Cl)C2(Cl)Cl,1,,,,,,test
C=CCC1(C(C)CCC)C(=O)N=C(O)NC1=O,1,,,,,,train
CCOP(=O)(OCC)Oc1ccc([N+](=O)[O-])cc1,1,,,,,,train
CCC(C)n1c(=O)[nH]c(C)c(Br)c1=O,0,,,,,,train
CNC(=O)Oc1cc(C)c(N(C)C)c(C)c1,1,,,,,,train
CCOP(=S)(CC)Oc1cc(Cl)c(Cl)cc1Cl,1,,,,,,valid
O=[N+]([O-])c1ccc([N+](=O)[O-])c(O)c1,1,,,,,,train
CN(C)C(=O)Nc1ccc(Cl)c(Cl)c1,1,,,,,,train
CON(C)C(=O)Nc1ccc(Cl)c(Cl)c1,1,,,,,,train
Fc1ccc(Oc2ccc(F)cc2)cc1,1,,,,,,train
CCOP(=S)(OCC)Oc1cc(C)nc(C(C)C)n1,1,,,,,,test
Fc1ccc(Br)cc1F,1,,,,,,train
O=[N+]([O-])c1ccc(F)c(Cl)c1,1,,,,,,train
O=[N+]([O-])c1ccc(F)cc1,1,,,,,,train
C=C(C)C(=O)OCC(F)(F)F,1,,,,,,train
COc1cc2c(cc1OC)C13CCN4CC5=CCOC6CC(=O)N2C1C6C5CC43,1,,,,,,valid
N#Cc1cccc(C(F)(F)F)c1,1,,,,,,train
Nc1ccc(F)cc1,1,,,,,,train
O=C(O)c1c(F)cccc1F,1,,,,,,train
O=Cc1c(F)cccc1Cl,1,,,,,,train
OCCCCCCCCF,1,,,,,,test
N#CN,1,,,,,,train
O=Cc1ccccc1F,1,,,,,,train
N#Cc1ccccc1C(F)(F)F,1,,,,,,train
O=Cc1cccc(C(F)(F)F)c1,1,,,,,,train
CNc1ccc(F)cc1,1,,,,,,valid
N#CS,1,,,,,,train
CC1(C)C2CCC1(C)C(O)C2,1,,,,,,train
CC12CCC(CC1)C(C)(C)O2,1,,,,,,train
CCOP(=O)(OCC)OC(=CCl)c1ccc(Cl)cc1Cl,1,,,,,,train
Nc1cccc2cccc(N)c12,1,,,,,,test
O=C1C=CC(=O)c2c(O)cccc21,1,,,,,,train
CCC(C)c1cc([N+](=O)[O-])cc([N+](=O)[O-])c1OC(=O)C=C(C)C,1,,,,,,train
CN1CCc2cc3c(cc2C1C1OC(=O)c2c1ccc1c2OCO1)OCO3,1,,,,,,train
CN(C)c1ccc(N=Nc2ccccc2C(=O)O)cc1,1,,,,,,train
c1ccc2c(c1)CCC2,1,,,,,,valid
c1ccc2c(c1)CCO2,1,,,,,,train
OC1CC2CCC1C2,0,,,,,,train
C1=CC2CCC1C2,1,,,,,,train
O=C(O)c1cccc(C(=O)O)n1,0,,,,,,train
O=Cc1cccnc1,1,,,,,,test
COP(=S)(OC)Oc1ccc([N+](=O)[O-])c(Cl)c1,1,,,,,,train
CCCCC(=O)CCCC,1,,,,,,train
CC(C)=CC(=O)C=C(C)C,1,,,,,,train
Nc1ccncc1,1,,,,,,train
OCCCO,0,,,,,,valid
N#CBr,1,,,,,,train
CC(=O)Br,1,,,,,,train
CCOC(=O)C(O)(c1ccc(Cl)cc1)c1ccc(Cl)cc1,1,,,,,,train
COP(=O)(OC)OC,0,,,,,,train
CCCOP(=O)(OCCC)OCCC,0,,,,,,test
C=C(C)C(=C)C,1,,,,,,train
CC(C)C1=CC2=CCC3C(C)(C(=O)O)CCCC3(C)C2CC1,1,,,,,,train
CCOC(=O)C(Cl)(Cl)Cl,1,,,,,,train
CC1=C2C(=COC(C)C2C)C(O)=C(C(=O)O)C1=O,1,,,,,,train
O=c1cc(-c2ccccc2)oc2ccccc12,1,,,,,,valid
Cc1cc(C)c(O)c(C)c1,1,,,,,,train
O=[N+]([O-])c1ccccc1[N+](=O)[O-],1,,,,,,train
Cc1ccccc1C#N,1,,,,,,train
Cc1ccccc1C=O,1,,,,,,train
CCCCOC(=O)C1=CC(=O)CC(C)(C)O1,1,,,,,,test
CN1CSC(=S)N(C)C1,1,,,,,,train
Cc1cc([N+](=O)[O-])cc([N+](=O)[O-])c1O,1,,,,,,train
CCCCCc1ccccc1,1,,,,,,train
CC(=O)OC(C)(C)C,0,,,,,,train
Clc1cccc(Cl)c1,1,,,,,,valid
CCC(=O)CC(C)CC,1,,,,,,train
ClC=CCCl,1,,,,,,train
CC(C)CCOCCC(C)C,1,,,,,,train
C1=CC=CCC=C1,1,,,,,,train
CCCCSCCCC,1,,,,,,test
N#CC(Cl)(Cl)Cl,1,,,,,,train
O=P(N1CC1)(N1CC1)N1CC1,1,,,,,,train
COc1ccc(C(C)=O)c(O)c1,1,,,,,,train
O=Cc1ccccc1[N+](=O)[O-],1,,,,,,train
Nc1ccc(Cl)cc1Cl,1,,,,,,valid
COc1cccc([N+](=O)[O-])c1,1,,,,,,train
O=Cc1ccc([N+](=O)[O-])cc1,1,,,,,,train
CN=C=S,1,,,,,,train
CC(C)=CCO,1,,,,,,train
CCOP(=S)(OCC)SCSP(=S)(OCC)OCC,1,,,,,,test
C=C(C)CCl,1,,,,,,train
CC(=O)C(C)C,0,,,,,,train
CN(C)c1ccc(C(=C2C=CC(=[N+](C)C)C=C2)c2ccccc2)cc1,1,,,,,,train
Cc1cccc([N+](=O)[O-])c1N,1,,,,,,train
Cc1ccc2ccccc2c1C,1,,,,,,valid
Cc1cc(C)c2ccccc2c1,1,,,,,,train
Oc1cccc(Cl)c1Cl,1,,,,,,train
Cc1cccc(C)c1O,1,,,,,,train
O=[N+]([O-])c1ccccc1Br,1,,,,,,train
O=c1c(O)c(-c2ccccc2)oc2ccccc12,1,,,,,,test
Cc1ccc([N+](=O)[O-])c(N)c1,1,,,,,,train
Cc1ccc2ccc(C)cc2c1,1,,,,,,train
Brc1ccccc1Br,1,,,,,,train
CC1CCCCC1C,1,,,,,,train
Oc1cc(Cl)ccc1Cl,1,,,,,,valid
C=CCC1=C(C)C(OC(=O)C2C(C=C(C)C)C2(C)C)CC1=O,1,,,,,,train
Cc1ccc(N=C=O)cc1N=C=O,0,,,,,,train
CC1=CCC(=C(C)C)CC1,1,,,,,,train
C=CCNc1ccccc1,1,,,,,,train
CCc1ccc(N)cc1,1,,,,,,test
CC1CCC(C)CC1,1,,,,,,train
CC1(C)CCCCC1,1,,,,,,train
CC(C)CC=O,1,,,,,,train
CC1CCCC(C)C1,1,,,,,,train
Nc1cccc(O)c1,1,,,,,,valid
Oc1cc(Cl)cc(Cl)c1,1,,,,,,train
CCCCC(C)=O,0,,,,,,train
CC=CC=CC,1,,,,,,train
CCCCCCCCCCCC(C)=O,1,,,,,,train
C=CC(C)(O)CCC1C(=C)CCC2C(C)(C)CCCC12C,1,,,,,,test
CCOP(=O)(O)OCC,0,,,,,,train
BrC=C(Br)Br,1,,,,,,train
CC(C)C(C)N,0,,,,,,train
CC(C)(c1ccccc1)c1ccc(O)cc1,1,,,,,,train
CC(C)C(O)C(C)C,0,,,,,,valid
Cc1cccc([N+](=O)[O-])c1[N+](=O)[O-],1,,,,,,train
Cc1c(N)cccc1[N+](=O)[O-],1,,,,,,train
O=[N+]([O-])c1cccc(Cl)c1O,1,,,,,,train
Cc1c([N+](=O)[O-])cccc1[N+](=O)[O-],1,,,,,,train
O=Cc1c([N+](=O)[O-])cc([N+](=O)[O-])cc1[N+](=O)[O-],1,,,,,,test
O=CN(c1ccccc1)c1ccccc1,1,,,,,,train
CCOC(=O)C(Cc1ccccc1)C(=O)OCC,1,,,,,,train
Nc1c(Cl)cccc1Cl,1,,,,,,train
Oc1c(Br)c(Br)c(Br)c(Br)c1Br,1,,,,,,train
Clc1cc(Cl)c(Cl)c(Cl)c1Cl,1,,,,,,valid
Oc1cc(Cl)c(Cl)c(Cl)c1,1,,,,,,train
Oc1c(I)cc(I)cc1I,1,,,,,,train
O=[N+]([O-])c1cc(Cl)cc(Cl)c1O,1,,,,,,train
Cc1ccc([N+](=O)[O-])c([N+](=O)[O-])c1,1,,,,,,train
ClCc1ccccc1Cl,1,,,,,,test
COc1ccc(C=O)c(OC)c1,1,,,,,,train
CC(=O)Nc1ccccc1O,1,,,,,,train
Brc1ccc(Br)c(Br)c1,1,,,,,,train
Cc1ccc(N)c(Cl)c1,1,,,,,,train
Cc1cc(C)c([N+](=O)[O-])cc1[N+](=O)[O-],1,,,,,,valid
Cc1cc(O)c([N+](=O)[O-])cc1[N+](=O)[O-],1,,,,,,train
CCOc1ccc(N)c([N+](=O)[O-])c1,1,,,,,,train
Cc1cc([N+](=O)[O-])cc([N+](=O)[O-])c1,1,,,,,,train
Nc1cc([N+](=O)[O-])cc([N+](=O)[O-])c1,1,,,,,,train
Cc1cc([N+](=O)[O-])ccc1[N+](=O)[O-],1,,,,,,test
N#Cc1cccc([N+](=O)[O-])c1,1,,,,,,train
COC(=O)c1ccc([N+](=O)[O-])cc1,1,,,,,,train
N#Cc1ccc([N+](=O)[O-])cc1,1,,,,,,train
NC(=O)c1ccc([N+](=O)[O-])cc1,0,,,,,,train
O=[N+]([O-])c1ccc(Oc2ccccc2)cc1,1,,,,,,valid
Oc1ccc(Cc2ccc(O)cc2)cc1,1,,,,,,train
Cc1ccc(Nc2ccc(C)cc2)cc1,1,,,,,,train
O=S(Cc1ccccc1)Cc1ccccc1,1,,,,,,train
CC(=O)Nc1cccc(O)c1,0,,,,,,train
OCCN1CCOCC1,0,,,,,,test
CC(=O)C=Cc1ccco1,1,,,,,,train
ClCc1ccc(CCl)cc1,1,,,,,,train
CSSC,1,,,,,,train
Cc1ccc(C)o1,1,,,,,,train
OCCCCl,0,,,,,,valid
CCCCCOC(C)=O,1,,,,,,train
ClCCCCCCl,1,,,,,,train
CCCCCCCBr,1,,,,,,train
CCCSSCCC,1,,,,,,train
N#CCCCCCCC#N,0,,,,,,test
ClCC(Cl)(Cl)Cl,1,,,,,,train
O=C(O)C(Br)Br,1,,,,,,train
CN(C)C(=O)N(C)C,0,,,,,,train
O=S(=O)(O)c1ccc(N=Nc2c(O)ccc3ccccc23)cc1,0,,,,,,train
Clc1ccc(Cl)c(Cl)c1Cl,1,,,,,,valid
Nc1ccc(Cl)c(Cl)c1Cl,1,,,,,,train
Clc1cc(Cl)c(Cl)c(Cl)c1,1,,,,,,train
Nc1c(Cl)cc(Cl)cc1Cl,1,,,,,,train
O=Cc1cc(Cl)ccc1O,1,,,,,,train
Nc1cc(Cl)c(Cl)cc1Cl,1,,,,,,test
CCOC(=O)C(C)(C)Oc1ccc(Cl)cc1,1,,,,,,train
CCSCCSP(=S)(OC)OC,1,,,,,,train
O=Cc1ccccc1C=O,1,,,,,,train
CCCc1ccc(O)cc1,1,,,,,,train
C1COCO1,0,,,,,,valid
Cc1ccc2ccccc2n1,1,,,,,,train
C=C1CC(=O)O1,1,,,,,,train
CN(C)P(=O)(N(C)C)N(C)C,0,,,,,,train
CCCCCCCCCCCC[N+](C)(C)CC(=O)O,1,,,,,,train
NC(=O)C(Cl)Cl,0,,,,,,test
CCN(CC)C(C)=O,0,,,,,,train
C=C(C)C(=O)OCC(CC)CCCC,1,,,,,,train
CCCCCCC(C)N,1,,,,,,train
O=[N+]([O-])OCCOCCO[N+](=O)[O-],0,,,,,,train
CCCCCCCCC(C)=O,1,,,,,,valid
CCCCCOCCCCC,1,,,,,,train
Cc1cocn1,0,,,,,,train
Cc1ncc[nH]1,0,,,,,,train
Cc1ccc([N+](=O)[O-])c(O)c1,1,,,,,,train
O=C1C2CC3CC(C2)CC1C3,1,,,,,,test
CCCCCCC1CCC(=O)O1,1,,,,,,train
COc1cc(O)c(C=O)c(OC)c1,1,,,,,,train
CCC(=O)Nc1ccc(Cl)c(Cl)c1,1,,,,,,train
Cc1ccc(N(SC(F)(Cl)Cl)S(=O)(=O)N(C)C)cc1,1,,,,,,train
COP(=S)(OC)SCN1C(=O)c2ccccc2C1=O,1,,,,,,valid
CC(C)(C)c1cc(C(C)(C)C)c(O)c(C(C)(C)C)c1,1,,,,,,train
CC(C)OP(=S)(OC(C)C)SCCNS(=O)(=O)c1ccccc1,1,,,,,,train
COP(=S)(S)OC,1,,,,,,train
CCCN(CCC)C(=O)SCC,1,,,,,,train
C=CC(Cl)CCl,1,,,,,,test
CCCCN(C=O)CCCC,1,,,,,,train
CC#CCO,1,,,,,,train
CC(C)=CC=C(C)C,1,,,,,,train
N#Cc1ccc(O)cc1,1,,,,,,train
NC12CC3CC(CC(C3)C1)C2,1,,,,,,valid
Cc1cc(C)c(C#N)c(O)n1,0,,,,,,train
CCO[Si](OCC)(OCC)c1ccccc1,1,,,,,,train
Clc1ccccc1NNc1ccccc1Cl,1,,,,,,train
CCOP(=S)(OCC)SCSc1ccc(Cl)cc1,1,,,,,,train
O=P(c1ccccc1)(c1ccccc1)c1ccccc1,1,,,,,,test
CC(C)CC(C)Nc1ccc(Nc2ccccc2)cc1,1,,,,,,train
C=CC1CN2CCC1CC2C(O)c1ccnc2ccc(OC)cc12,1,,,,,,train
COP(=O)(O)OC,1,,,,,,train
C=CC(=O)OCCO,1,,,,,,train
C#CC(O)CCCCC,1,,,,,,valid
CCCCCCCC(C)=O,1,,,,,,train
ClC1CCCCC1Cl,1,,,,,,train
Cc1c[nH]c(-c2ccccc2)n1,1,,,,,,train
CC(=O)OC1CC(C)OC(C)O1,1,,,,,,train
Oc1ccc(Oc2ccccc2)cc1,1,,,,,,test
CCNc1nc(NC(C)C)nc(SC)n1,1,,,,,,train
COCCCNc1nc(NC(C)C)nc(SC)n1,1,,,,,,train
C=C(C)C(=O)OCCO,0,,,,,,train
CO[PH](=O)OC,0,,,,,,train
Brc1ccsc1,1,,,,,,valid
CN1CCCC1=O,0,,,,,,train
O=Cc1ccc(Cl)cc1Cl,1,,,,,,train
Cc1ccc2nc(C)ccc2c1,1,,,,,,train
c1ccc(SSc2ccccc2)cc1,1,,,,,,train
CCNc1nc(NC(C)(C)C)nc(SC)n1,1,,,,,,test
CCOC(=O)c1cccc(N)c1,1,,,,,,train
CC(C)(c1ccc(OCCO)cc1)c1ccc(OCCO)cc1,1,,,,,,train
C=CCC(O)C=C,1,,,,,,train
C#CCCO,1,,,,,,train
CCC=CCCO,0,,,,,,valid
CC(=O)c1cccn1C,0,,,,,,train
Oc1c(Cl)ccc(Cl)c1Cl,1,,,,,,train
Oc1cc(Cl)cc(Cl)c1Cl,1,,,,,,train
Oc1c(Cl)c(Cl)cc(Cl)c1Cl,1,,,,,,train
O=C(CCl)c1ccc(Cl)cc1,1,,,,,,test
c1ccc(-c2ccncc2)cc1,1,,,,,,train
CCOP(=S)(CC)Sc1ccccc1,1,,,,,,train
O=S(c1ccccc1)c1ccccc1,1,,,,,,train
O=C1CCCCCCCCCCCN1,1,,,,,,train
COc1nn(CSP(=S)(OC)OC)c(=O)s1,1,,,,,,valid
CNC(=O)ON=C1C(Cl)C2CC(C#N)C1C2,1,,,,,,train
COP(=S)(OC)SCSc1ccc(Cl)cc1,1,,,,,,train
c1ccc(-c2ccc(-c3ccccc3)o2)cc1,1,,,,,,train
CN(C)C(=O)C(c1ccccc1)c1ccccc1,1,,,,,,train
COP(=O)(OC)OC(=CCl)c1cc(Cl)c(Cl)cc1Cl,1,,,,,,test
CCC(C)c1cc([N+](=O)[O-])cc([N+](=O)[O-])c1OC(=O)OC(C)C,1,,,,,,train
C=CC(=O)OCC(C)O,1,,,,,,train
C[N+](C)(C)CCCl,1,,,,,,train
CNc1nc(NC(C)C)nc(SC)n1,1,,,,,,train
CCNc1nc(NCC)nc(SC)n1,1,,,,,,valid
ClC1=C(Cl)C2(Cl)C3C4OC4C(Cl)C3C1(Cl)C2(Cl)Cl,1,,,,,,train
O=S1(=O)OCC2C(CO1)C1(Cl)C(Cl)=C(Cl)C2(Cl)C1(Cl)Cl,1,,,,,,train
O=C(O)CNCP(=O)(O)O,1,,,,,,train
Nc1ccc(Br)cn1,0,,,,,,train
CCOP(=O)(Cc1ccccc1)OCC,0,,,,,,test
Oc1ccc2ccccc2c1Cc1c(O)ccc2ccccc12,1,,,,,,train
COP(=O)(S)OC,1,,,,,,train
CNC(=O)CSP(=O)(OC)OC,1,,,,,,train
CCCCN(CC)C(=O)SCCC,1,,,,,,train
CC(=O)c1ccncc1,0,,,,,,valid
COC(=O)c1ccc(Cl)cc1,1,,,,,,train
CCCCOc1ccccc1,1,,,,,,train
COC(=O)c1ccc(C#N)cc1,1,,,,,,train
CN=C(O)Oc1cccc(C)c1,1,,,,,,train
CCSC(=O)N(CC)C1CCCCC1,1,,,,,,test
O=[N+]([O-])c1ccc(Cc2ccccn2)c([N+](=O)[O-])c1,1,,,,,,train
COc1cc2c(c3oc(=O)c4c(c13)CCC4=O)C1C=COC1O2,1,,,,,,train
O=c1ssc(Cl)c1Cl,1,,,,,,train
N#Cc1c(Cl)cccc1Cl,1,,,,,,train
Oc1c(O)c(Cl)c(Cl)c(Cl)c1Cl,1,,,,,,valid
COc1ccc(OC)c(C(=O)CBr)c1,1,,,,,,train
c1ccc(CNc2[nH]cnc3ncnc2-3)cc1,1,,,,,,train
CC1COCc2cc3c(cc21)C(C)(C)C(C)C3(C)C,1,,,,,,train
CC(Cl)Cl.ClCCCl,0,,,,,,train
O=[N+]([O-])OCCN(CCO[N+](=O)[O-])CCO[N+](=O)[O-],0,,,,,,test
Cc1ccc(O)cc1.Cc1cccc(O)c1.Cc1ccccc1O,1,,,,,,train
CCCCOC(C)COC(=O)COc1ccc(Cl)cc1Cl.CCCCOCC(C)OC(=O)COc1ccc(Cl)cc1Cl,1,,,,,,train
Cc1ccc2ccccc2c1.Cc1cccc2ccccc12,1,,,,,,train
Cc1ccc(C)cc1.Cc1cccc(C)c1.Cc1ccccc1C,1,,,,,,train
CCCCCCCCCCCCc1ccccc1S(=O)(=O)O,1,,,,,,valid
Cc1ccccc1OP(=O)(Oc1ccccc1C)Oc1ccccc1C,1,,,,,,train
O=C(O)c1ccc2ccccc2c1,1,,,,,,train
CCCCC1C(=O)OC(C)C(NC(=O)c2cccc(NC=O)c2)C(=O)OC(C)C1OC(=O)C(C)CC.CCCCC1C(=O)OC(C)C(NC(=O)c2cccc(NC=O)c2)C(=O)OC(C)C1OC(=O)CC(C)C.CCCCCCC1C(=O)OC(C)C(NC(=O)c2cccc(NC=O)c2)C(=O)OC(C)C1OC(=O)C(C)CC.CCCCCCC1C(=O)OC(C)C(NC(=O)c2cccc(NC=O)c2)C(=O)OC(C)C1OC(=O)CC(C)C,1,,,,,,train
NCC1OC(OC2C(CO)OC(OC3C(O)C(N)CC(N)C3OC3OC(CN)C(O)C(O)C3N)C2O)C(N)C(O)C1O.NCC1OC(OC2C(CO)OC(OC3C(O)C(N)CC(N)C3OC3OC(CN)C(O)C(O)C3N)C2O)C(N)C(O)C1O.NCC1OC(OC2C(N)CC(N)C(O)C2O)C(N)C(O)C1O,1,,,,,,train
NCCO.O=C(Nc1ccc([N+](=O)[O-])cc1Cl)c1cc(Cl)ccc1O,1,,,,,,test
c1ccc(C(c2ccccc2)(c2ccccc2)N2CCOCC2)cc1,1,,,,,,train
CCCOC(=O)Cc1ccc(OCC(=O)N(CC)CC)c(OC)c1,1,,,,,,train
CC(C)OP(C)(=O)OC(C)C,0,,,,,,train
C=CCOCC(CO)(COCC=C)COCC=C,1,,,,,,train
NCc1cccc(CN)c1,1,,,,,,valid
C#CC(C)(O)C(C)C,0,,,,,,train
C=Cn1c2ccccc2c2ccccc21,1,,,,,,train
Nc1cccc(OCc2ccccc2)c1,1,,,,,,train
CNC(=O)Oc1cccc2c1OC(C)(C)C2,1,,,,,,train
Cc1cc(Cl)ccc1O,1,,,,,,test
Cc1cc(Cl)cc(Cl)c1O,1,,,,,,train
Cc1c(O)ccc(Cl)c1C,1,,,,,,train
CCCN(CCC)c1c([N+](=O)[O-])cc(C(F)(F)F)cc1[N+](=O)[O-],1,,,,,,train
CN(C)NC(=O)CCC(=O)O,0,,,,,,train
COc1nc(NC(C)C)nc(NC(C)C)n1,1,,,,,,valid
C=CC=CC#N,1,,,,,,train
COC(C)(C)C,0,,,,,,train
CCOC(=O)CC(SP(=O)(OC)OC)C(=O)OCC,1,,,,,,train
CCCCCCCCCCCC[N+](C)(C)[O-],1,,,,,,train
CNC(=O)ON=CC(C)(C)S(C)(=O)=O,1,,,,,,test
C=CCCCCCCC=C,1,,,,,,train
N#CCCOCCC#N,0,,,,,,train
C=CC(=O)OC(C)(C)C,1,,,,,,train
CCC1CCCCC1,1,,,,,,train
C=CC1(C)C=C2CCC3C(C)(CO)CCCC3(C)C2CC1,1,,,,,,valid
Oc1ccc(N=Nc2ccccc2)cc1,1,,,,,,train
N#Cc1cc(I)c(O)c(I)c1,1,,,,,,train
N#Cc1cc(Br)c(O)c(Br)c1,1,,,,,,train
CCCCCCCC(=O)Oc1c(Br)cc(C#N)cc1Br,1,,,,,,train
CNC1C(O)C(NC)C2OC3(O)C(=O)CC(C)OC3OC2C1O,0,,,,,,test
O=C(O)c1nc(Cl)ccc1Cl,0,,,,,,train
CC(C)c1ccc2c(c1)CCC1C(C)(C(=O)O)CCCC21C,1,,,,,,train
C=CCc1ccccc1O,1,,,,,,train
CON(C)C(=O)Nc1ccc(Cl)cc1,1,,,,,,train
CCOP(=S)(OCC)OC(=CCl)c1cc(Cl)ccc1Cl,1,,,,,,valid
O=Cc1cc(Br)ccc1O,1,,,,,,train
COC(=O)C1C(C(=O)OC)C2(Cl)C(Cl)=C(Cl)C1(Cl)C2(Cl)Cl,1,,,,,,train
CCCCCCCCc1ccc(O)cc1,1,,,,,,train
COc1c(Cl)c(Cl)c(Cl)c(Cl)c1Cl,1,,,,,,train
O=[N+]([O-])c1ccc(Oc2ccc(Cl)cc2Cl)cc1,1,,,,,,test
O=[N+]([O-])c1ccc(Oc2c(Cl)cc(Cl)cc2Cl)cc1,1,,,,,,train
CC(O)C(=O)O.CCOc1ccc2nc3cc(N)ccc3c(N)c2c1,1,,,,,,train
CCCCN(CC)c1c([N+](=O)[O-])cc(C(F)(F)F)cc1[N+](=O)[O-],1,,,,,,train
C=C(CCl)CCl,1,,,,,,train
Cc1cc(C)c(O)c(C(C)(C)C)c1,1,,,,,,valid
N#Cc1cc(Cl)c(O)c(Cl)c1,1,,,,,,train
N#Cc1c(Cl)c(Cl)c(Cl)c(C#N)c1Cl,1,,,,,,train
C[n+]1ccc(-c2cc[n+](C)cc2)cc1,1,,,,,,train
CCNc1nc(Cl)nc(NC(C)C)n1,1,,,,,,train
COc1c(Cl)ccc(Cl)c1C(=O)O,0,,,,,,test
Nc1c(Cl)c(Cl)nc(C(=O)O)c1Cl,1,,,,,,train
CC(C)N(C(=O)CCl)c1ccccc1,1,,,,,,train
COC(=O)Nc1ccc(Cl)c(Cl)c1,1,,,,,,train
CCCCOCCOC(=O)COc1ccc(Cl)cc1Cl,1,,,,,,train
CCCSC(=O)N(CCC)CCC,1,,,,,,valid
Clc1cccc(C(Cl)(Cl)Cl)n1,1,,,,,,train
CC(C)(C)c1cc(O)ccc1O,1,,,,,,train
N#Cc1c(Cl)c(Cl)c(Cl)c(Cl)c1C#N,1,,,,,,train
CCCCOC(=O)c1ccc(C(=O)OCCCC)cc1,1,,,,,,train
Oc1ccc(Oc2ccc(O)cc2)cc1,1,,,,,,test
NC(=O)COc1ccc(Cl)cc1Cl,1,,,,,,train
CN(C)C(=O)Nc1ccc(Oc2ccc(Cl)cc2)cc1,1,,,,,,train
CC1CCCCC1NC(=O)Nc1ccccc1,1,,,,,,train
CNC.O=C(O)COc1ccc(Cl)cc1Cl,0,,,,,,train
CCSC(=O)N(CC(C)C)CC(C)C,1,,,,,,valid
CCN(CC)CC.O=C(O)COc1cc(Cl)c(Cl)cc1Cl,1,,,,,,train
NC(=O)c1c(Cl)cccc1Cl,0,,,,,,train
CCCCCCCCCCN,1,,,,,,train
C#CC(C)O,1,,,,,,train
CNC(=O)Oc1ccc(N(C)C)c(C)c1,1,,,,,,test
CNC(=O)Oc1cc(C)c(SC)c(C)c1,1,,,,,,train
Brc1nc(Br)c(Br)[nH]1,1,,,,,,train
CNC.Cc1cc(Cl)ccc1OCC(=O)O,0,,,,,,train
O=P(O)(CO)CO,1,,,,,,train
CCOP(=S)(Oc1ccc([N+](=O)[O-])cc1)c1ccccc1,1,,,,,,valid
C#CCC(C)O,1,,,,,,train
CCOC(=O)Cc1cccc2ccccc12,1,,,,,,train
Oc1ccc(Cl)cc1O,1,,,,,,train
COC(=O)c1ccc(O)cc1O,1,,,,,,train
CN(C)C(=O)NC1CC2CC1C1CCCC21,1,,,,,,test
CN(C)C(=O)Nc1cccc(C(F)(F)F)c1,1,,,,,,train
Clc1nc(Cl)c(Cl)c(Cl)c1Cl,1,,,,,,train
CCCCCCCCN.O=C(O)COc1ccc(Cl)cc1Cl,1,,,,,,train
CCSC(=O)N1CCCCCC1,1,,,,,,train
CC1CCC(C(C)C)C(O)C1,1,,,,,,valid
CCC(CN1CCOCC1)[N+](=O)[O-],1,,,,,,train
ClC1=C(Cl)C(Cl)(C2(Cl)C(Cl)=C(Cl)C(Cl)=C2Cl)C(Cl)=C1Cl,1,,,,,,train
Cc1ccc(S(=O)(=O)n2ccnc2)cc1,1,,,,,,train
CC(=O)c1ccc(Cl)cc1Cl,1,,,,,,train
O=c1nc(O)n(Cl)c(=O)n1Cl,1,,,,,,test
Cc1cc2cccc(C)c2cc1C,1,,,,,,train
COP(=O)(OC)SC(SP(=O)(OC)OC)c1ccccc1,1,,,,,,train
CCCC(C)c1cccc(OC(=O)NC)c1,1,,,,,,train
CC(C)N(C(=O)SCC(Cl)=C(Cl)Cl)C(C)C,1,,,,,,train
CCOP(=S)(OCC)SCn1c(=O)oc2cc(Cl)ccc21,1,,,,,,valid
C#CCOS(=O)OC1CCCCC1Oc1ccc(C(C)(C)C)cc1,1,,,,,,train
c1ccc(CNc2ncnc3c2ncn3C2CCCCO2)cc1,1,,,,,,train
OC1CCCCC1c1ccccc1,1,,,,,,train
C=C(C)C(=O)OCCOCC,1,,,,,,train
CCCCCCCCCCCCN(CCCN)CCCN,1,,,,,,test
CCCCCCCCCCCCS(=O)(=O)O,0,,,,,,train
CC1(C)CC(O)CC(C)(C)N1,0,,,,,,train
Cc1ccc(O)c(C(C)(C)C)c1,1,,,,,,train
Cc1ccc(C)c(O)c1C,1,,,,,,train
O=C1C2CC=CCC2C(=O)N1SC(Cl)(Cl)C(Cl)Cl,1,,,,,,valid
CNC(=O)Oc1ccc(C)c(C)c1,1,,,,,,train
CC(CCl)[N+](=O)[O-],1,,,,,,train
Cc1cc(C)c2ncccc2c1,1,,,,,,train
CCCCCCCCCCCCNC(=N)N,1,,,,,,train
C=CC(=O)OCCN(C)C,1,,,,,,test
COc1ccccc1C(N)=O,0,,,,,,train
CCCCCCc1ccc(O)cc1,1,,,,,,train
NC(=O)c1ccc(Cl)cc1Cl,1,,,,,,train
C=C(C)C(=O)OCC1CCCO1,1,,,,,,train
COc1cc(Cl)c(Cl)cc1O,1,,,,,,valid
CCCCC(CC)COCC1CO1,1,,,,,,train
COP(=S)(OC)Oc1ccc([N+](=O)[O-])cc1Cl,1,,,,,,train
CN(C)c1ccc(C(=N)c2ccc(N(C)C)cc2)cc1,1,,,,,,train
Oc1ccccc1Cc1ccccc1O,1,,,,,,train
Nc1ccc(Oc2cccc(Oc3ccc(N)cc3)c2)cc1,1,,,,,,test
CO[SiH](OC)OC,0,,,,,,train
O=C(CBr)c1ccc(O)cc1,1,,,,,,train
C=C(C)C(=O)OCc1ccccc1,1,,,,,,train
C=CC(=O)OCCCCCC,1,,,,,,train
Cn1sc2ccccc2c1=O,1,,,,,,valid
COC(=O)C1(O)c2ccccc2-c2ccc(Cl)cc21,1,,,,,,train
COc1c(O)c(Cl)c(Cl)c(Cl)c1Cl,1,,,,,,train
COc1c(O)c(OC)c(Cl)c(Cl)c1Cl,1,,,,,,train
COP(=S)(OC)SCC(=O)N(C)C=O,1,,,,,,train
CCCCOCCOC(=O)COc1cc(Cl)c(Cl)cc1Cl,1,,,,,,test
CCCN(CCC)C(=S)SSC(=S)N(CCC)CCC,1,,,,,,train
O=C(O)COc1ccc(Cl)cc1Cl.OCCN(CCO)CCO,0,,,,,,train
CCOc1nc(C(Cl)(Cl)Cl)ns1,1,,,,,,train
CCOC(=O)N(C)C(=O)CSP(=S)(OCC)OCC,1,,,,,,train
CCOC(=O)C(SP(=S)(OC)OC)c1ccccc1,1,,,,,,valid
CNC(=O)Oc1ccc(C(C)(C)C)cc1,1,,,,,,train
CNC(=O)Oc1ccccc1C(C)C,1,,,,,,train
O=c1[nH]sc2ccccc12,1,,,,,,train
COP(=S)(OC)Oc1ccc(C#N)cc1,1,,,,,,train
CCOP(=S)(OCC)SCn1nnc2ccccc2c1=O,1,,,,,,test
CNC(=O)Oc1cc(C(C)(C)C)cc(C(C)(C)C)c1,1,,,,,,train
COc1cc(Cl)c(OC)cc1Cl,1,,,,,,train
Cn1sccc1=O,1,,,,,,train
N#CC(C#N)=Cc1ccccc1Cl,1,,,,,,train
CCCCCOC(=S)S,1,,,,,,valid
CNC.O=C(O)CCCOc1ccc(Cl)cc1Cl,1,,,,,,train
c1ccc(CN2CCNCC2)cc1,1,,,,,,train
COP(=S)(OC)SCc1ccc(SP(=S)(OC)OC)cc1,1,,,,,,train
CN(C)C(=S)N(C)C,0,,,,,,train
Cc1cc(=O)nc(C(C)C)[nH]1,0,,,,,,test
OCCCc1cccnc1,0,,,,,,train
C=C(C)C(=O)OCCN(C)C,1,,,,,,train
CCCCCCCCCCCCCN,1,,,,,,train
O=c1[nH]c(=O)n(Cl)c(=O)n1Cl,1,,,,,,train
Nc1ccccc1C(=O)c1ccc(Cl)cc1,1,,,,,,valid
CC1(C)CC(=O)CC(C)(C)N1[O],1,,,,,,train
COC(=O)c1cc(Cl)ccc1Cl,1,,,,,,train
CCOP(=S)(OCC)Oc1nc(Cl)c(Cl)cc1Cl,1,,,,,,train
COc1cc(C=O)cc(Br)c1O,1,,,,,,train
CCCCC(CC)C(=O)OOC(C)(C)C,1,,,,,,test
C[N+](C)(C)CC1CO1,0,,,,,,train
C1=CCC2CC=CC2C1,1,,,,,,train
CON(C)C(=O)Nc1ccc(Br)cc1,1,,,,,,train
O=S(=O)(C(Cl)(Cl)Cl)C(Cl)(Cl)Cl,1,,,,,,train
C=CC(=O)OC1CCCCC1,1,,,,,,valid
O=S(c1ccc(Cl)cc1)c1ccc(Cl)cc1,1,,,,,,train
Cc1cc(O)cc(C)c1N,1,,,,,,train
CCCCOC(=O)c1cccc(C(=O)OCCCC)c1,1,,,,,,train
O=C1c2c(O)ccc(O)c2C(=O)c2c(NCCO)ccc(NCCO)c21,1,,,,,,train
CC(=O)Oc1c([N+](=O)[O-])cc([N+](=O)[O-])cc1C(C)(C)C,1,,,,,,test
CCOC(=O)N(C(=O)OCC)C(=O)OCC,1,,,,,,train
O=[N+]([O-])c1cccc(Cl)c1Cl,1,,,,,,train
CCCOP(=S)(OCCC)OP(=S)(OCCC)OCCC,1,,,,,,train
N#CC(Br)Br,1,,,,,,train
Cc1c(O)cccc1Cl,1,,,,,,valid
CSCCC=O,1,,,,,,train
CCCSCSP(=S)(OCC)OCC,1,,,,,,train
COC(=O)NS(=O)(=O)c1ccc(N)cc1,0,,,,,,train
COP(=O)(Oc1ccc([N+](=O)[O-])c(C)c1)SC,1,,,,,,train
N#Cc1sc2c(=O)c3ccccc3c(=O)c=2sc1C#N,1,,,,,,test
Oc1cc(Cl)ccc1Oc1ccc(Cl)cc1Cl,1,,,,,,train
COP(=S)(OC)Oc1ccc(Sc2ccc(OP(=S)(OC)OC)cc2)cc1,1,,,,,,train
ClC1=C(Cl)C2(Cl)C=CC1(Cl)C2(Cl)Cl,1,,,,,,train
Oc1cc(Cl)c(Cl)cc1O,1,,,,,,train
CC(CCO)CC(C)(C)C,1,,,,,,valid
CC1CCCCN1CCCOC(=O)c1ccc(Cl)c(Cl)c1,1,,,,,,train
Nc1c(Cl)c(Cl)cc(Cl)c1Cl,1,,,,,,train
CCCCCCCCSCCO,1,,,,,,train
c1ccc(-c2cccc(-c3ccccc3)n2)cc1,1,,,,,,train
CC(=O)CCc1ccc(OC(C)=O)cc1,1,,,,,,test
CCCCCCCCCCCOC(=O)c1ccccc1C(=O)OCCCCCCCCCCC,1,,,,,,train
CCCCc1ccc2[nH]nnc2c1,1,,,,,,train
CS(=O)(=O)Oc1ccc(Cl)cc1Cl,1,,,,,,train
CCOP(=S)(OCC)OP(=S)(OCC)OCC,1,,,,,,train
O=C1c2ccccc2C(=O)C1C(=O)C(c1ccccc1)c1ccc(Cl)cc1,1,,,,,,valid
O=[N+]([O-])c1cc([N+](=O)[O-])c(Cl)cc1Cl,1,,,,,,train
Clc1cc(Cl)nc(-c2ccccc2)n1,1,,,,,,train
CCC(C)c1ccccc1OC(=O)NC,1,,,,,,train
CC(C)c1ccc2c(c1)CCC1C(C)(CO)CCCC21C,1,,,,,,train
COP1(=S)OCc2ccccc2O1,1,,,,,,test
CCCC(=O)Oc1c(Br)cc(C#N)cc1Br,1,,,,,,train
C#CC(O)(c1ccccc1)c1ccccc1,1,,,,,,train
C=CC1OCCO1,1,,,,,,train
ClC=CC[N+]12CN3CN(CN(C3)C1)C2,1,,,,,,train
CC(=N)NP(=S)(Oc1ccc(Cl)cc1)Oc1ccc(Cl)cc1,1,,,,,,valid
CCCCCCCC#CCO,1,,,,,,train
CCc1cc(C(C)(C)C)c(O)c(C(C)(C)C)c1,1,,,,,,train
CCSc1nc(NC(C)C)nc(NC(C)C)n1,1,,,,,,train
CC=CC=O,1,,,,,,train
CC=Cc1ccc(OC)cc1,1,,,,,,test
Oc1ccc(Cl)cn1,0,,,,,,train
CC(C)SSC(C)C,1,,,,,,train
C=C(C)c1ccc(O)cc1,1,,,,,,train
O=C(Cc1ccc(-c2ccccc2)cc1)OCCF,1,,,,,,train
CCCCn1ccnc1,1,,,,,,valid
CCOc1ccc(C(c2ccc(OCC)cc2)C(Cl)(Cl)Cl)cc1,1,,,,,,train
OCc1ccoc1,0,,,,,,train
CCC1COC(=O)O1,0,,,,,,train
COc1cc(OC)c(OC)cc1C=O,1,,,,,,train
CC(C)=CCCC(C)=CCCC(C)=CCO,1,,,,,,test
C=C(C)C(=O)OC(C)C,1,,,,,,train
O=C(O)c1cccc(Cl)n1,1,,,,,,train
C=CC(O)CCC,1,,,,,,train
CCOP(=S)(OCC)Oc1cc(Cl)c(Br)cc1Cl,1,,,,,,train
CC(C)(CC(=O)O)CC(=O)O,0,,,,,,valid
Oc1cc(Cl)c(Cl)c(Cl)c1Cl,1,,,,,,train
c1cc(CCc2ccncc2)ccn1,0,,,,,,train
Cc1cccc(O)c1[N+](=O)[O-],1,,,,,,train
CCN1C(=O)CC(=O)N(CC)C1=S,0,,,,,,train
CCCCc1c(C)nc(N(C)C)nc1O,1,,,,,,test
CC1=C(C(=O)Nc2ccccc2)SCCO1,1,,,,,,train
CC1=C(C(=O)Nc2ccccc2)S(=O)(=O)CCO1,1,,,,,,train
Cc1cc(N)c([N+](=O)[O-])cc1[N+](=O)[O-],1,,,,,,train
Sc1nc2cc(Cl)ccc2s1,1,,,,,,train
COC(=O)c1ccc(C(=O)OC)c(N)c1,1,,,,,,valid
COC(=O)c1cncn1C(C)c1ccccc1,1,,,,,,train
O=C1c2ccccc2C(=O)N1CCCCBr,1,,,,,,train
O=C1N(CO)C2C(N1CO)N(CO)C(=O)N2CO,1,,,,,,train
CCSCCSCC,1,,,,,,train
CN(C)CCCCl,0,,,,,,test
O=C(CBr)OCc1ccccc1,1,,,,,,train
CCCCCCCCOC(=O)C(C)O,1,,,,,,train
CC(=O)c1ccc(Cl)c([N+](=O)[O-])c1,1,,,,,,train
CCC(C)c1cccc(C(C)CC)c1O,1,,,,,,train
C=C(C)C(=O)O,1,,,,,,valid
CCCCCCCC[N+](C)(C)CCCCCCCC,1,,,,,,train
COP(=S)(OC)Oc1nc(Cl)c(Cl)cc1Cl,1,,,,,,train
COP(=O)(OC)Oc1nc(Cl)c(Cl)cc1Cl,1,,,,,,train
Cc1cc(Cl)nc(N)n1,0,,,,,,train
COc1cccc(OC)c1C,1,,,,,,test
CN(C)c1ccccn1,0,,,,,,train
CCc1ccc(-c2ccccc2)cc1,1,,,,,,train
CC(C)N.O=C(O)COc1ccc(Cl)cc1Cl,0,,,,,,train
CC(C)(C)CN,0,,,,,,train
C=CC1(C)CCC2C(=CCC3C(C)(C(=O)O)CCCC23C)C1,1,,,,,,valid
CCOP(O)(=S)OCC,1,,,,,,train
CCCCCCCCCCCCCCCS(=O)(=O)O,1,,,,,,train
Cc1[nH]c(=O)n(C(C)(C)C)c(=O)c1Cl,1,,,,,,train
CN(C(=O)CF)c1cccc2ccccc12,1,,,,,,train
CCNc1nc(Cl)nc(NC(C)(C)C)n1,1,,,,,,test
N#Cc1cc(Cl)ccc1N,1,,,,,,train
CC(Cl)COP(=O)(OCC(C)Cl)OCC(C)Cl,1,,,,,,train
Cc1cc(Cl)ccc1N=CN(C)C,1,,,,,,train
Cc1ccc(C)c(C(C)c2ccccc2)c1,1,,,,,,train
CCCCCCCCCCC(C)=O,1,,,,,,valid
CN(C)c1ccc(C=CC=O)cc1,1,,,,,,train
O=C(O)C[n+]1ccccc1,0,,,,,,train
O=[N+]([O-])c1c(Cl)cc(Cl)c([N+](=O)[O-])c1Cl,1,,,,,,train
N#CSCSC#N,1,,,,,,train
O=Cc1cc([N+](=O)[O-])ccc1Cl,1,,,,,,test
Cc1cc([N+](=O)[O-])c(N)c([N+](=O)[O-])c1,1,,,,,,train
CC1(C)C(=O)N(CO)C(=O)N1CO,0,,,,,,train
O=C(Nc1cccc(Cl)c1)c1cccc([N+](=O)[O-])c1O,1,,,,,,train
Oc1nc(Cl)c(Cl)cc1Cl,1,,,,,,train
Cc1cccc(Cl)c1C#N,1,,,,,,valid
Oc1cccnc1Br,0,,,,,,train
Cc1cc(N)c(O)cc1C,1,,,,,,train
Oc1cccnc1Cl,0,,,,,,train
CC(O)CN(CC(C)O)CC(C)O.Nc1c(Cl)c(Cl)nc(C(=O)O)c1Cl,1,,,,,,train
CC(C)CC(C)(c1ccc(O)cc1)c1ccc(O)cc1,1,,,,,,test
CC1CC(CC2CCC(N)C(C)C2)CCC1N,1,,,,,,train
C#CCN(CC#C)CC#C,0,,,,,,train
CNC(=O)C=C(C)OP(=O)(OC)OC,1,,,,,,train
CCOC(CN(C)CC(OCC)OCC)OCC,0,,,,,,train
CNC(=O)Oc1ccccc1C1OCCO1,1,,,,,,valid
Clc1ccc(Oc2ccccc2)cc1,1,,,,,,train
Clc1ccc(-c2ccc(Cl)cc2Cl)cc1,1,,,,,,train
O=[N+]([O-])C(Br)=Cc1ccccc1,1,,,,,,train
CCCCCCCCCC[N+](C)(C)CCCCCCCCCC,1,,,,,,train
NCCCN1CCN(CCCN)CC1,0,,,,,,test
C=CC(C)(O)CCC=C(C)CCC=C(C)C,1,,,,,,train
ClCCN1CCCC1,0,,,,,,train
CSc1nc(NC(C)C)nc(NC(C)C)n1,1,,,,,,train
CCCOP(=O)(OCCC)Oc1ccc(SC)cc1,1,,,,,,train
CCCCCCCCCCCN,1,,,,,,valid
S=C(S)SS,1,,,,,,train
CCCCCCCC(=O)NO,1,,,,,,train
C#CC(O)CCCC,1,,,,,,train
C=CC[N+](C)(C)CC=C,1,,,,,,train
CC(C)=CC1C(C(=O)OCN2C(=O)C3=C(CCCC3)C2=O)C1(C)C,1,,,,,,test
COP(=O)(OC)OC(C)=CC(=O)OC(C)c1ccccc1,1,,,,,,train
Cc1ccc(N)cc1Cl,1,,,,,,train
CCC12COCN1COC2,0,,,,,,train
CCN1CN(CC)CN(CC)C1,1,,,,,,train
COC(=O)C=C(C)OP(=O)(OC)OC,1,,,,,,valid
CC1(C(Cl)Cl)C2C(Cl)C(Cl)C1(C(Cl)Cl)C(Cl)C2Cl.ClCC1(C(Cl)Cl)C2C(Cl)C(Cl)C1(C(Cl)Cl)C(Cl)C2Cl.ClCC1(C(Cl)Cl)C2C(Cl)CC1(C(Cl)Cl)C(Cl)C2Cl.ClCC1(C(Cl)Cl)C2CC(Cl)(Cl)C1(C(Cl)Cl)CC2(Cl)Cl.ClCC1(C(Cl)Cl)C2CC(Cl)C1(C(Cl)Cl)CC2(Cl)Cl.ClCC1(CCl)C2C(Cl)C(Cl)C1(C(Cl)Cl)C(Cl)C2Cl,1,,,,,,train
CCC[N+](C)(C)Cc1ccccc1,1,,,,,,train
COC(=O)CC1C2(C)C3=C(C)C(c4ccoc4)CC3OC2C(OC(C)=O)C2C(C)(C(=O)OC)C=CC(=O)C21C,1,,,,,,train
CC(Cl)CCl.CC=C(Cl)Cl,1,,,,,,train
C=CC=CCC1=C(C)C(OC(=O)C2C(C=C(C)C(=O)OC)C2(C)C)CC1=O.C=CC=CCC1=C(C)C(OC(=O)C2C(C=C(C)C)C2(C)C)CC1=O.CC=CCC1=C(C)C(OC(=O)C2C(C=C(C)C(=O)OC)C2(C)C)CC1=O.CC=CCC1=C(C)C(OC(=O)C2C(C=C(C)C)C2(C)C)CC1=O,1,,,,,,test
CN=C1C=CC(=C(c2ccc(N(C)C)cc2)c2ccc(N(C)C)cc2)C=C1,0,,,,,,train
CCSCCOP(=S)(OC)OC.CCSCCSP(=O)(OC)OC,1,,,,,,train
CC(C(c1ccc(Cl)cc1)c1ccc(Cl)cc1)[N+](=O)[O-].CCC(C(c1ccc(Cl)cc1)c1ccc(Cl)cc1)[N+](=O)[O-],1,,,,,,train
CCCCCCCCC=CCCCCCCCC[N+](C)(C)C.CCC[N+](C)(C)C,1,,,,,,train
C[n+]1c2cc(N)ccc2cc2ccc(N)cc21.Nc1ccc2cc3ccc(N)cc3nc2c1,1,,,,,,valid
CCC(CC)c1cccc(OC(=O)NC)c1.CCCC(C)c1cccc(OC(=O)NC)c1,1,,,,,,train
CCOP(=O)(OCC)SCCSCC.CCOP(=S)(OCC)OCCSCC,1,,,,,,train
CN(C)N.NN,1,,,,,,train
CCC1OC(CO)C(COCC2OC(COC3OC(CO)C(O)C(O)C3O)C(OC)C(O)C2O)C(O)C1O,0,,,,,,train
CCCCCCCCCCCCOCCO,1,,,,,,test
CC(C)(C)CC(C)(C)c1ccc(OCCO)cc1,1,,,,,,train
CCCCOC(C)CO,1,,,,,,train
CCCCCCCCCCCC(=O)OCCO,1,,,,,,train
CCCCCCCCCCCC(=O)OCCOCC(OCCO)C1OCC(OCCO)C1OCCO,0,,,,,,train
CCCCCCCCCc1ccc(OCCOCCOCCOCCOCCOCCOS(=O)(=O)O)cc1,1,,,,,,valid
CCCCCCCCCc1ccccc1OCCO,1,,,,,,train
CC(C)(C)CC(C)(C)c1ccc(OCCO)cc1.CC(C)(C)CC(C)(C)c1cccc(OCCO)c1.CC(C)(C)CC(C)(C)c1ccccc1OCCO,1,,,,,,train
CCOc1ccc(C=O)cc1,1,,,,,,train
Cc1c([N+](=O)[O-])ccc(N)c1[N+](=O)[O-],1,,,,,,train
N#CC(Br)(Br)C(N)=O,1,,,,,,test
COP(N)(=O)SC,1,,,,,,train
CC1CCC2CC1C2(C)C,1,,,,,,train
Oc1ccc(Nc2ccnc3cc(Cl)ccc23)cc1CN1CCCC1,1,,,,,,train
CC(C)=CC1C(C(=O)OCc2coc(Cc3ccccc3)c2)C1(C)C,1,,,,,,train
c1cnc2c(c1)CCCC2,1,,,,,,valid
COC(=O)Nc1nc2ccccc2[nH]1,1,,,,,,train
Clc1cc(Cl)c(-c2cc(Cl)c(Cl)c(Cl)c2)cc1Cl.Clc1ccc(-c2cc(Cl)c(Cl)cc2Cl)cc1Cl.Clc1ccc(-c2ccc(Cl)c(Cl)c2)c(Cl)c1,1,,,,,,train
CC=C(C)C(=O)OC1CC(OC(C)=O)C2(C(=O)OC)COC3C2C12COC(O)(C(=O)OC)C2C(C)(C12OC1(C)C1CC2OC2OC=CC21O)C3O,1,,,,,,train
CC1CCCCC1(Cl)C(=O)OC(C)(C)C,1,,,,,,train
CNC(=O)Oc1cc(C)c(C)c(C)c1.CNC(=O)Oc1cc(C)cc(C)c1C.CNC(=O)Oc1cc(C)cc(C)c1C,1,,,,,,test
Clc1ccc(-c2cc(Cl)c(Cl)cc2Cl)cc1Cl.Clc1ccc(-c2ccc(Cl)c(Cl)c2)c(Cl)c1.Clc1ccc(-c2ccc(Cl)cc2)cc1.Clc1ccc(-c2ccc(Cl)cc2Cl)cc1,1,,,,,,train
ClC1=C(Cl)C2(Cl)C3C(Cl)C(Cl)C(Cl)C3C1(Cl)C2(Cl)Cl.ClC1=C(Cl)C2(Cl)C3C(Cl)C(Cl)CC3C1(Cl)C2(Cl)Cl.ClC1=C(Cl)C2(Cl)C3C(Cl)C(Cl)CC3C1(Cl)C2(Cl)Cl.ClC1=C(Cl)C2(Cl)C3C(Cl)C=CC3C1(Cl)C2(Cl)Cl,1,,,,,,train
C=CC(=O)OCCCCCCOC(=O)C=C,1,,,,,,train
CCOP(=S)(Oc1ccc(C#N)cc1)c1ccccc1,1,,,,,,train
CCOP(=S)(OCC)SCSC(C)(C)C,1,,,,,,valid
CS(=O)(=O)c1c(Cl)c(Cl)nc(Cl)c1Cl,1,,,,,,train
CCN(CC)C(=O)C(Cl)=C(C)OP(=O)(OC)OC,1,,,,,,train
O=[N+]([O-])c1ccc(ON=Cc2cc(Br)c(O)c(Br)c2)c([N+](=O)[O-])c1,1,,,,,,train
CCCSP(=O)(OCC)SCCC,1,,,,,,train
BrC(Br)c1ccccc1C(Br)Br,1,,,,,,test
CC(C)C(=O)Nc1ccc([N+](=O)[O-])c(C(F)(F)F)c1,1,,,,,,train
ClC1C2(Cl)C3C4C=CC5C4C1(Cl)C(Cl)(C53)C2(Cl)Cl,1,,,,,,train
CON(C)C(=O)Nc1ccc(Br)c(Cl)c1,1,,,,,,train
ClC1C2(Cl)C3C4C5OC5C5C4C1(Cl)C(Cl)(C53)C2(Cl)Cl,1,,,,,,train
CC=CCCCCC,1,,,,,,valid
O=[N+]([O-])c1ccc(C=Cc2cccc(CO)n2)o1,1,,,,,,train
N#Cc1nccnc1C#N,1,,,,,,train
CCOP(=S)(OCC)Oc1cnc2ccccc2n1,1,,,,,,train
CC(=O)c1ccc(Cl)c(Cl)c1Cl,1,,,,,,train
Oc1cc(Cl)cc(Cl)c1O,1,,,,,,test
O=P(OC(CCl)CCl)(OC(CCl)CCl)OC(CCl)CCl,1,,,,,,train
CCOC(=O)Nc1cccc(OC(=O)Nc2ccccc2)c1,1,,,,,,train
COC(=O)Nc1cccc(OC(=O)Nc2cccc(C)c2)c1,1,,,,,,train
OCc1cccc(Oc2ccccc2)c1,1,,,,,,train
COc1ccc(C(C)=O)c(OC)c1OC,0,,,,,,valid
CCC(C)N,0,,,,,,train
C=CCc1cc(Cl)ccc1O,1,,,,,,train
CCOC(=O)C(Cl)C(=O)OCC,1,,,,,,train
OC(c1ccc(Cl)cc1)(c1ccc(Cl)cc1)C1CC1,1,,,,,,train
N#CSC=CSC#N,1,,,,,,test
O=C(Oc1ccccc1)n1c(C(F)(F)F)nc2cc(Cl)c(Cl)cc21,1,,,,,,train
CCNCc1ccccc1,1,,,,,,train
C[n+]1ccccc1Cl,0,,,,,,train
CCCCCCCCCC(=O)N(C)C,1,,,,,,train
COC(=O)C(Cl)Cc1ccc(Cl)cc1,1,,,,,,valid
O=C(c1ccc(Br)cc1)c1cccnc1,1,,,,,,train
O=C(c1ccccc1)c1ccncc1,0,,,,,,train
CC(C(NCCN)c1ccccc1)[N+](=O)[O-],1,,,,,,train
CCOP(=S)(OCC)ON=C(C#N)c1ccccc1,1,,,,,,train
CCCCCc1ccc(O)cc1,1,,,,,,test
CC1(C)CCC(C)(C)O1,0,,,,,,train
O=[N+]([O-])c1ncccc1O,0,,,,,,train
CN(C)C(CSC(N)=O)CSC(N)=O,1,,,,,,train
CCN(CC)C(=O)C(C)Oc1cccc2ccccc12,1,,,,,,train
O=[N+]([O-])c1ccc(Oc2ccc(C(F)(F)F)cc2[N+](=O)[O-])cc1,1,,,,,,valid
Cc1ccc(NC(=O)N(C)C)cc1Cl,1,,,,,,train
CC(C)(C)CCN,0,,,,,,train
[O-]n1ccccc1=S,1,,,,,,train
Oc1ccc(Cl)c(Cl)c1Cl,1,,,,,,train
CCc1cccc(CC)c1N(COC)C(=O)CCl,1,,,,,,test
COC(=O)C1=CCC(C(C)CC(=O)C=C(C)C)CC1,1,,,,,,train
CC1(C)C(=O)N(Cl)C(=O)N1Br,1,,,,,,train
CCNC(=O)C(C)OC(=O)Nc1ccccc1,0,,,,,,train
CC=C1CC2C=CC1C2,1,,,,,,train
CCCCCCCCc1ccc(N)cc1,1,,,,,,valid
O=P(O)(O)CCCl,0,,,,,,train
CNC(=O)ON=C(C)SC,1,,,,,,train
Oc1cccc(Cl)n1,0,,,,,,train
CCOP(=O)(Sc1ccccc1)Sc1ccccc1,1,,,,,,train
CC(Oc1cc(Cl)c(Cl)cc1Cl)C(=O)O.OCCN(CCO)CCO,1,,,,,,test
Cc1nnc(N)nc1C,0,,,,,,train
CCN(CC)c1ccc(C=O)c(O)c1,1,,,,,,train
CCCCNC(=O)n1c(NC(=O)OC)nc2ccccc21,1,,,,,,train
COC(=O)C1=CCC(C(C)CC(=O)CC(C)C)CC1,1,,,,,,train
C=C1CCC2CC1C2(C)C,1,,,,,,valid
COP(=S)(OC)Oc1cc(Cl)c(I)cc1Cl,1,,,,,,train
Clc1c(Cl)c(Cl)c(-c2ccccc2)c(Cl)c1Cl,1,,,,,,train
Cc1c([N+](=O)[O-])ccc([N+](=O)[O-])c1[N+](=O)[O-],1,,,,,,train
Cc1cccc(Cl)n1,0,,,,,,train
CC(O)CN(CC(C)O)CC(C)O.O=C(O)COc1ccc(Cl)cc1Cl,0,,,,,,test
CCOP(=S)(OCC)Oc1cc(-c2ccccc2)on1,1,,,,,,train
CCCN(CCC)c1c([N+](=O)[O-])cc(S(N)(=O)=O)cc1[N+](=O)[O-],1,,,,,,train
CCCCOCCOC(=O)C(C)Oc1cc(Cl)c(Cl)cc1Cl,1,,,,,,train
Cc1c([N+](=O)[O-])cc(N)cc1[N+](=O)[O-],1,,,,,,train
CCCCOCCOC(=O)COc1ccc(Cl)cc1C,1,,,,,,valid
C#CC(C)(O)CCC(C)C,1,,,,,,train
CC(C)Oc1cc(-n2nc(C(C)(C)C)oc2=O)c(Cl)cc1Cl,1,,,,,,train
CC(C)=CCCC(C)=CCN(CC=C(C)CCC=C(C)C)CCO,1,,,,,,train
Cc1ccc(S(=O)(=O)C(I)I)cc1,1,,,,,,train
CCCCC=CCCCCCCO,1,,,,,,test
Cn1c(=O)on(-c2ccc(Cl)c(Cl)c2)c1=O,1,,,,,,train
Cc1nc(C)c(C)o1,0,,,,,,train
Cc1cc2cccnc2cc1C,1,,,,,,train
O=C(CBr)OCC=CCOC(=O)CBr,1,,,,,,train
CC(=O)C=Cc1cccc(Cl)c1,1,,,,,,valid
O=CNC(Nc1ccc(Cl)c(Cl)c1)C(Cl)(Cl)Cl,1,,,,,,train
CSc1nnc(C(C)(C)C)c(=O)n1N,1,,,,,,train
N#CSCSc1nc2ccccc2s1,1,,,,,,train
COP(=S)(Oc1cc(Cl)c(Br)cc1Cl)c1ccccc1,1,,,,,,train
CCNc1nc(NC(C)(C)C#N)nc(SC)n1,1,,,,,,test
CCNc1nc(Cl)nc(NC(C)(C)C#N)n1,1,,,,,,train
CCOP(=S)(OCC)Oc1cc(Cl)c(SC)cc1Cl,1,,,,,,train
CCCSCCSCCC,1,,,,,,train
CC(=O)C(C)CN(C)C,1,,,,,,train
CCOC(=O)C(C)N(C(=O)c1ccccc1)c1ccc(Cl)c(Cl)c1,1,,,,,,valid
CCOP(=O)(NC(C)C)Oc1ccc(SC)c(C)c1,1,,,,,,train
CC(C)C(=O)O,0,,,,,,train
CC1(C)C(C=C2CCCC2)C1C(=O)OCc1coc(Cc2ccccc2)c1,1,,,,,,train
CC(=O)c1cc2ccccc2s1,1,,,,,,train
NC(=O)c1cccc(Br)c1,1,,,,,,test
CNC(=O)Oc1cccc2c1OC(C)(C)O2,1,,,,,,train
CCNc1nc(NC(C)C(C)C)nc(SC)n1,1,,,,,,train
CC(C)Nc1nc(Cl)nc(NC2CC2)n1,1,,,,,,train
C#CCC1=C(C)C(OC(=O)C2C(C=C(C)C)C2(C)C)CC1=O,1,,,,,,train
CCOC(=O)CC(S)C(=O)OCC,1,,,,,,valid
Cc1nc(N(C)C)nc(OC(=O)N(C)C)c1C,1,,,,,,train
CNC(=O)ON=C(SC)C(=O)N(C)C,1,,,,,,train
CCCCOCN(C(=O)CCl)c1c(CC)cccc1CC,1,,,,,,train
CC(C(O)c1ccc(O)cc1)N1CCC(Cc2ccccc2)CC1,1,,,,,,train
CNC(=O)Oc1cccc(N=CN(C)C)c1,1,,,,,,test
C#CCN(C)c1ccccc1OC(=O)NC,1,,,,,,train
COC(=O)NC(=S)Nc1ccccc1NC(=S)NC(=O)OC,1,,,,,,train
C#CC(C)(C)NC(=O)c1cc(Cl)cc(Cl)c1,1,,,,,,train
CCOP(=S)(OCC)Oc1ncn(-c2ccccc2)n1,1,,,,,,train
CCCOP(=S)(OCCC)SCC(=O)N1CCCCC1C,1,,,,,,valid
C[N+]1(C)CCCCC1,1,,,,,,train
CC(C)c1cccc(C(C)C)c1N,1,,,,,,train
CCOP(=S)(OCC)SCCl,1,,,,,,train
CCCCCCCCCCCCCOCCO,1,,,,,,train
COc1ccc(O)c(C(C)(C)C)c1.COc1ccc(O)cc1C(C)(C)C,1,,,,,,test
CC(C)N1C(=O)c2ccccc2NS1(=O)=O,0,,,,,,train
CCCCCCCCCc1ccc(O)cc1.CCCCCCCCCc1cccc(O)c1.CCCCCCCCCc1ccccc1O,1,,,,,,train
CCCCCCCCCCCCc1ccc(S(=O)(=O)O)cc1,1,,,,,,train
Oc1c(Cl)c(Cl)cc(Cl)c1Cl.Oc1c(Cl)cc(Cl)c(Cl)c1Cl.Oc1cc(Cl)c(Cl)c(Cl)c1Cl,1,,,,,,train
CNC(=O)ON=C(C)SCCC#N,1,,,,,,valid
CC(CO)OC(C)CO.CC(O)COC(C)CO.CC(O)COCC(C)O,0,,,,,,train
CC(C)COC(=S)S,1,,,,,,train
CCOP(=S)(NC(C)C)Oc1ccccc1C(=O)OC(C)C,1,,,,,,train
CC(C)c1ccc(C(C)C)cc1.CC(C)c1cccc(C(C)C)c1.CC(C)c1ccccc1C(C)C,1,,,,,,train
Clc1ccc(Cl)cc1.Clc1cccc(Cl)c1.Clc1ccccc1Cl,1,,,,,,test
C=Cc1ccc(C(C)(C)C)cc1.C=Cc1cccc(C(C)(C)C)c1.C=Cc1ccccc1C(C)(C)C,1,,,,,,train
CC(C)CCCCCCCO,1,,,,,,train
CNC(=O)N(C)c1nnc(C(F)(F)F)s1,1,,,,,,train
CCC(C)c1cccc(OC(=O)N(C)Sc2ccccc2)c1,1,,,,,,train
O=[N+]([O-])c1cc(O)cc([N+](=O)[O-])c1.O=[N+]([O-])c1ccc(O)c([N+](=O)[O-])c1.O=[N+]([O-])c1ccc(O)cc1[N+](=O)[O-].O=[N+]([O-])c1ccc([N+](=O)[O-])c(O)c1.O=[N+]([O-])c1cccc(O)c1[N+](=O)[O-].O=[N+]([O-])c1cccc([N+](=O)[O-])c1O,1,,,,,,valid
CCCOC(=O)NCCCN(C)C,1,,,,,,train
N=C(NN=Cc1ccc(Cl)cc1)NN=Cc1ccc(Cl)cc1,1,,,,,,train
CCOP(=O)(O)C(N)=O,0,,,,,,train
CC(C)=CC1C(C(=O)OCc2cccc(Oc3ccccc3)c2)C1(C)C,1,,,,,,train
CC1C[N+](C)(C)CC1C,1,,,,,,test
CC(C)OP(=O)(OC(C)C)SCc1ccccc1,1,,,,,,train
Cc1ccsc1C=CC1=NCCCN1C,1,,,,,,train
Cn1sc(Cl)cc1=O,1,,,,,,train
CCOC1Oc2ccc(OS(C)(=O)=O)cc2C1(C)C,1,,,,,,train
CCNc1nc(NC(C)CC)nc(OC)n1,1,,,,,,valid
CCCCCCCCn1sccc1=O,1,,,,,,train
O=CNC(N1CCN(C(NC=O)C(Cl)(Cl)Cl)CC1)C(Cl)(Cl)Cl,1,,,,,,train
CCCCCCCCCc1ccccc1OCCOCCO,1,,,,,,train
ClC1=C(Cl)C2(Cl)C3C4OC4(Cl)C(Cl)C3C1(Cl)C2(Cl)Cl,1,,,,,,train
CNc1cnn(-c2cccc(C(F)(F)F)c2)c(=O)c1Cl,1,,,,,,test
O=C1C(Cl)=C(NC(=O)C(Cl)Cl)C(=O)c2ccccc21,1,,,,,,train
CC(C)CCCCCOC(=O)c1ccccc1C(=O)OCCCCCC(C)C,1,,,,,,train
N#CCCOC(=O)C(Br)CBr,1,,,,,,train
COS(=O)(=O)O.C[N+](C)(C)c1ccccc1,0,,,,,,train
CSc1nc(NC2CC2)nc(NC(C)(C)C)n1,1,,,,,,valid
CCN(CC)C(=O)SCc1ccc(Cl)cc1,1,,,,,,train
N#Cc1c(O)c(Cl)c(Cl)c(C#N)c1Cl,1,,,,,,train
CC(C)CCCCCCOC(=O)c1ccccc1C(=O)OCCCCCCC(C)C,1,,,,,,train
ClC1=CC2(Cl)C(Cl)C(Cl)C1(Cl)C2(Cl)Cl,1,,,,,,train
O=c1oc2ccccc2c(O)c1C(CC(O)c1ccc(-c2ccc(Br)cc2)cc1)c1ccccc1,1,,,,,,test
CCN(CC)c1c([N+](=O)[O-])cc(C(F)(F)F)c(N)c1[N+](=O)[O-],1,,,,,,train
CCN(CC)c1nc(C)cc(OP(=S)(OC)OC)n1,1,,,,,,train
O=C(CCN1CCOCC1)Nc1ccc(O)cc1,1,,,,,,train
O=[N+]([O-])c1cc([N+](=O)[O-])c2conc2c1,1,,,,,,train
CC(C)c1ccc2ccccc2c1.CC(C)c1cccc2ccccc12,1,,,,,,valid
Cc1cccc2nn[nH]c12,1,,,,,,train
C=Cc1ccc(CCl)cc1.C=Cc1cccc(CCl)c1.C=Cc1ccccc1CCl,1,,,,,,train
CCS(=O)(=O)c1nnc(N(C)C(=O)NC)s1,1,,,,,,train
BrC(Br)c1ccccc1OCC1CO1.Cc1ccc(OCC2CO2)c(Br)c1Br,1,,,,,,train
CC(O)CSS(C)(=O)=O,1,,,,,,test
COP(=O)(NC(C)=O)SC,1,,,,,,train
O=C(c1ccc(O)cc1)c1ccc(O)c(O)c1O,1,,,,,,train
CCNP(=S)(OC)OC(C)=CC(=O)OC(C)C,1,,,,,,train
O=C(NC1CCCCC1)OCCCl,1,,,,,,train
COc1nc(Cl)c(Cl)cc1Cl,1,,,,,,valid
Cc1cc(Cl)cc(O)c1O,1,,,,,,train
N#CNC(=N)NCCCCCCNC(=N)NC(=N)NCCCCCCNC(=N)NC#N.N=C(N)NCCCCCCNC(=N)NC(=N)NCCCCCCNC(=N)N.N=C(NCCCCCCN)NC(=N)NCCCCCCN,1,,,,,,train
Clc1ccc(-c2ccc(Cl)c(Cl)c2)cc1Cl,1,,,,,,train
Cc1ccc(N=CN(C)C=Nc2ccc(C)cc2C)c(C)c1,1,,,,,,train
CCOC(=O)c1cncn1C(C)c1ccccc1,1,,,,,,test
CCCN(CCCl)c1c([N+](=O)[O-])cc(C(F)(F)F)cc1[N+](=O)[O-],1,,,,,,train
CCC(C)Nc1c([N+](=O)[O-])cc(C(C)(C)C)cc1[N+](=O)[O-],1,,,,,,train
CCNc1nc(NC(C)(C)C)nc(OC)n1,1,,,,,,train
S=C1SSC2=NCCN12,1,,,,,,train
CCCN(CCC)c1c([N+](=O)[O-])cc(C(C)C)cc1[N+](=O)[O-],1,,,,,,valid
CNC(=O)N(C)c1nnc(C(C)(C)C)s1,0,,,,,,train
O=C(O)COC(CC(=O)O)C(=O)O,0,,,,,,train
CCOCN(C(=O)CCl)c1c(C)cccc1CC,1,,,,,,train
COCCCNCc1cc(OC)c(OC)c(OC)c1,0,,,,,,train
CCCCCCCCCCCOCCO,1,,,,,,test
BrCC1CCCCO1,0,,,,,,train
O=C(C(Cl)=NO)c1ccc(O)cc1,1,,,,,,train
Clc1cc(Cl)c(-c2cc(Cl)c(Cl)cc2Cl)cc1Cl,1,,,,,,train
CCCSP(=S)(OCC)Oc1ccc(SC)cc1,1,,,,,,train
Cc1c(N)cc([N+](=O)[O-])cc1[N+](=O)[O-],1,,,,,,valid
CC(NC(=O)C(C)NC(=O)C(N)CCP(C)(=O)O)C(=O)O,1,,,,,,train
N#CCCC(Br)(C#N)CBr,1,,,,,,train
Clc1ccc(Cl)c(-c2cc(Cl)ccc2Cl)c1,1,,,,,,train
Clc1cc(-c2cc(Cl)c(Cl)c(Cl)c2Cl)c(Cl)c(Cl)c1Cl,1,,,,,,train
CCN(CC)CC.Nc1c(Cl)c(Cl)nc(C(=O)O)c1Cl,1,,,,,,test
CCOP(=S)(NC(C)CC)Oc1cc(C)ccc1[N+](=O)[O-],1,,,,,,train
CCCCCCCCCCSCCN,1,,,,,,train
CCC(C)OC(=S)S,0,,,,,,train
CC(C)NC(=O)N1CC(=O)N(c2cc(Cl)cc(Cl)c2)C1=O,1,,,,,,train
CCCCCCCN.O=C(O)COc1ccc(Cl)cc1Cl,1,,,,,,valid
C=CCc1ccc(O)c(OC)c1.CCC(=O)OCCc1ccccc1,1,,,,,,train
Clc1ccc(-c2cc(Cl)ccc2Cl)cc1.Clc1ccc(-c2ccc(Cl)c(Cl)c2)c(Cl)c1.Clc1ccc(-c2ccc(Cl)cc2)cc1.Clc1ccc(-c2ccc(Cl)cc2Cl)cc1.Clc1ccc(-c2ccccc2Cl)cc1.Clc1ccc(-c2ccccc2Cl)cc1Cl.Clc1ccc(Cl)c(-c2ccccc2Cl)c1,1,,,,,,train
CCCCCCCCCCc1ccc(N)cc1,1,,,,,,train
Clc1ccc(Cl)c(-c2cc(Cl)c(Cl)cc2Cl)c1,1,,,,,,train
C=CCN(CC=C)C(=O)C(Cl)Cl,0,,,,,,test
N#Cc1c([N+](=O)[O-])cc([N+](=O)[O-])cc1[N+](=O)[O-],1,,,,,,train
CCOc1cc(OP(=S)(OC)OC)nc(CC)n1,1,,,,,,train
CC(C)N.O=C(O)CNCP(=O)(O)O,1,,,,,,train
CCOC(=O)CN(C(=O)CCl)c1c(CC)cccc1CC,1,,,,,,train
O=[N+]([O-])c1ccccc1Oc1ccc(Cl)cc1,1,,,,,,valid
CC=CC(=O)Oc1c(CCCCCC(C)C)cc([N+](=O)[O-])cc1[N+](=O)[O-].CC=CC(=O)Oc1c([N+](=O)[O-])cc(CCCCCC(C)C)cc1[N+](=O)[O-],1,,,,,,train
CCNc1nc(Cl)nc(NC(C)C)n1.CCNc1nc(Cl)nc(NCC)n1,1,,,,,,train
CC(C)=CC1C(C(=O)OC(C#N)c2cccc(Oc3ccccc3)c2)C1(C)C,1,,,,,,train
CC1(C)C(C(=O)OC(C#N)c2cccc(Oc3ccccc3)c2)C1(C)C,1,,,,,,train
CCCCCCOc1ccc(N)cc1,1,,,,,,test
CCC(CC)Nc1c([N+](=O)[O-])cc(C)c(C)c1[N+](=O)[O-],1,,,,,,train
COC(C)(C)CCCC(C)CC=CC(C)=CC(=O)OC(C)C,1,,,,,,train
CCCSP(=O)(OCC)Oc1ccc(Br)cc1Cl,1,,,,,,train
Cc1cccc2sc3nncn3c12,1,,,,,,train
COC(=O)c1ccc(Cl)cc1[N+](=O)[O-],1,,,,,,valid
O=Cc1cc(O)ccc1[N+](=O)[O-],1,,,,,,train
COP(=S)(OC)Oc1nc(Cl)n(C(C)C)n1,1,,,,,,train
CCCCCCCCCCC(C)c1ccc(S(=O)(=O)O)cc1,1,,,,,,train
CCOc1cc(Oc2ccc(C(F)(F)F)cc2Cl)ccc1[N+](=O)[O-],1,,,,,,train
COS(=O)(=O)O.Cn1c(-c2ccccc2)cc(-c2ccccc2)[n+]1C,1,,,,,,test
C=CC1(C)OC(=O)N(c2cc(Cl)cc(Cl)c2)C1=O,1,,,,,,train
CC(C)OC(=O)C(C(=O)OC(C)C)=C1SCCS1,1,,,,,,train
CC1(C)COCN1,1,,,,,,train
CCc1cccc(C)c1N(C(=O)CCl)C(C)COC,1,,,,,,train
CCCOCCN(C(=O)CCl)c1c(CC)cccc1CC,1,,,,,,valid
CN(C)c1nc(=O)n(C2CCCCC2)c(=O)n1C,0,,,,,,train
COC(=O)C(C)Oc1ccc(Oc2ccc(Cl)cc2Cl)cc1,1,,,,,,train
CCC1OC2(CCC1C)CC1CC(CC=C(C)CC(C)C=CC=C3COC4C(O)C(C)=CC(C(=O)O1)C34O)O2,1,,,,,,train
CC(C)C(C(=O)OC(C#N)c1cccc(Oc2ccccc2)c1)c1ccc(Cl)cc1,1,,,,,,train
Clc1ccc(Oc2ccccc2)c(Cl)c1,1,,,,,,test
CC1(C)C(C=C(Cl)Cl)C1C(=O)OC(C#N)c1cccc(Oc2ccccc2)c1,1,,,,,,train
CC(CCCC(C)(C)C)C(=O)O.CCC(C)(CCC(C)C)C(=O)O.CCCCCCC(C)(C)C(=O)O,0,,,,,,train
CC1(C)C(C=C(Cl)Cl)C1C(=O)OCc1cccc(Oc2ccccc2)c1,1,,,,,,train
Clc1ccc(-c2c(Cl)cc(Cl)c(Cl)c2Cl)c(Cl)c1Cl,1,,,,,,train
COC(=O)C(C)N(C(=O)c1ccccc1)c1ccc(F)c(Cl)c1,1,,,,,,valid
CC1(C)C(C=C(Br)Br)C1C(=O)OC(C#N)c1cccc(Oc2ccccc2)c1,1,,,,,,train
Cc1cc(C)nc(Nc2ccccc2)n1,1,,,,,,train
CCCCCCCCCCCCOCC,1,,,,,,train
CCCCOCCOC(=O)C(C)Oc1ccc(Cl)cc1Cl,1,,,,,,train
CCSCCCCSCC,1,,,,,,test
CCOP(=S)(OCC)OC(Cl)C(Cl)(Cl)Cl,1,,,,,,train
CC(C)(C)C(O)C(Oc1ccc(-c2ccccc2)cc1)n1cncn1,1,,,,,,train
O=C(C1CCCCC1)N1CC(=O)N2CCc3ccccc3C2C1,1,,,,,,train
C=C(C)CN(CC)c1c([N+](=O)[O-])cc(C(F)(F)F)cc1[N+](=O)[O-],1,,,,,,train
CCCCN(CCCC)SN(C)C(=O)Oc1cccc2c1OC(C)(C)C2,1,,,,,,valid
O=C(O)COc1nc(Cl)c(Cl)cc1Cl,1,,,,,,train
CCCCNC(=O)OCC#CI,1,,,,,,train
OC[P+](CO)(CO)CO,1,,,,,,train
CCCCCCCCOc1ccccc1NC(C)=O,1,,,,,,train
Oc1ccncn1.Oc1cncnc1.Oc1ncccn1,0,,,,,,test
CC(C)(C)c1ccc(C(N)=O)cc1,1,,,,,,train
Cc1c([N+](=O)[O-])ccc([N+](=O)[O-])c1N,1,,,,,,train
CCCSCCCCSCCC,1,,,,,,train
CSCCCCCCSC,1,,,,,,train
CC(C)C(O)(c1ccc(OC(F)(F)F)cc1)c1cncnc1,1,,,,,,valid
CCCCCCC(=O)Oc1c(Br)cc(C#N)cc1Br,1,,,,,,train
O=C(O)C(=NNc1cccc([N+](=O)[O-])c1)C(=O)O,1,,,,,,train
c1cc(-c2ccsc2)cs1.c1csc(-c2cccs2)c1.c1csc(-c2ccsc2)c1,1,,,,,,train
COc1c(O)cc(Cl)c(Cl)c1Cl,1,,,,,,train
CCN(CC)CC.O=C(O)COc1nc(Cl)c(Cl)cc1Cl,0,,,,,,test
O=C1CCc2cccc3c2N1CC3,1,,,,,,train
NCCO.O=C(O)c1nc(Cl)ccc1Cl,0,,,,,,train
COCC(=O)N(c1c(C)cccc1C)C(C)C(=O)OC,0,,,,,,train
CCNC(=O)NC(=O)C(C#N)=NOC,1,,,,,,train
Clc1cc(Cl)cc(C2(CC(Cl)(Cl)Cl)CO2)c1,1,,,,,,valid
CSC(C)=NOC(=O)N(C)SN(C)C(=O)ON=C(C)SC,1,,,,,,train
Cn1cc(-c2ccccc2)c(=O)c(-c2cccc(C(F)(F)F)c2)c1,1,,,,,,train
OC(c1ccc(Cl)cc1)(c1cncnc1)c1ccccc1Cl,1,,,,,,train
CCCCCCOc1ccc(C=O)cc1OC,1,,,,,,train
CCC[N+](C)(C)C,1,,,,,,test
CCC[N+](C)(CCO)CCO,1,,,,,,train
CCCCCCCCCCCCNCCCN,1,,,,,,train
COc1c(O)c(Cl)cc(Cl)c1Cl,1,,,,,,train
CNC(=O)OCc1ccc(Cl)c(Cl)c1.CNC(=O)OCc1cccc(Cl)c1Cl,1,,,,,,train
O=C(O)c1cc(Oc2ccc(C(F)(F)F)cc2Cl)ccc1[N+](=O)[O-],1,,,,,,valid
CCN(Cc1c(F)cccc1Cl)c1c([N+](=O)[O-])cc(C(F)(F)F)cc1[N+](=O)[O-],1,,,,,,train
CCCCCCC=CCCCCCCCCN.CCCCCCCCC=CCCCCCCCCN,1,,,,,,train
Cc1nc2c(S)cccc2s1.Cc1nc2cc(S)ccc2s1.Cc1nc2ccc(S)cc2s1.Cc1nc2cccc(S)c2s1,1,,,,,,train
CCCCCCCCn1sc(Cl)c(Cl)c1=O,1,,,,,,train
CCCCOCCOC(=O)COc1nc(Cl)c(Cl)cc1Cl,1,,,,,,test
COc1nc(C)nc(NC(=O)NS(=O)(=O)c2ccccc2Cl)n1,0,,,,,,train
CC(C)Oc1cccc(NC(=O)c2ccccc2C(F)(F)F)c1,1,,,,,,train
CCOC(=O)C(C)Oc1ccc(Oc2nc3ccc(Cl)cc3o2)cc1,1,,,,,,train
CCCOCCO,1,,,,,,train
CC(C)(c1ccccc1)c1ccc(OP(=O)(Oc2ccccc2)Oc2ccccc2)cc1.CCCCCCCCCc1ccc(OP(=O)(Oc2ccccc2)Oc2ccccc2)cc1.O=P(Oc1ccccc1)(Oc1ccccc1)Oc1ccccc1,1,,,,,,valid
CC1(C)C(C(=O)OC(C#N)c2cccc(Oc3ccccc3)c2)C1C(Br)C(Br)(Br)Br,1,,,,,,train
ClCC1(C(Cl)Cl)C2C(Cl)C(Cl)C1(C(Cl)Cl)C(Cl)C2Cl,1,,,,,,train
CCCCCCCCCCOCC,1,,,,,,train
CC(Cc1ccc(C(C)(C)C)cc1)CN1CC(C)OC(C)C1,1,,,,,,train
CCC(=O)OC,1,,,,,,test
CC1(C)C(C=C(Cl)C(F)(F)F)C1C(=O)OC(C#N)c1cccc(Oc2ccccc2)c1,1,,,,,,train
CCCC(C)OCCO,1,,,,,,train
O=C(Nc1ccccc1)Nc1ccnc(Cl)c1,1,,,,,,train
CC1(C)C(C=C(Cl)Cl)C1C(=O)OC(C#N)c1ccc(F)c(Oc2ccccc2)c1,1,,,,,,train
CCC[N+](C)(C)CCC,1,,,,,,valid
CCCCCCCCCCCCCCOCCOCCOCCOCCOCCO,1,,,,,,train
CC(C)N1C(=O)N(c2ccccc2)CSC1=NC(C)(C)C,1,,,,,,train
Nc1c(Cl)c(F)nc(OCC(=O)O)c1Cl,1,,,,,,train
CC(C)C(Nc1ccc(C(F)(F)F)cc1Cl)C(=O)OC(C#N)c1cccc(Oc2ccccc2)c1,1,,,,,,train
O=S(=O)(O)c1ccc[n+](Cc2ccccc2)c1,0,,,,,,test
CC(C)(C)c1ccc(Oc2cccc(C=O)c2)cc1,1,,,,,,train
CCCCOC(=O)C(C)Oc1ccc(Oc2ccc(C(F)(F)F)cn2)cc1,1,,,,,,train
CC(C)C(C(=O)OC(C#N)c1cccc(Oc2ccccc2)c1)c1ccc(OC(F)F)cc1,1,,,,,,train
Cc1ccc([N+](=O)[O-])c(N)c1[N+](=O)[O-],1,,,,,,train
CCC[N+](C)(C)[O-],1,,,,,,valid
Cc1c(Cl)cccc1NC=O,1,,,,,,train
CCOC(=O)NCCOc1ccc(Oc2ccccc2)cc1,1,,,,,,train
C#CCN1CC(=O)N(COC(=O)C2C(C=C(C)C)C2(C)C)C1=O,1,,,,,,train
CCOC(=O)C=C(C)OP(=S)(OCC)OCC,1,,,,,,train
CCCC(=NOCC)C1=C(O)CC(CC(C)SCC)CC1=O,1,,,,,,test
COC(=O)c1ccccc1S(=O)(=O)NC(=O)Nc1nc(C)nc(OC)n1,0,,,,,,train
C=C(Br)CCO,1,,,,,,train
CCOC(=O)C(C)Oc1ccc(Oc2cnc3cc(Cl)ccc3n2)cc1,1,,,,,,train
CC(C)(C)C(O)C(Cc1ccc(Cl)cc1)n1cncn1,1,,,,,,train
CP(=O)(O)CCC(N)C(=O)O,1,,,,,,valid
CC1C(c2ccc(Cl)cc2)SC(=O)N1C(=O)NC1CCCCC1,1,,,,,,train
O=Cc1cccc(Oc2ccc(Cl)c(Cl)c2)c1,1,,,,,,train
Cc1c(F)c(F)c(COC(=O)C2C(C=C(Cl)C(F)(F)F)C2(C)C)c(F)c1F,1,,,,,,train
O=[N+]([O-])c1cc(C(F)(F)F)c(Cl)c([N+](=O)[O-])c1Nc1ncc(C(F)(F)F)cc1Cl,1,,,,,,train
CCOc1ccc(C(C)(C)COCc2cccc(Oc3ccccc3)c2)cc1,1,,,,,,test
CC(C)C1(C)N=C(c2ncccc2C(=O)O)NC1=O,1,,,,,,train
CC(C)C1(C)N=C(c2nc3ccccc3cc2C(=O)O)NC1=O,0,,,,,,train
CCc1cnc(C2=NC(C)(C(C)C)C(=O)N2)c(C(=O)O)c1,0,,,,,,train
CC(C)C1(C)N=C(c2ncccc2C(=O)O)NC1=O.CC(C)N,1,,,,,,train
C[S+](C)C.O=C(O)CNCP(=O)(O)O,0,,,,,,valid
CC1(C)CON(Cc2ccccc2Cl)C1=O,1,,,,,,train
CCOC(=O)CCN(SN(C)C(=O)Oc1cccc2c1OC(C)(C)C2)C(C)C,1,,,,,,train
Cn1sc2c(c1=O)CCC2,1,,,,,,train
Cc1c(COC(=O)C2C(C=C(Cl)C(F)(F)F)C2(C)C)cccc1-c1ccccc1,1,,,,,,train
COC(=O)c1ccccc1CS(=O)(=O)NC(=O)Nc1nc(OC)cc(OC)n1,0,,,,,,test
Cc1cc(=O)c(C(=O)O)nn1-c1ccc(Cl)cc1,0,,,,,,train
CC(C)CC(C)CC(C)c1ccc(O)cc1.CC(C)CCCCCCc1ccc(O)cc1.CCCCCC(CCC)c1ccc(O)cc1,1,,,,,,train
Cc1cc(C)n(CO)n1,1,,,,,,train
CCN(C(=O)SCc1ccccc1)C(C)C(C)C,1,,,,,,train
COCC(C)N(C(=O)CCl)c1c(C)csc1C,1,,,,,,valid
CCOC(=O)c1ccccc1S(=O)(=O)NC(=O)Nc1nc(Cl)cc(OC)n1,1,,,,,,train
CCOP(=O)(SC(C)CC)SC(C)CC,1,,,,,,train
CC(Oc1ccc(Oc2nc3ccc(Cl)cc3o2)cc1)C(=O)O,1,,,,,,train
CC(COc1ccc(Oc2ccccc2)cc1)Oc1ccccn1,1,,,,,,train
CCOP(=S)(Oc1cnc(C(C)(C)C)nc1)OC(C)C,1,,,,,,test
CC(C)(C)c1ccc(CSc2cnn(C(C)(C)C)c(=O)c2Cl)cc1,1,,,,,,train
CC(CN1COC(C)C1)OCOCOCO,0,,,,,,train
CSC(=O)c1c(C(F)F)nc(C(F)(F)F)c(C(=O)SC)c1CC(C)C,1,,,,,,train
CCOP(=O)(SC(C)CC)N1CCSC1=O,0,,,,,,train
O=[N+]([O-])c1cc([N+](=O)[O-])c2ccccc2c1O,1,,,,,,valid
C#CCN1C(=O)COc2cc(F)c(N3C(=O)C4=C(CCCC4)C3=O)cc21,1,,,,,,train
CS(=O)(=O)c1ccc(C(=O)C2C(=O)CCCC2=O)c([N+](=O)[O-])c1,0,,,,,,train
O=c1sc2ccccc2c(O)c1C1CC(c2ccc(-c3ccc(Br)cc3)cc2)Cc2ccccc21,1,,,,,,train
C#CCOC(=O)C(C)Oc1ccc(Oc2ncc(Cl)cc2F)cc1,1,,,,,,train
CCC(C)(CCC(C)C)C(=O)NC.CCCCCCC(C)(C)C(=O)NC.CNC(=O)CCCCCC(C)(C)C,1,,,,,,test
CCC(C)C(=O)OC1CC(OC(C)=O)C2(C(=O)OC)COC3C2C12COC(O)(C(=O)OC)C2C(C)(C12OC1(C)C1CC2OC2OCCC21O)C3O,1,,,,,,train
COc1ccc(C(=CC(=O)N2CCOCC2)c2ccc(Cl)cc2)cc1OC,1,,,,,,train
COc1ccc2c(c[n+](C)c3c4cc5c(cc4ccc23)OCO5)c1OC.C[n+]1cc2c3c(ccc2c2ccc4cc5c(cc4c21)OCO5)OCO3,1,,,,,,train
CCOC(=O)CSc1nc(C(C)(C)C)nn1C(=O)N(C)C,1,,,,,,train
CCc1ccc(C(=O)NN(C(=O)c2cc(C)cc(C)c2)C(C)(C)C)cc1,1,,,,,,valid
CCCCCCCCCCCCCc1ccc(S(=O)(=O)O)cc1.CCCCCCCCCCCCCc1cccc(S(=O)(=O)O)c1.CCCCCCCCCCCCCc1ccccc1S(=O)(=O)O,1,,,,,,train
COC(=O)CSc1cc(N=c2sc(=O)n3n2CCCC3)c(F)cc1Cl,1,,,,,,train
COC(=O)c1c(C(F)F)nc(C(F)(F)F)c(C2=NCCS2)c1CC(C)C,1,,,,,,train
CCc1nn(C)c(C(=O)NCc2ccc(C(C)(C)C)cc2)c1Cl,1,,,,,,train
N#Cc1nn(-c2c(Cl)cc(C(F)(F)F)cc2Cl)c(N)c1SC(F)(F)F,1,,,,,,test
N#Cc1nn(-c2c(Cl)cc(C(F)(F)F)cc2Cl)c(N)c1S(=O)(=O)C(F)(F)F,1,,,,,,train
N#Cc1nn(-c2c(Cl)cc(C(F)(F)F)cc2Cl)c(N)c1S(=O)C(F)(F)F,1,,,,,,train
Cc1ccc(-c2c(Cl)nc(C#N)n2S(=O)(=O)N(C)C)cc1,1,,,,,,train
CC(C)(C)c1ccc(CCOc2ncnc3ccccc23)cc1,1,,,,,,train
Cc1cc(C2CC2)nc(Nc2ccccc2)n1,1,,,,,,valid
CCCCOC(=O)C(C)Oc1ccc(Oc2ccc(C#N)cc2F)cc1,1,,,,,,train
CCOCn1c(-c2ccc(Cl)cc2)c(C#N)c(Br)c1C(F)(F)F,1,,,,,,train
N#Cc1c(-c2ccc(Cl)cc2)[nH]c(C(F)(F)F)c1Br,1,,,,,,train
Cc1nn(-c2cc(NS(C)(=O)=O)c(Cl)cc2Cl)c(=O)n1C(F)F,1,,,,,,train
Fc1ccc(Oc2ccnc3cc(Cl)cc(Cl)c23)cc1,1,,,,,,test
CC1(C(=O)Nc2ccc(O)c(Cl)c2Cl)CCCCC1,1,,,,,,train
CCOP(=S)(OCC)OC(C)=CC(=O)OC,1,,,,,,train
CCOC(=O)C(Cl)Cc1cc(-n2nc(C)n(C(F)F)c2=O)c(F)cc1Cl,1,,,,,,train
CCc1nn(C)c(C(=O)NCc2ccc(Oc3ccc(C)cc3)cc2)c1Cl,1,,,,,,train
N#Cc1c[nH]cc1-c1cccc2c1OC(F)(F)O2,1,,,,,,valid
CC1(c2ccc(Oc3ccccc3)cc2)OC(=O)N(Nc2ccccc2)C1=O,1,,,,,,train
Cc1nn(C)c(Oc2ccccc2)c1C=NOCc1ccc(C(=O)OC(C)(C)C)cc1,1,,,,,,train
C=CCOC(=O)C(C)(C)OC(=O)c1cc(-n2c(=O)cc(C(F)(F)F)n(C)c2=O)ccc1Cl,1,,,,,,train
CSC(=O)c1cccc2nnsc12,1,,,,,,train
CCOC(=O)C1=NN(c2ccc(Cl)cc2Cl)C(C)(C(=O)OCC)C1,1,,,,,,test
CON=C(C(=O)OC)c1ccccc1CON=C(C)c1cccc(C(F)(F)F)c1,1,,,,,,train
CC(C)N(C(=O)COc1nnc(C(F)(F)F)s1)c1ccc(F)cc1,1,,,,,,train
COc1ccc(-c2ccccc2)cc1NNC(=O)OC(C)C,1,,,,,,train
CCC(=NOCC=CCl)C1=C(O)CC(C2CCOCC2)CC1=O,1,,,,,,train
CCC(C)(NC(=O)c1cc(Cl)c(C)c(Cl)c1)C(=O)CCl,1,,,,,,valid
CSC1=NC(C)(c2ccccc2)C(=O)N1Nc1ccccc1,1,,,,,,train
O=S1CCON=C1c1cc2ccccc2s1,1,,,,,,train
CCOC(=O)C1=NOC(c2ccccc2)(c2ccccc2)C1,1,,,,,,train
COC(=O)N(C(=O)N1COC2(C(=O)OC)Cc3cc(Cl)ccc3C2=N1)c1ccc(OC(F)(F)F)cc1,1,,,,,,train
FC(F)(F)c1ccc(OCCCOc2c(Cl)cc(OCC=C(Cl)Cl)cc2Cl)nc1,1,,,,,,test
CC(C)CC(C)c1sccc1NC(=O)c1cn(C)nc1C(F)(F)F,1,,,,,,train
O=C(Nc1ccccc1-c1ccc(Cl)cc1)c1cccnc1Cl,1,,,,,,train
CCOC(=O)COc1cc(-n2ncc(C(F)(F)F)c(C)c2=O)c(F)cc1Cl,1,,,,,,train
CCOC(=O)OC1=C(c2cc(C)ccc2C)C(=O)NC12CCC(OC)CC2,1,,,,,,train
N#Cc1nn(-c2c(Cl)cc(C(F)(F)F)cc2Cl)c(N)c1C(F)(F)F,1,,,,,,valid
O=C(NCc1ncc(C(F)(F)F)cc1Cl)c1c(Cl)cccc1Cl,1,,,,,,train
CC=CC1C(C(=O)OCc2c(F)c(F)c(COC)c(F)c2F)C1(C)C,1,,,,,,train
CCc1cc(C)cc(CC)c1-c1c(OC(=O)C(C)(C)C)n2n(c1=O)CCOCC2,1,,,,,,train
Cc1cc(C)c(C2=C(OC(=O)CC(C)(C)C)C3(CCCC3)OC2=O)c(C)c1,1,,,,,,train
C#CCOc1ccc(CCNC(=O)C(OCC#C)c2ccc(Cl)cc2)cc1OC,1,,,,,,test
COC(=O)c1nc(C2CC2)nc(N)c1Cl,1,,,,,,train
Cn1cc(C(O)=Nc2ccccc2C2CC2C2CC2)c(C(F)F)n1,1,,,,,,train
Cn1cc(C(O)=Nc2ccccc2-c2cc(F)c(F)c(F)c2)c(C(F)F)n1,1,,,,,,train
Cc1ccc2c(c1)C(Nc1nc(N)nc(C(C)F)n1)C(C)C2,1,,,,,,train
Cc1ccc(OP(=O)(Oc2ccc(C)cc2)Oc2ccc(C)cc2)cc1,1,,,,,,valid
CC(C)(c1cc(Cl)c(O)c(Cl)c1)c1cc(Cl)c(O)c(Cl)c1,1,,,,,,train
CC(C)(C1CCC(O)CC1)C1CCC(O)CC1,1,,,,,,train
CCN(CC)c1ccc2c(-c3ccccc3C(=O)O)c3ccc(N(CC)CC)cc3[o+]c2c1,0,,,,,,train
O=C1c2ccccc2C(=O)C1C(=O)C(c1ccccc1)c1ccccc1,1,,,,,,train
CCN(CC)CCCC(C)Nc1c2ccc(Cl)cc2nc2ccc(OC)cc12,1,,,,,,test
O=C1c2ccccc2C(=O)c2ccccc21,1,,,,,,train
CCCCOC(=O)c1ccccc1C(=O)OCC(CC)CCCC,1,,,,,,train
CCCCCCCCC=CCCCCCCCC(=O)N(CCO)CCO,1,,,,,,train
c1ccc(OP(Oc2ccccc2)Oc2ccccc2)cc1,1,,,,,,train
CCCCC(CC)COC(=O)CCCCC(=O)OCC(CC)CCCC,1,,,,,,valid
CCCCCCCCCCCCc1ccc(O)cc1,1,,,,,,train
CCCCCCCCCCCCCCCCCC[N+](C)(C)CCCCCCCCCCCCCCCCCC,1,,,,,,train
CCCCCCCCCCBr,1,,,,,,train
C=CCCCCCCCCCC,1,,,,,,train
CCCCCCCCC=CCCCCCCCC(=O)O,0,,,,,,test
O=S(=O)(c1ccc(Cl)cc1)c1cc(Cl)c(Cl)cc1Cl,1,,,,,,train
CCCCCCCCCCCCCOC(=O)c1ccccc1C(=O)OCCCCCCCCCCCCC,1,,,,,,train
CC(C)(C)CC(C)(C)c1ccc(OCCOCC[N+](C)(C)Cc2ccccc2)cc1,1,,,,,,train
C=CCCCCCCC,1,,,,,,train
CCCCCCCCCC,0,,,,,,valid
CCCCCCCCCCCCCCCCCCN(C)C,1,,,,,,train
COc1cc2c3c(ccc4c5ccc6c7c(cc(OC)c(c1c34)c75)-c1ccccc1C6=O)C(=O)c1ccccc1-2,0,,,,,,train
c1cc2ccc3cccc4ccc(c1)c2c34,1,,,,,,train
O=C1c2ccc3nc(-c4ccccc4)sc3c2C(=O)c2ccc3nc(-c4ccccc4)sc3c21,0,,,,,,train
O=c1c2ccccc2c(=O)c2c1cc(Cl)c1[nH]c3c([nH]c12)c(Cl)cc1c(=O)c2ccccc2c(=O)c13,1,,,,,,test
O=C(Nc1cccc2c(=O)c3c(ccc4c5cc(NC(=O)c6ccccc6)c6c(=O)c7ccccc7c(=O)c6c5[nH]c43)c(=O)c12)c1ccccc1,0,,,,,,train
CC(Cl)(Cl)C(=O)OCCOc1cc(Cl)c(Cl)cc1Cl,1,,,,,,train
CCCCCCC,0,,,,,,train
CCCCSP(SCCCC)SCCCC,1,,,,,,train
CCOP(=S)(S)OCC,1,,,,,,valid
CC(C)=C1C=C2CCC3C(C)(C(=O)O)CCCC3(C)C2CC1,1,,,,,,train
C=C1C2CCC3C2C(C)(C)CCCC13C,1,,,,,,train
O=C1OC2(c3ccc(O)cc3Oc3cc(O)ccc32)c2ccccc21,0,,,,,,train
CCCCCCCCCCCCCCCCI,1,,,,,,train
Clc1ccc(OCOc2ccc(Cl)cc2)cc1,0,,,,,,test
O=[N+]([O-])c1cccc([N+](=O)[O-])c1O,1,,,,,,train
Nc1c(N=Nc2ccc(-c3ccc(N=Nc4cc(S(=O)(=O)O)c5ccccc5c4N)cc3)cc2)cc(S(=O)(=O)O)c2ccccc12,0,,,,,,train
CCCCC(CC)COC(=O)CC(C(=O)OCC(CC)CCCC)S(=O)(=O)O,1,,,,,,train
O=S(=O)(O)c1cccc(N=Nc2ccc(Nc3ccccc3)cc2)c1,1,,,,,,train
C(=Cc1ccccc1)c1ccccc1,1,,,,,,valid
CCCCCCCCCCCCCCCCCCCCCC,0,,,,,,train
CC(C)C1=CC2=CCC3C(C)(CO)CCCC3(C)C2CC1,1,,,,,,train
Nc1c(N=Nc2ccc([N+](=O)[O-])cc2)c(S(=O)(=O)O)cc2cc(S(=O)(=O)O)c(N=Nc3ccccc3)c(O)c12,0,,,,,,train
Cc1ccc(N=Nc2c(O)ccc(N=Nc3ccc(S(=O)(=O)O)cc3)c2O)c(C)c1,0,,,,,,train
O=C1c2ccccc2-c2ccc3c4c(ccc1c24)-c1c(Br)ccc(Br)c1C3=O,0,,,,,,test
O=C1C=CC(=Nc2ccc3[nH]c4ccccc4c3c2)C=C1,0,,,,,,train
Clc1cc(-c2cc(Cl)c(Cl)c(Cl)c2)cc(Cl)c1Cl,1,,,,,,train
CCCCCCCCCCCCc1c(C)cc(C[N+](C)(C)C)cc1C[N+](C)(C)C.CCCCCCCCCCCCc1cc(C)cc(C[N+](C)(C)C)c1C[N+](C)(C)C.CCCCCCCCCCCCc1cc(C[N+](C)(C)C)c(C)cc1C[N+](C)(C)C.CCCCCCCCCCCCc1ccc(C)c(C[N+](C)(C)C)c1.CCCCCCCCCCCCc1ccc(C)cc1C[N+](C)(C)C.CCCCCCCCCCCCc1ccc(C[N+](C)(C)C)cc1C,1,,,,,,train
O=C(OCC1OC(OC(=O)c2cc(O)c(O)c(OC(=O)c3cc(O)c(O)c(O)c3)c2)C(OC(=O)c2cc(O)c(O)c(OC(=O)c3cc(O)c(O)c(O)c3)c2)C(OC(=O)c2cc(O)c(O)c(OC(=O)c3cc(O)c(O)c(O)c3)c2)C1OC(=O)c1cc(O)c(O)c(OC(=O)c2cc(O)c(O)c(O)c2)c1)c1cc(O)c(O)c(OC(=O)c2cc(O)c(O)c(O)c2)c1,1,,,,,,train
CCCCN(CCCC)C(=S)SSC(=S)N(CCCC)CCCC,1,,,,,,valid
CCCCOC(=O)C1C(C(=O)OCCCC)C2(Cl)C(Cl)=C(Cl)C1(Cl)C2(Cl)Cl,1,,,,,,train
O=[N+]([O-])c1ccc2c(N=Nc3ccc4ccccc4c3O)c(O)cc(S(=O)(=O)O)c2c1,1,,,,,,train
COC(=O)c1c(Cl)c(Cl)c(C(=O)OC)c(Cl)c1Cl,1,,,,,,train
CCCCC(CC)COC(=O)COc1ccc(Cl)cc1Cl,1,,,,,,train
CCCCOCCCOC(=O)COc1ccc(Cl)cc1Cl,1,,,,,,test
CCCCOCCOCCCOC(=O)COc1cc(Cl)c(Cl)cc1Cl,1,,,,,,train
CNC(=O)Nc1nc2ccccc2s1,0,,,,,,train
Nc1ccc(N=Nc2ccc(-c3ccc(N=Nc4c(S(=O)(=O)O)cc5cc(S(=O)(=O)O)c(N=Nc6ccccc6)c(O)c5c4N)cc3)cc2)c(N)c1,0,,,,,,train
CC(C)C1=CC2=C(CC1)C1(C)CCCC(C)(C(=O)O)C1CC2,1,,,,,,train
CCCCCCCCC=CCCCCCCCCNCCCN.O=C(O)COc1ccc(Cl)cc1Cl,1,,,,,,valid
Clc1ccc(Sc2cc(Cl)c(Cl)cc2Cl)cc1,1,,,,,,train
Clc1c(Cl)c(Cl)c2c(Cl)c(Cl)c(Cl)c(Cl)c2c1Cl,0,,,,,,train
CCCOCC(C)OC(=O)C(C)Oc1cc(Cl)c(Cl)cc1Cl,1,,,,,,train
ClC1(Cl)C2(Cl)C3(Cl)C4(Cl)C(Cl)(Cl)C5(Cl)C3(Cl)C1(Cl)C5(Cl)C24Cl,1,,,,,,train
CCCCCCCCC1OC1CCCCCCCC(=O)O,1,,,,,,test
CNc1ccc(NCCO)c2c1C(=O)c1ccccc1C2=O,1,,,,,,train
Nc1cc(S(=O)(=O)O)cc2cc(S(=O)(=O)O)c(N=Nc3ccc(-c4ccc(N=Nc5c(S(=O)(=O)O)cc6cc(S(=O)(=O)O)cc(N)c6c5O)cc4)cc3)c(O)c12,0,,,,,,train
O=C(Nc1ccc2c(O)c(N=Nc3ccc(N=Nc4ccc(S(=O)(=O)O)cc4)cc3)c(S(=O)(=O)O)cc2c1)c1ccccc1,0,,,,,,train
CC(c1ccccc1)c1ccc(O)c(C(C)c2ccccc2)c1,1,,,,,,train
CCOc1cc(N(CC)CC)cc2[o+]c3cc(N(CC)CC)ccc3nc12,1,,,,,,valid
CC(=O)Nc1ccc(N=Nc2cc(C)ccc2O)cc1,0,,,,,,train
Nc1cc(S(=O)(=O)O)c(O)c2c1C(=O)c1c(O)c(S(=O)(=O)O)cc(N)c1C2=O,0,,,,,,train
c1ccc2oc(-c3ccc(-c4nc5ccccc5o4)s3)nc2c1,0,,,,,,train
CCOc1ccc(N=Nc2ccc(C=Cc3ccc(N=Nc4ccc(OCC)cc4)cc3S(=O)(=O)O)c(S(=O)(=O)O)c2)cc1,0,,,,,,train
O=S(=O)(O)c1cc(N=Nc2ccc(O)cc2)ccc1C=Cc1ccc(N=Nc2ccc(O)cc2)cc1S(=O)(=O)O,0,,,,,,test
Cc1cc(NC(=O)Nc2ccc(N=Nc3cc(S(=O)(=O)O)c4cccc(S(=O)(=O)O)c4c3)c(C)c2)ccc1N=Nc1cc(S(=O)(=O)O)c2cccc(S(=O)(=O)O)c2c1,0,,,,,,train
O=C1c2ccccc2C(=O)c2c1ccc1c2[nH]c2ccc3c4ccccc4c(=O)c4ccc1c2c43,0,,,,,,train
O=S(=O)(O)c1cccc(N=Nc2ccc(N=Nc3ccc(Nc4ccccc4)c4c(S(=O)(=O)O)cccc34)c3ccccc23)c1,1,,,,,,train
CC(=O)Nc1ccc(N=Nc2c(S(=O)(=O)O)cc3cc(NC(=O)Nc4ccc5c(O)c(N=Nc6ccccc6)c(S(=O)(=O)O)cc5c4)ccc3c2O)cc1,0,,,,,,train
O=C(Nc1ccc(Cl)c(Cl)c1)Nc1cc(Cl)ccc1Oc1ccc(Cl)cc1S(=O)(=O)O,1,,,,,,valid
CN(CCCl)c1ccc(C=CC2=[N+](C)c3ccccc3C2(C)C)cc1,1,,,,,,train
ClC1=C(Cl)C2(Cl)C3CC=CC3C1(Cl)C2(Cl)Cl,1,,,,,,train
CCCCCCCCCCCC(=O)Oc1c(Cl)c(Cl)c(Cl)c(Cl)c1Cl,1,,,,,,train
CCN(Cc1cccc(S(=O)(=O)O)c1)c1ccc(C(=C2C=CC(=[N+](CC)Cc3cccc(S(=O)(=O)O)c3)C=C2)c2ccccc2S(=O)(=O)O)cc1,0,,,,,,train
CCCCCCCCCCCCCCC(C(=O)OC)S(=O)(=O)O,1,,,,,,test
Cc1ccc(Nc2ccc(Nc3ccc(C)cc3S(=O)(=O)O)c3c2C(=O)c2ccccc2C3=O)c(S(=O)(=O)O)c1,1,,,,,,train
O=S(=O)(O)c1cc(Nc2nc(Nc3ccccc3)nc(N(CCO)CCO)n2)ccc1C=Cc1ccc(Nc2nc(Nc3ccccc3)nc(N(CCO)CCO)n2)cc1S(=O)(=O)O,0,,,,,,train
CCC1OC(=O)C(C)C(OC2CC(C)(OC)C(O)C(C)O2)C(C)C(OC2OC(C)CC(N(C)C)C2O)C(C)(O)CC(C)C(=O)C(C)C(O)C1(C)O.O=[P](=O)(O)O,0,,,,,,train
CCCN(CCC)c1c([N+](=O)[O-])cc(S(C)(=O)=O)cc1[N+](=O)[O-],1,,,,,,train
CCCCCCCCC=CCCCCCCCCNCCCN.O=C(O)COc1ccc(Cl)cc1Cl.O=C(O)COc1ccc(Cl)cc1Cl,1,,,,,,valid
C1=CCCC=CCCC=CCC1,1,,,,,,train
O=[N+]([O-])c1cc(S(=O)(=O)Nc2ccccc2)ccc1Nc1ccccc1,0,,,,,,train
CCCCCCCC[N+](C)(CCCCCCCC)CCCCCCCC,1,,,,,,train
COc1cc(NC(=O)C(N=Nc2ccc(-c3ccc(N=NC(C(C)=O)C(=O)Nc4cc(OC)c(Cl)cc4OC)c(Cl)c3)cc2Cl)C(C)=O)c(OC)cc1Cl,1,,,,,,train
CCCCCCCCC(Cl)C(Cl)CCCCCCCC(=O)O,1,,,,,,test
CCCCOCCCOC(=O)CCOc1cc(Cl)c(Cl)cc1Cl,1,,,,,,train
CC1=NN(c2cc(Cl)c(S(=O)(=O)O)cc2Cl)C(=O)C1N=Nc1ccc(S(=O)(=O)O)cc1,0,,,,,,train
CNC.O=C(O)COc1cc(Cl)c(Cl)cc1Cl,0,,,,,,train
Nc1c(S(=O)(=O)O)cc(Nc2ccccc2)c2c1C(=O)c1ccccc1C2=O,1,,,,,,train
O=S(=O)(O)c1cc(-n2nc3ccc4ccccc4c3n2)ccc1C=Cc1ccccc1,0,,,,,,valid
CCCCCCCCC=CCCCCCCCC[N+](C)(C)CC,1,,,,,,train
O=C1c2ccccc2C(=O)C1c1nc2ccccc2cc1O,0,,,,,,train
C=C1C(C)(C)C2(Cl)C(Cl)(Cl)C(Cl)(Cl)C1(Cl)C2(Cl)Cl.CC1C(Cl)(Cl)C(Cl)(Cl)C2(Cl)C(C)(C)C1(Cl)C2(Cl)Cl,1,,,,,,train
CCCCCCCCCCCCCCCCCCCCCC(=O)O,1,,,,,,train
Nc1ccc2cc(S(=O)(=O)O)c(N=Nc3ccc4cc(S(=O)(=O)O)c(N=Nc5ccc(N=Nc6ccc(N)c7cc(S(=O)(=O)O)ccc67)cc5)c(O)c4c3)c(O)c2c1.Nc1ccc2cc(S(=O)(=O)O)c(N=Nc3ccc4cc(S(=O)(=O)O)c(N=Nc5ccc(N=Nc6ccc(N)c7ccc(S(=O)(=O)O)cc67)cc5)c(O)c4c3)c(O)c2c1,0,,,,,,test
Cc1cc(N=Nc2ccc(C)c(N=Nc3cc(C)c(N)cc3N)c2)c(N)cc1N,1,,,,,,train
CCCCC(C)CC(C)C,1,,,,,,train
COc1cc(CCCS(=O)(=O)O)ccc1OC(Cc1cccc(OC)c1O)CS(=O)(=O)O,0,,,,,,train
CCCc1cc(CCC)c(CCC)c(S(=O)(=O)O)c1CCC,1,,,,,,train
CCCC(C)CC(C)CC(C)Cc1ccc(S(=O)(=O)O)cc1.CCCC(C)CC(C)CC(C)Cc1cccc(S(=O)(=O)O)c1.CCCC(C)CC(C)CC(C)Cc1ccccc1S(=O)(=O)O,1,,,,,,valid
Clc1cc(-c2cc(Cl)c(Cl)c(Cl)c2Cl)c(Cl)c(Cl)c1Cl.Clc1cc(Cl)c(-c2cc(Cl)c(Cl)c(Cl)c2)cc1Cl.Clc1cc(Cl)c(-c2cc(Cl)c(Cl)c(Cl)c2Cl)cc1Cl.Clc1ccc(-c2cc(Cl)c(Cl)cc2Cl)cc1Cl,1,,,,,,train
Clc1ccc(-c2cc(Cl)c(Cl)cc2Cl)cc1Cl.Clc1ccc(-c2ccc(Cl)c(Cl)c2)c(Cl)c1.Clc1ccc(-c2ccc(Cl)cc2)cc1.Clc1ccc(-c2ccc(Cl)cc2Cl)cc1.Clc1ccc(-c2ccccc2)cc1,1,,,,,,train
O=S(=O)(O)c1cc(N=Nc2ccc(C=Cc3ccc(-n4nc5cc(S(=O)(=O)O)c6ccccc6c5n4)cc3S(=O)(=O)O)c(S(=O)(=O)O)c2)ccc1C=Cc1ccc(-n2nc3cc(S(=O)(=O)O)c4ccccc4c3n2)cc1S(=O)(=O)O,0,,,,,,train
Clc1ccc(-c2cc(Cl)c(Cl)cc2Cl)cc1Cl.Clc1ccc(-c2ccc(Cl)c(Cl)c2)c(Cl)c1.Clc1ccc(-c2ccc(Cl)cc2Cl)cc1,1,,,,,,train
CCOc1ccc(N=Nc2ccc(Sc3ccc(N=Nc4ccc(OCC)cc4)cc3S(=O)(=O)O)c(S(=O)(=O)O)c2)cc1,1,,,,,,test
CN(CCO)c1nc(Nc2ccccc2)nc(Nc2ccc(C=Cc3ccc(Nc4nc(Nc5ccccc5)nc(N(C)CCO)n4)cc3S(=O)(=O)O)c(S(=O)(=O)O)c2)n1,0,,,,,,train
CCOP(=S)(OCC)ON=C(C#N)c1ccccc1Cl,0,,,,,,train
CCCCC=CCCCCCCOC(C)=O,1,,,,,,train
CCCCOC(C)COC(=O)C(C)Oc1cc(Cl)c(Cl)cc1Cl,1,,,,,,train
O=S(=O)(O)c1cc(Nc2nc(Nc3ccccc3)nc(N3CCOCC3)n2)ccc1C=Cc1ccc(Nc2nc(Nc3ccccc3)nc(N3CCOCC3)n2)cc1S(=O)(=O)O,0,,,,,,valid
Nc1c(Oc2ccccc2)cc(O)c2c1C(=O)c1ccccc1C2=O,0,,,,,,train
CN(C)C(CSS(=O)(=O)c1ccccc1)CSS(=O)(=O)c1ccccc1,1,,,,,,train
CC(c1ccccc1)c1cc(C(C)c2ccccc2)c(O)c(C(C)c2ccccc2)c1,1,,,,,,train
Cc1cc(C)cc(OP(=O)(Oc2cc(C)cc(C)c2)Oc2cc(C)cc(C)c2)c1.Cc1ccc(C)c(OP(=O)(Oc2cc(C)ccc2C)Oc2cc(C)ccc2C)c1.Cc1ccc(OP(=O)(Oc2ccc(C)c(C)c2)Oc2ccc(C)c(C)c2)cc1C,1,,,,,,train
CC(C)CCCCCOC(=O)COc1cc(Cl)c(Cl)cc1Cl,1,,,,,,test
CC(C)CCCCCOC(=O)COc1ccc(Cl)cc1Cl,1,,,,,,train
CC1(C)C2C(C(Cl)(Cl)Cl)=C(Cl)C(Cl)(Cl)C1(Cl)C2Cl,1,,,,,,train
CCCCCCCCCCC=CC1CC(=O)OC1=O,1,,,,,,train
CCCCCCCCCc1ccc(OP(=O)(Oc2ccc(CCCCCCCCC)cc2)Oc2ccc(CCCCCCCCC)cc2)cc1,1,,,,,,train
CCCCCCCCCCCCOS(=O)(=O)c1ccccc1,1,,,,,,valid
O=S(=O)(O)c1ccccc1C=Cc1ccc(-c2ccc(C=Cc3ccccc3S(=O)(=O)O)cc2)cc1,0,,,,,,train
O=C1OCc2c(Cl)c(Cl)c(Cl)c(Cl)c21,1,,,,,,train
CCCCCCCCCCCCCCCCCC[N+](C)(C)CCC[Si](OC)(OC)OC,1,,,,,,train
CC(C)CCCCCOC(=O)C(C)Oc1ccc(Cl)cc1Cl,1,,,,,,train
CCCN(CCC)c1c([N+](=O)[O-])cc(C(F)(F)F)c(N)c1[N+](=O)[O-],1,,,,,,test
CCCCC(CC)COC(=O)COc1ccc(Cl)cc1C,1,,,,,,train
CC(C)CCCCCCCOP(=O)(Oc1ccccc1)Oc1ccccc1,0,,,,,,train
CCCCCCCCCCC1OC1CCCCC(C)C,1,,,,,,train
COC(=O)Nc1nc2cc(C(=O)c3ccccc3)ccc2[nH]1,0,,,,,,train
CC(C)CCCCCOC(=O)C(C)Oc1cc(Cl)c(Cl)cc1Cl,1,,,,,,valid
CC(C)(c1ccccc1)c1ccc(OP(=O)(Oc2ccccc2)Oc2ccccc2)cc1.CC(C)(c1ccccc1)c1cccc(OP(=O)(Oc2ccccc2)Oc2ccccc2)c1.CC(C)(c1ccccc1)c1ccccc1OP(=O)(Oc1ccccc1)Oc1ccccc1,1,,,,,,train
O=C(NC(=O)c1c(F)cccc1F)Nc1ccc(Cl)cc1,1,,,,,,train
Clc1cc(-c2cc(Cl)c(Cl)c(Cl)c2Cl)c(Cl)c(Cl)c1Cl.Clc1cc(Cl)c(-c2cc(Cl)c(Cl)c(Cl)c2Cl)cc1Cl.Clc1cc(Cl)c(-c2cc(Cl)c(Cl)cc2Cl)cc1Cl.Clc1ccc(-c2cc(Cl)c(Cl)cc2Cl)cc1Cl,1,,,,,,train
Brc1cc(Br)c(OCCOc2c(Br)cc(Br)cc2Br)c(Br)c1,0,,,,,,train
COC(=O)c1cc(Oc2ccc(Cl)cc2Cl)ccc1[N+](=O)[O-],1,,,,,,test
C#CCOC(=O)C=C(C)C=CCC(C)CCCC(C)C,0,,,,,,train
CCC(C)SP(=O)(O)SC(C)CC,0,,,,,,train
CC1(C)CC(OC(=O)CCCCCCCCC(=O)OC2CC(C)(C)NC(C)(C)C2)CC(C)(C)N1,1,,,,,,train
CC(=O)Nc1cc(NS(=O)(=O)C(F)(F)F)c(C)cc1C,0,,,,,,train
O=c1oc2ccccc2c(O)c1C1CC(c2ccc(-c3ccc(Br)cc3)cc2)Cc2ccccc21,1,,,,,,valid
COC(=O)C1(Cl)CCCC2(C)c3ccc(C(C)C)cc3CCC12,1,,,,,,train
COC(=O)C1(Cl)C(Cl)CCC2(C)c3ccc(C(C)C)cc3CCC21,1,,,,,,train
CC(C)CCCCCCCCCCNCCCCCCCCCCC(C)C,1,,,,,,train
CCCCCCCCCCCCC1=C(OC(C)=O)C(=O)c2ccccc2C1=O,1,,,,,,train
CCCCCCCCC=CCCCCCCCCNCCOCCOCCOCCOCCO,1,,,,,,test
CCCCCCCCCCCCNCCCNCCCCCCCCCCCC,0,,,,,,train
C[Si](C)(C)O[Si](C)(C)O[Si](C)(C)C,1,,,,,,train
CN(c1c(Br)cc(Br)cc1Br)c1c([N+](=O)[O-])cc([N+](=O)[O-])cc1C(F)(F)F,1,,,,,,train
CCOc1ccc(C2(C(=O)OC(C#N)c3cccc(Oc4ccccc4)c3)CC2(Cl)Cl)cc1,1,,,,,,train
CCCCCC(C)C,0,,,,,,valid
CCCCCCCCCCCC,1,,,,,,train
CCCCCCCCC=CCCCCCCCC(=O)OCCOCCOCCOCCOCCO,1,,,,,,train
CC(C)c1c(Cl)cc2c(c1Cl)CCC1C(C)(C(=O)O)CCCC21C,1,,,,,,train
CC1(C)CNC(=NN=C(C=Cc2ccc(C(F)(F)F)cc2)C=Cc2ccc(C(F)(F)F)cc2)NC1,1,,,,,,train
CCCCCCCCCc1ccc2c(S(=O)(=O)O)cc(CCCCCCCCC)cc2c1,1,,,,,,test
CCCCCC(CCCC)c1ccc(S(=O)(=O)O)cc1.CCCCCCCCC(CCCC)c1ccc(S(=O)(=O)O)cc1.CCCCCCCCCCC(C)c1ccc(S(=O)(=O)O)cc1,1,,,,,,train
CCCCCCCCC=CCCCCCCCC[N+](C)(C)CCCCCCCCC=CCCCCCCCC.CCC[N+](C)(C)CCC,1,,,,,,train
CCCCCCCCCC[N+](C)(CCCCCCCCCC)CCC[Si](OC)(OC)OC,1,,,,,,train
CCCCCCCCCCCCCCCC[N+](C)(C)Cc1ccc(Cl)c(Cl)c1.CCCCCCCCCCCCCCCC[N+](C)(C)Cc1ccc(Cl)cc1Cl.CCCCCCCCCCCCCC[N+](C)(C)Cc1ccc(Cl)c(Cl)c1.CCCCCCCCCCCCCC[N+](C)(C)Cc1ccc(Cl)cc1Cl.CCCCCCCCCCCC[N+](C)(C)Cc1ccc(Cl)c(Cl)c1.CCCCCCCCCCCC[N+](C)(C)Cc1ccc(Cl)cc1Cl,1,,,,,,train
CC(Oc1ccc(Oc2ncc(C(F)(F)F)cc2Cl)cc1)C(=O)O,0,,,,,,valid
CCC(C)C1OC2(C=CC1C)CC1CC(CC=C(C)C(OC3CC(OC)C(OC4CC(OC)C(O)C(C)O4)C(C)O3)C(C)C=CC=C3COC4C(O)C(C)=CC(C(=O)O1)C34O)O2.COC1CC(OC2C(C)OC(OC3C(C)=CCC4CC(CC5(C=CC(C)C(C(C)C)O5)O4)OC(=O)C4C=C(C)C(O)C5OCC(=CC=CC3C)C45O)CC2OC)OC(C)C1O,1,,,,,,train
CCOC(=O)C(C)OC(=O)c1cc(Oc2ccc(C(F)(F)F)cc2Cl)ccc1[N+](=O)[O-],1,,,,,,train
CCCCCCC(C)OC(=O)COc1nc(F)c(Cl)c(N)c1Cl,1,,,,,,train
CCCCCCCCCCCCCC[P+](CCCC)(CCCC)CCCC,1,,,,,,train
Cc1ccc(C(=O)COc2c(C(=O)c3ccc(Cl)c(C)c3Cl)c(C)nn2C)cc1,1,,,,,,test
O=C(O)c1c(Cl)ccc2cc(Cl)cnc12,1,,,,,,train
COC(=O)c1ccccc1S(=O)(=O)NC(=O)Nc1nc(OC(F)F)cc(OC(F)F)n1,1,,,,,,train
CCON=C(CC)C1=C(O)CC(c2c(C)cc(C)cc2C)CC1=O,1,,,,,,train
CCOC(=O)C1CC(=O)C(=C(O)C2CC2)C(=O)C1,1,,,,,,train
CC(C)CCCCCCCOP(=O)(Oc1ccccc1)Oc1ccccc1.O=P(Oc1ccccc1)(Oc1ccccc1)Oc1ccccc1,1,,,,,,valid
CC(C)c1ccccc1OP(=O)(Oc1ccccc1)Oc1ccccc1.O=P(Oc1ccccc1)(Oc1ccccc1)Oc1ccccc1,1,,,,,,train
CCSC(C)CC1CC(=O)C(C(CC)=NOCC=CCl)=C(O)C1,0,,,,,,train
CC(C)(C)c1ccc(OP(=O)(Oc2ccccc2)Oc2ccccc2)c(C(C)(C)C)c1,1,,,,,,train
CS(=O)(=O)NC(=O)c1cc(Oc2ccc(C(F)(F)F)cc2Cl)ccc1[N+](=O)[O-],0,,,,,,train
O=C(NC(=O)c1c(F)cccc1F)Nc1ccc(OC(F)(F)C(F)OC(F)(F)F)c(Cl)c1,1,,,,,,test
O=C(OCCCCO)c1ccccc1C(=O)OCCCCOC(=O)c1ccccc1C(=O)OCCCCO,0,,,,,,train
CCOC(=O)COc1cc(-c2nn(C)c(OC(F)F)c2Cl)c(F)cc1Cl,1,,,,,,train
CCCCCCCCCC[N+](C)(C)CCCCCCC(C)C,1,,,,,,train
N#Cc1ccc(CC(=NNC(=O)Nc2ccc(OC(F)(F)F)cc2)c2cccc(C(F)(F)F)c2)cc1,1,,,,,,train
CS(=O)(=O)c1cc(C(F)(F)F)ccc1C(=O)c1cnoc1C1CC1,1,,,,,,valid
CCCCCCCCCC[N+](C)(C)CCCCCCCCCC.CCCCCCCCCC[N+](C)(C)CCCCCCCCCC.O=C(O)O,1,,,,,,train
CCC(C)C1OC2(C=CC1C)CC1CC(CC=C(C)C(OC3CC(OC)C(OC4CC(OC)C(NC)C(C)O4)C(C)O3)C(C)C=CC=C3COC4C(O)C(C)=CC(C(=O)O1)C34O)O2.CNC1C(C)OC(OC2C(C)OC(OC3C(C)=CCC4CC(CC5(C=CC(C)C(C(C)C)O5)O4)OC(=O)C4C=C(C)C(O)C5OCC(=CC=CC3C)C45O)CC2OC)CC1OC,1,,,,,,train
CCOC1C(OC)C(C)OC(OC2CC3CCC4C5CC(=O)OC(CC)CCCC(OC6CCC(N(C)C)C(C)O6)C(C)C(=O)C5=CC4C3C2)C1OC,1,,,,,,train
OC(=NCCc1ncc(C(F)(F)F)cc1Cl)c1ccccc1C(F)(F)F,1,,,,,,train
CCCCCCCC1CCC(=O)O1,1,,,,,,test
S=c1[nH]c2ccccc2s1,1,,,,,,train
S=c1[nH]c2cc(Cl)ccc2s1,1,,,,,,train
CCC(C)C(C)C=O,1,,,,,,train
COP(O)(=S)OC,1,,,,,,train
Cc1c(Cl)cc(C(C)(C)C)c(O)c1C(=O)Nc1ccc([N+](=O)[O-])cc1Cl,1,,,,,,valid
O=[N+]([O-])OCC(CO[N+](=O)[O-])(CO[N+](=O)[O-])CO[N+](=O)[O-],1,,,,,,train
C=CC=O.O=S(=O)(O)CCS,1,,,,,,train
O=c1nc(NO)ccn1C1OC(CO)C(O)C1O,1,,,,,,train
Cc1cc(N(C)C)cc(C)c1C(=C1C=CC(=[N+](C)C)C=C1)c1ccc(N(C)C)cc1,1,,,,,,train
Oc1ccc(O)c2c1C(O)C1OC1C21Oc2cccc3cccc(c23)O1,1,,,,,,test
C1=C(c2cccnc2)CCNC1,1,,,,,,train
CCCCCCCCCCCCOC(=O)c1ccccc1,1,,,,,,train
CC1(c2cccc(C=Cc3ccc(Cl)cn3)c2)CCSC(N)=N1,1,,,,,,train
NNC1=NCCN1,1,,,,,,train
C1CNCCCNCCCNC1,1,,,,,,valid
CCOP(=O)(O)NC(CC(C)C)C(=O)O,1,,,,,,train
CN(CS(=O)(=O)O)c1ccc(N=Nc2cccc(S(N)(=O)=O)c2)cc1,0,,,,,,train
CC(=O)OP(=O)(O)N(CC1CN(c2cc(F)c(N3C=CC(=O)CC3)c(F)c2F)C(=O)O1)c1ccon1,1,,,,,,train
COc1cc(C(C)=O)ccc1O,1,,,,,,train
OC1C=CC(O)C23OC12C(O)C1OC1C31Oc2cccc3cccc(c23)O1,1,,,,,,test
NC(C(=O)N1CCCC1)C(O)c1ccncc1,1,,,,,,train
CCCCCCCCC=CCCCCCCCC(=O)NC1CC1O,1,,,,,,train
CCC1(O)CC2CC(c3cc4c(cc3OC)N(C)C3C(O)(C(N)=O)C(O)C5(CC)C=CCN6CCC43C65)c3[nH]c4ccccc4c3CCN(C2)C1,1,,,,,,train
CCOP(=S)(OCC)OCCc1ccccc1,1,,,,,,train
Cc1nnc(C(=O)NC(C)(C)c2nc(C(=O)NCc3ccc(F)cc3)c(O)c(=O)n2C)o1,1,,,,,,valid
OCC1NCC(O)C1O,1,,,,,,train
Nc1ncnc2c1ncn2C1CCC(COP(=O)(O)OP(=O)(O)OP(=O)(O)O)O1,0,,,,,,train
Oc1ccc(-c2n[nH]c3c(O)cccc23)c(O)c1,0,,,,,,train
CC1(C)CCC2(C(=O)O)CCC3(C)C(=CCC4C5(C)CCC(OC(=O)C=Cc6ccc(O)cc6)C(C)(C)C5CCC43C)C2C1,1,,,,,,train
CC1(C)OC2CC3C4CCC5=CC(=O)C=CC5(C)C4(F)C(O)CC3(C)C2(C(=O)CO)O1.COC12C(COC(N)=O)C3=C(C(=O)C(C)=C(N)C3=O)N1CC1NC12,1,,,,,,test
CC(=O)OCCC1=CCC2CC1C2(C)C,1,,,,,,train
CCCc1cc(F)c(N)c2nc(-c3ccc(P(=O)(O)O)o3)n(CC(C)C)c12,1,,,,,,train
CCOCC1CCC(=C(c2ccc(O)cc2)c2ccc(O)cc2)CC1,1,,,,,,train
COc1cc(C=Cc2ccc(OC)c(OP(=O)(O)O)c2OP(=O)(O)O)cc2c1OCO2,1,,,,,,train
CNN=Nc1[nH]cnc1C(N)=O,1,,,,,,valid
CN1CCCN(C(=O)c2ccc(-c3cc(NC4CC4)n4ncc(C=C5NC(=O)NC5=O)c4n3)s2)CC1,1,,,,,,train
CCCCCCC=O,1,,,,,,train
C[n+]1ccccc1,1,,,,,,train
CC(C)CCCC(C)C1CCC2C3CCC4=CC(=NO)CCC4(C)C3CCC12C,1,,,,,,train
CN(C)CCCSC(=N)N,1,,,,,,test
O=P(O)(O)C(CCCc1ccc(-c2ccccc2)cc1)P(=O)(O)O,1,,,,,,train
Nc1ccc([S+](O)c2ccc(N)cc2)cc1,1,,,,,,train
CCCCCCCCC(C)O,1,,,,,,train
CC1CCC2C(C)(C)C3CC12CCC3(C)OC(=O)Cc1ccncc1,1,,,,,,train
CCN(Cc1ccccc1)c1ccc(C=C(C#N)C(=O)OCC[N+](C)(C)C)cc1,1,,,,,,valid
O=C(OCC1CO1)C1CC=CCC1C(=O)OCC1CO1,1,,,,,,train
CC(=O)OC1CC2CC1C1CCCC21,1,,,,,,train
CCN(Cc1ccccc1)c1ccc(N=Nc2ccc(N=Nc3cc(C)c(N=Nc4cccc(S(=O)(=O)O)c4)cc3C)c3cc(S(=O)(=O)O)ccc23)c(C)c1.CCN(Cc1ccccc1)c1ccc(N=Nc2ccc(N=Nc3cc(C)c(N=Nc4cccc(S(=O)(=O)O)c4)cc3C)c3ccc(S(=O)(=O)O)cc23)c(C)c1,1,,,,,,train
CC(O)C[N+](C)(C)C.CCCCC(CC)C(=O)O,1,,,,,,train
CN(CS(=O)(=O)O)c1ccc(N=Nc2ccc(S(N)(=O)=O)cc2)cc1,1,,,,,,test
CCCCCC(C)COC(=O)CCS,1,,,,,,train
CCCCOc1cccc(F)c1F,1,,,,,,train
C=CC(C)(CCC=C(C)C)OC(C)=O,1,,,,,,train
CCCCC(O)C(N)CC,1,,,,,,train
CCOC1C(C)CCCC1C,1,,,,,,valid
C=CC(=O)OCC1(CC)COCOC1,1,,,,,,train
CCCCCCCCCCCCCCCCCCCCCC(=O)NCCCN(C)C,1,,,,,,train
CCCCNS(=O)(=O)c1ccccc1,1,,,,,,train
C=CC(=O)OCCn1c(=O)n(CCOC(=O)C=C)c(=O)n(CCOC(=O)C=C)c1=O,1,,,,,,train
C=CC(=O)OCC1COC(C)(C)O1,1,,,,,,test
O=C1CCCCCCCCCCCCCC1,1,,,,,,train
O=C1C=CC(=NO)C=C1,1,,,,,,train
CCCCC(CC)COC(=O)c1ccc([N+](=O)[O-])cc1,1,,,,,,train
COc1cc(Br)c2c3c1OC1CC(=O)C=CC31CCN(C)C2,1,,,,,,train
Cc1cc(C)c(O)c(C(c2cc(C)cc(C)c2O)C(C)C)c1,1,,,,,,valid
C=C(C)C(=O)OCCOC,1,,,,,,train
O=C(CN(Cc1ccccc1)Cc1ccccc1)c1ccc(O)c(O)c1,1,,,,,,train
CCCCCCCCCCCCCCCC(=O)N(C)C(CO)C(=O)NC(C)C(=O)NCC(=O)N(C)C1C(=O)NC(C)C(=O)NC(C(=O)O)Cc2ccc(O)c(c2)-c2cc1ccc2O,1,,,,,,train
C=C(C)C(=O)OCCOCCOCCCC,1,,,,,,train
CC(O)C[N+](C)(C)C.O=CO,1,,,,,,test
COc1cc(C=Cc2ccc(OC)c(OP(=O)(O)O)c2OP(=O)(O)O)cc(OC)c1OP(=O)(O)O,1,,,,,,train
CCCCOCCOCCOCOCCOCCOCCCC,0,,,,,,train
C1=CCCC2OC2CCC=CCC1,1,,,,,,train
CCCCCC1COCCC1OC(C)=O,1,,,,,,train
C=C(CC(=O)OCCCC)C(=O)OCCCC,1,,,,,,valid
CC1C(C)(C)C2=C(c3ncncc3CC2)C1(C)C,1,,,,,,train
OC(Cn1ccnc1)c1ccc(Cl)cc1Cl,1,,,,,,train
C=C(C)OC(C)=O,1,,,,,,train
CC(C=O)Cc1ccc(C(C)C)cc1,1,,,,,,train
Cc1cc(N=Nc2c(S(=O)(=O)O)cc3cc(S(=O)(=O)O)cc(N)c3c2O)ccc1N=Nc1ccc(N=Nc2c(S(=O)(=O)O)cc3cc(S(=O)(=O)O)cc(N)c3c2O)cc1,0,,,,,,test
CCCCCCCCC=CCCCCCCCC(=O)NCC(C)O.CCCCCCCCC=CCCCCCCCC(=O)NCC(C)OC(=O)CC(C(=O)O)S(=O)(=O)O,1,,,,,,train
CC(=O)OCC1OC(OC2C(OC(C)CCCCCCC=CCCCCCCC(=O)O)OC(COC(C)=O)C(O)C2O)C(O)C(O)C1O.CC(=O)OCC1OC2OC(C)CCCCCCC=CCCCCCCC(=O)OC3C(COC(C)=O)OC(OC2C(O)C1O)C(O)C3O,1,,,,,,train
CCCCCCCCC=CC=O,1,,,,,,train
O=C(CN1CCCC1)Nc1ccc(C(c2ccc(F)cc2)(c2ccc(NC(=O)CN3CCCC3)cc2)C(F)(F)F)cc1,1,,,,,,train
CC(=Cc1csc(C)n1)C1OC(=O)CC(O)C(C)(C)C(=O)C(C)C(O)C(C)CCCC=CC1O,1,,,,,,valid
NCCCOc1cccc(Oc2ccccc2)c1,1,,,,,,train
NC(CSS(=O)(=O)O)C(=O)O,1,,,,,,train
CC(C)(OC(C)(C)C(=O)O)C(=O)O,1,,,,,,train
CC(=O)OCC(=Cc1ccccc1F)C(=O)c1ccccc1,1,,,,,,train
CC1=C(C2=C(C)C(=O)c3c(cc(O)c(O)c3C(=O)NCc3cccc(C)c3)C2=O)C(=O)c2cc(O)c(O)c(C(=O)NCc3cccc(C)c3)c2C1=O,1,,,,,,test
O=CC12CC3CC(CC(C3)C1)C2,1,,,,,,train
CC(C)(C)c1ccc(OP(Oc2ccccc2)Oc2ccccc2)c(C(C)(C)C)c1.CC(C)(C)c1ccc(OP(Oc2ccccc2)Oc2ccccc2)cc1.CC(C)(C)c1ccccc1OP(Oc1ccccc1)Oc1ccccc1.c1ccc(OP(Oc2ccccc2)Oc2ccccc2)cc1,1,,,,,,train
C=CC(C)CCCC(C)(C)OC(C)=O,1,,,,,,train
C=CC(=O)OCC(O)COC(=O)C(C)(CCC)CCCC,1,,,,,,train
CCCCCCCCCCCCCC[N+](C)(C)C.CCCCCCCCCCCC[N+](C)(C)C.COS(=O)(=O)OC,1,,,,,,valid
CC(N)c1ccccc1,1,,,,,,train
C=CC(=O)OCC1CC2CC1C1CCCC21,1,,,,,,train
CCCC=C(C#N)c1ccccc1,1,,,,,,train
COc1ccc(P2(=O)Oc3ccccc3-c3ccccc3O2)cc1,1,,,,,,train
CC(C)CCCCCCCOC(=O)CC(C(=O)OCCCCCCCC(C)C)S(=O)(=O)O,1,,,,,,test
COC(=O)OC1C2CCCC1CC2.COC(=O)OC1CC=CCCCC1.COC(=O)OC1CCC2CCCC21.COC(=O)OC1CCC2CCCC21.COC(=O)OC1CCC=CCCC1,1,,,,,,train
Cc1ccc(S(=O)(=O)NN)cc1,1,,,,,,train
CCN(C(C)C)C(C)C,1,,,,,,train
CC(C)(C)OC(=O)NC(CO)c1ccccc1,1,,,,,,train
CNC(=O)N(C)c1ncnc2c1ncn2C(=O)NC,1,,,,,,valid
CCNCCCCNCCCCNCCCCNCC,1,,,,,,train
CC(C)(C)OO,1,,,,,,train
CC(C)(c1ccc(O)cc1)c1c(Br)cc(OBr)c(Br)c1Br,1,,,,,,train
Cc1cc(C)c(N)c(C)c1,1,,,,,,train
CC(C)(C)c1ccccc1O,1,,,,,,test
O=C1NC(=O)c2cc([N+](=O)[O-])ccc21,1,,,,,,train
O=[N+]([O-])c1cc(Cl)ccc1O,1,,,,,,train
c1ccc(Nc2cccc3ccccc23)cc1,1,,,,,,train
C1CCC2CCCCC2C1,1,,,,,,train
Oc1ccc(-c2ccccc2)cc1,1,,,,,,valid
Nc1ccccc1O,1,,,,,,train
Cc1cc(N)ccc1N,1,,,,,,train
COc1ccc(N)cc1[N+](=O)[O-],1,,,,,,train
C=C(Br)c1ccccc1,1,,,,,,train
C=Cc1ccncc1,1,,,,,,test
NNc1ccccc1,1,,,,,,train
CCC(C)Nc1ccc(NC(C)CC)cc1,1,,,,,,train
c1ccc(Cn2cc[n+](Cc3ccccc3)c2)cc1,1,,,,,,train
CCCCCS,1,,,,,,train
CCSSCC,1,,,,,,valid
c1ccc2c(c1)CCCC2,1,,,,,,train
CCC(C)(C)c1ccc(O)c(C(C)(C)CC)c1,1,,,,,,train
C[N+](C)(C)CC(=O)NN,0,,,,,,train
CCCCCCCC(=O)O,1,,,,,,train
CCCCCCCCCCCCCCCCCCN(C)C.[H+],1,,,,,,test
O=C(O)c1ccc(O)c2ncccc12,1,,,,,,train
Nc1ccccc1F,1,,,,,,train
Nc1cccc(F)c1,1,,,,,,train
NCCCC(F)(F)F,1,,,,,,train
Nc1cccnc1,1,,,,,,valid
CC=CC(=O)N(CC)c1ccccc1C,1,,,,,,train
Cc1cc(C)c(C=O)c(C)c1,1,,,,,,train
NNC(=O)NN,1,,,,,,train
Nc1ccccn1,1,,,,,,train
Cc1cccc(C)c1C,1,,,,,,test
Nc1cc(Cl)cc(Cl)c1,1,,,,,,train
CN(C)c1ccc([C+](c2ccccc2)c2ccc(N(C)C)cc2)cc1,1,,,,,,train
Oc1cc(Br)cc(Br)c1,1,,,,,,train
c1ccc(-c2nc3ccccc3[nH]2)cc1,1,,,,,,train
N#CC=CC#N,1,,,,,,valid
c1ccc(C2CCCCC2)cc1,1,,,,,,train
Oc1ccc(C2(c3ccc(O)cc3)CCCCC2)cc1,1,,,,,,train
N#Cc1ccccc1Cl,1,,,,,,train
C=C(Cl)C#N,1,,,,,,train
c1ccc(-c2cc3ccccc3[nH]2)cc1,1,,,,,,test
CC(N)=CC#N,1,,,,,,train
C=Cc1ccccc1C=C,1,,,,,,train
CCC(=O)C=CC1C(C)=CCCC1(C)C,1,,,,,,train
CNc1cccc(NC)c1,1,,,,,,train
O=C1CCCCC1C1=CCCCC1,1,,,,,,valid
N#CC1=CCCCC1,1,,,,,,train
COc1ccc(OC)c(Cl)c1,1,,,,,,train
Cc1cccc(C(C)(C)C)c1O,1,,,,,,train
Nc1cccc2c(N)cccc12,1,,,,,,train
C(CCOCC1CO1)COCC1CO1,1,,,,,,test
C=CCOCCCCCC,1,,,,,,train
CCC(C)c1cc([N+](=O)[O-])cc([N+](=O)[O-])c1OC,1,,,,,,train
CC=CCO,1,,,,,,train
COC1=CC2C3Cc4ccc(OC)c(OCCCCCCOc5c(OC)ccc6c5C57CCN(C)C(C6)C5C=C(OC)C(=O)C7)c4C2(CCN3C)CC1=O,1,,,,,,train
CCCCC(CC)COP(=O)(O)CC(CC)CCCC,1,,,,,,valid
CCCCCc1cc(O)cc(OC)c1,1,,,,,,train
C=CC(=O)NCOCC(C)C,1,,,,,,train
CC(C)(C)c1cc(C(=O)O)c(O)c(C(C)(C)C)c1,1,,,,,,train
Nc1cc(Cl)c(N)cc1Cl,1,,,,,,train
CCOC(=O)N1C(=O)c2ccccc2C1=O,1,,,,,,test
CC(C)C(C)(C)C(C)(C)C(C)(C)S,1,,,,,,train
Cc1cccc(OP(=O)(Oc2cccc(C)c2C)Oc2cccc(C)c2C)c1C,1,,,,,,train
CC(C)c1ccccc1C(C)C,1,,,,,,train
Cc1cccc(C(C)O)c1,0,,,,,,train
CC(C)c1cccc2ccccc12,1,,,,,,valid
Cc1ccc(OCC2CO2)c(Br)c1Br,1,,,,,,train
O=C(c1cccc(O)c1)c1c(O)cc(O)cc1O,1,,,,,,train
C=CC(=O)O.O=c1n(CCO)c(=O)n(CCO)c(=O)n1CCO,1,,,,,,train
CCOc1cc(N2CCOCC2)c(OCC)cc1N,1,,,,,,train
C(=CCOCc1ccccc1)COCc1ccccc1,1,,,,,,test
C=CC(C)(O)CCCC(C)CCCC(C)CCCC(C)C,1,,,,,,train
Nc1ccc(Cl)cc1[N+](=O)[O-],1,,,,,,train
ClC(CC(Cl)(Cl)Cl)OC(Cl)CC(Cl)(Cl)Cl,1,,,,,,train
Cc1c(-c2ccc(-c3ccccc3F)cc2)nc2ccc(F)cc2c1C(=O)O,1,,,,,,train
Oc1ccc(Br)cc1Br,1,,,,,,valid
NNc1c(Cl)cc(Cl)cc1Cl,1,,,,,,train
Cc1cc(Cl)ccc1Cl,1,,,,,,train
COc1ccc(O)c(C(C)(C)C)c1,1,,,,,,train
CCOP(=O)(OCC)SCCSCC,1,,,,,,train
O=C(O)C(F)(F)C(F)F,0,,,,,,test
O=C(CO)Oc1ccc(Cl)cc1Cl,0,,,,,,train
CCCCCCCCCCCCCCCCCC(=O)N1CC(OS(=O)(=O)O)CC1C(=O)NCCCCCCCCCCCCCC,1,,,,,,train
O=C(c1nccs1)C1CCN(C(=O)c2cscn2)CC1,1,,,,,,train
CCCCCCC1C(=O)OC(C)C(NC(=O)c2cccc(NC=O)c2O)C(=O)OC(C)C1OC(=O)CC(C)C,1,,,,,,train
Nc1ccc2c(c1)C(=O)C(=NNc1ccc3c(c1)C(=O)C(=NNc1ccc(N=Nc4ccc(N)c5ccc(S(=O)(=O)O)cc45)cc1)C(S(=O)(=O)O)=C3)C(S(=O)(=O)O)=C2,0,,,,,,valid
CC(C=CC1=C(C)CCCC1(C)C)=CC=CC(C)=CC(=O)O,1,,,,,,train
CCCCCCCCCCCCC[N+](C)(C)Cc1ccccc1,1,,,,,,train
O=C1OC(C(O)CO)C(O)=C1O,1,,,,,,train
C=C1C(CCl)(CCl)C2(Cl)C(Cl)C(Cl)C1(Cl)C2(Cl)Cl,1,,,,,,train
COc1c(-c2ccccc2)oc2ccccc2c1=O,1,,,,,,test
O=C(O)C1=CC(=C(c2ccc(O)c(C(=O)O)c2)c2ccc(O)c(C(=O)O)c2)C=CC1=O,0,,,,,,train
Nc1cc(N2CCCCC2)nc(N)[n+]1OS(=O)(=O)O,1,,,,,,train
CCC(C)C1OC2(CCC1C)CC1CC(CC=C(C)C(OC3CC(OC)C(OC4CC(OC)C(O)C(C)O4)C(C)O3)C(C)C=CC=C3COC4C(O)C(C)=CC(C(=O)O1)C34O)O2.COC1CC(OC2C(C)OC(OC3C(C)=CCC4CC(CC5(CCC(C)C(C(C)C)O5)O4)OC(=O)C4C=C(C)C(O)C5OCC(=CC=CC3C)C45O)CC2OC)OC(C)C1O,1,,,,,,train
CCNc1nc(Cl)nc(NCC)n1.CCNc1nc(NC(C)(C)C)nc(SC)n1.Cc1cc(Cl)ccc1OCC(=O)O,1,,,,,,train
CCOC(=O)c1cn2nc(OP(=S)(OCC)OCC)cc2nc1C,1,,,,,,valid
CC(C)Oc1ccc(CN2CCc3cc(S(=O)(=O)Nc4ccc(CCCC5CCCC5)cc4F)ccc3C2)cc1,1,,,,,,train
CC1OC(OC2C(O)C(O)C(O)C(O)C2O)C(N)CC1N=C(N)C(=O)O,1,,,,,,train
CCCCCCCCCCCCCCOS(=O)(=O)O,1,,,,,,train
Cc1nn(C)c(OCC(=O)c2ccccc2)c1C(=O)c1ccc(Cl)cc1Cl,1,,,,,,train
C=CCSCC=C,1,,,,,,test
CCCCCCCCCc1ccccc1O,1,,,,,,train
CCCCCCCCCN(CCCCCCCCC)CCCCCCCCC,1,,,,,,train
CC(C)(C)C(O)C(=Cc1ccc(Cl)cc1)n1cncn1,1,,,,,,train
CCC(=C(c1ccc(O)cc1)c1ccc(OCCN(C)C)cc1)c1ccccc1,1,,,,,,train
CC=CC(=O)Oc1c(CCCCCC(C)C)cc([N+](=O)[O-])cc1[N+](=O)[O-],1,,,,,,valid
C=CC1CC1(NC(=O)C1CC2(CN1C(=O)C(NC(=O)C(NC(=O)C1CCCCN1C(C)C)C1CCCCC1)C(C)(C)C)C(C)(C)C21CCC1)C(=O)NS(=O)(=O)N(C)CC(F)F,1,,,,,,train
CC(O)COC(=O)CBr,1,,,,,,train
CCCCCCCCCC(=O)N(C)CCCNc1ccnc2cc(Cl)ccc12,1,,,,,,train
NCCOS(=O)(=O)O,1,,,,,,train
CCC1CCC(CCC(=O)O)C1,1,,,,,,test
CC(Cl)Cl,0,,,,,,train
CC1(C)C2CCC1(CS(=O)(=O)O)C(=O)C2=Cc1ccc(C=C2C(=O)C3(CS(=O)(=O)O)CCC2C3(C)C)cc1.OCCN(CCO)CCO.OCCN(CCO)CCO,0,,,,,,train
Cc1cc(O)ccc1N,1,,,,,,train
O=C(O)C1C2C=CC(O2)C1C(=O)O,1,,,,,,train
O=C(CCl)c1ccccc1,1,,,,,,valid
Ic1cncc(C2CC3CCC2N3)c1,1,,,,,,train
NCCc1ccc(-c2c(O)cc(Cl)c3[nH]c(=O)c4sccc4c23)cc1Cl,1,,,,,,train
COP(=O)(OC)Oc1ccc([N+](=O)[O-])c(C=O)c1,1,,,,,,train
CCCC(Cl)CCCC(Cl)CCC(Cl)CCC(Cl)CCC(Cl)CCCC(Cl)CCC,0,,,,,,train
COP(=S)(OC)Oc1ccc(N)c(C)c1,1,,,,,,test
O=S(=O)(NCl)c1ccccc1,0,,,,,,train
CCN(CC)C(=O)SCc1ccccc1Cl,1,,,,,,train
O=C(Nc1nc2ccccc2[nH]1)c1cc2cc([N+](=O)[O-])ccc2oc1=O,1,,,,,,train
C1CCNC1.NC(=S)S,1,,,,,,train
SC1Nc2ccccc2S1,1,,,,,,valid
CC(C)(CC(=O)O)n1cc(-c2cc(F)cc3c2-c2ccccc2C3(O)C(F)(F)F)cn1,0,,,,,,train
CCOC(=O)c1c(NC(=O)CSc2nnc(CNC(=O)c3cccc(C)c3)n2-c2cccc(C)c2)sc2c1CCC2,1,,,,,,train
OCCCCCc1ccc2c(c1)OCO2,1,,,,,,train
CC(C)(O)CCC(O)C(C)(O)C1CCC2(O)C3=CC(=O)C4CC(O)C(O)CC4(C)C3CCC12C,0,,,,,,train
CC(=O)NC(CCCNC(=N)N)C(=O)NC1CC(=O)NCCCCC(C(N)=O)NC(=O)C(Cc2c[nH]c3ccccc23)NC(=O)C(CCCNC(=N)N)NC(=O)C(Cc2ccccc2)NC(=O)C(Cc2c[nH]cn2)NC1=O,1,,,,,,test
COc1ccc(N=CC=C2N(C)c3ccccc3C2(C)C)c(OC)c1,1,,,,,,train
CNC(=O)Oc1cccc(C)c1,1,,,,,,train
CN(C)c1ccc(N=Nc2ccccc2)cc1,1,,,,,,train
CCN(Cc1cccc(S(=O)(=O)O)c1)c1ccc([C+](c2ccc(N(C)C)cc2)c2ccc(N(CC)Cc3cccc(S(=O)(=O)O)c3)cc2)cc1,0,,,,,,train
COc1cc(C=O)c(Cl)cc1O,1,,,,,,valid
CN(C)C,0,,,,,,train
CCCCCOP(=O)(OCCCCC)OCCCCC,1,,,,,,train
CCC(C(c1ccc(Cl)cc1)c1ccc(Cl)cc1)[N+](=O)[O-],1,,,,,,train
CCCCCCCCCCCC[N+](C)(C)Cc1ccccc1,1,,,,,,train
NNC(=O)N1C(=O)c2cc(S(=O)(=O)O)cc3c(N)c(S(=O)(=O)O)cc(c23)C1=O,0,,,,,,test
Cc1cc(-c2ccc(NN=C3C=Cc4c(S(=O)(=O)O)cc(S(=O)(=O)O)c(N)c4C3=O)c(C)c2)ccc1NN=C1C=Cc2c(S(=O)(=O)O)cc(S(=O)(=O)O)c(N)c2C1=O,0,,,,,,train
c1ccc2c(c1)-c1nc3nc(nc4[nH]c(nc5[nH]c(nc-2n1)c1ccccc51)c1ccccc41)-c1ccccc1-3,0,,,,,,train
N#Cc1cccc(C#N)c1,1,,,,,,train
ClC=C(c1ccc(Cl)cc1)c1ccccc1Cl,1,,,,,,train
O=C1C(=C2Nc3ccccc3C2=O)Nc2ccccc21,1,,,,,,valid
Nc1cc(S(=O)(=O)O)cc2c1C(=O)C(=NNc1ccc(-c3ccc(NN=C4C(=O)c5c(N)cc(S(=O)(=O)O)cc5C=C4S(=O)(=O)O)cc3)cc1)C(S(=O)(=O)O)=C2,0,,,,,,train
CCN,0,,,,,,train
O=C(Nc1ccc2c(c1)C=C(S(=O)(=O)O)C(=NNc1ccc(N=Nc3ccc(S(=O)(=O)O)cc3)cc1)C2=O)c1ccccc1,0,,,,,,train
Cc1ccccc1N=Nc1c(N)ccc2ccccc12,1,,,,,,train
O=C(Nc1ccc(Cl)c(Cl)c1)Nn1cnnc1,1,,,,,,test
CN(C)C1C(=O)C(=C(N)O)C(=O)C2(O)C(=O)C3=C(O)c4c(O)cccc4C(C)(O)C3C(O)C12.[H+],0,,,,,,train
CCCc1c(O)c(Oc2c(Cl)c(O)c(Cl)c(CCC)c2C(=O)OC)c(Cl)c(OC)c1Cl,1,,,,,,train
CN(C)C1C(=O)C(=C(N)O)C(=O)C2(O)C(=O)C3=C(O)c4c(O)cccc4C(C)(O)C3CC12.[H+],0,,,,,,train
NCCCCNCC(=O)NCCCNCCCNCCCCNC(=O)C(CC(N)=O)NC(=O)c1cc2ccc(O)cc2oc1=O,1,,,,,,train
CCCCCCCCC(CC)c1ccc(S(=O)(=O)O)cc1,1,,,,,,valid
FC(F)(F)c1ccccc1-n1ccnc1,0,,,,,,train
CCOP(=S)(OCC)Oc1cc(Cl)c(I)cc1Cl,0,,,,,,train
COC(=O)NC1C(OC2C(CO)OC(OC3C(CO)OC(O)C(N)C3O)C(N)C2O)OC(CO)C(OC2OC(CO)C(OC3OC(CO)C(OC4OC(CO)C(OC5OC(CO)C(OC6OC(CO)C(OC7OC(CO)C(O)C(O)C7N)C(O)C6N)C(O)C5N)C(O)C4N)C(O)C3N)C(O)C2N)C1O,1,,,,,,train
CC#CCn1c(N2CCCC(N)C2)nc2c1c(=O)n(Cc1nc3ccccc3s1)c(=O)n2C,1,,,,,,train
CCCCCCCCCCc1ccc2oc(NCC3CCCN3)nc2c1,0,,,,,,test
CC#CC(CNC(=O)O)C(C)I,1,,,,,,train
CCCC(C)CCCOC(=O)C(C)Oc1cc(Cl)c(Cl)cc1Cl,1,,,,,,train
CC(=O)C=C(C)C,1,,,,,,train
CCCc1cc(=O)[nH]c(=S)[nH]1,0,,,,,,train
COCC(=O)Nc1c(I)c(C(=O)NCC(O)CO)c(I)c(C(=O)N(C)CC(O)CO)c1I,0,,,,,,valid
CC(C)(C)CC(C)(C)c1ccc(OCCOCCO)cc1,1,,,,,,train
N#CCCNCCC#N,0,,,,,,train
Oc1cc(O)cc(O)c1,0,,,,,,train
CN(C)CCOC(c1ccccc1)c1ccccc1,1,,,,,,train
CC(=O)c1ccc(O)cc1,1,,,,,,test
CCCCCCCCCC(=O)NO,1,,,,,,train
Clc1cc2c(cc1Cl)Oc1cc(Cl)c(Cl)cc1O2,1,,,,,,train
O=C(O)c1cccc(C=C2CC3C(CC(O)C3C=CC(O)C3CCCCC3)O2)c1,1,,,,,,train
CCCC(CC)CCOC(=O)COc1cc(Cl)c(Cl)cc1Cl,1,,,,,,train
CC(=O)CC(c1ccc(Cl)cc1)c1c(O)oc2ccccc2c1=O,0,,,,,,valid
C=CC=CCC1=C(C)C(OC(=O)C2C(C=C(C)C)C2(C)C)CC1=O,1,,,,,,train
CCOP(=S)(OCC)OC(=NN=C1C(=O)Nc2ccccc21)c1ccccc1,1,,,,,,train
COP(=O)(OC)SCCSC,1,,,,,,train
Nc1nc(C2CC2)nc(C(=O)O)c1Cl,0,,,,,,train
CC(C)Nc1nc(Cl)nc(NC(C)C)n1,1,,,,,,test
CNC(=O)C(C)SCCSP(=O)(OC)OC,1,,,,,,train
CCNc1nc(Cl)nc(N(CC)CC)n1,1,,,,,,train
C=C(C)C(CC=C(C)C)Cc1c(O)cc(O)c2c1OC(c1ccc(O)cc1O)CC2=O,1,,,,,,train
O=C(Nc1cnc2ccccc2c1)c1ccccc1NCc1ccncc1,1,,,,,,train
CCCCCCCCCCCCN=C(N)N,1,,,,,,valid
COC1C(CO)OC(n2c3ccccc3c3c4c(c5c6ccccc6[nH]c5c32)C(=O)N(C)C4)C(O)C1O.COC1C(CO)OC(n2c3ccccc3c3c4c(c5c6ccccc6[nH]c5c32)CN(C)C4=O)C(O)C1O,1,,,,,,train
CCS(=O)(=O)c1cccnc1S(=O)(=O)NC(=O)Nc1nc(OC)cc(OC)n1,0,,,,,,train
CCCCCCCC(=O)OC.CCCCCCCCCC(=O)OC,1,,,,,,train
C[Se]CCC(N)C(=O)O,1,,,,,,train
O=C1CC=C(O)N=N1,0,,,,,,test
CCCCCCCc1ccc(O)cc1,1,,,,,,train
COP(=O)(OC)Oc1ccc([N+](=O)[O-])c(C)c1,1,,,,,,train
CCCCCC(C)OC(=O)COc1ccc(Cl)c2cccnc12,1,,,,,,train
CN(CCCl)CCCl.[H+],1,,,,,,train
C[As]=S,1,,,,,,valid
OCCN1CN(CCO)CN(CCO)C1,1,,,,,,train
CCCC(CCC)C(=O)O,1,,,,,,train
COC(=O)c1cccc(C)c1S(=O)(=O)NC(=O)Nc1nc(OCC(F)(F)F)nc(N(C)C)n1,0,,,,,,train
CC(C(=O)O)N(C(=O)c1ccccc1)c1ccc(F)c(Cl)c1,1,,,,,,train
CCCCCCCCCCCCCC[N+](C)(C)Cc1ccccc1,1,,,,,,test
Nc1ccc([As](=O)(O)O)cc1,0,,,,,,train
Fc1ccc(CSc2ccc3nnc(-c4cccnc4)n3n2)cc1,1,,,,,,train
CC12CCC(=O)C=C1CCC1C2C(O)CC2(C)C1CCC2(O)C(=O)COP(=O)(O)O,1,,,,,,train
Cn1cc(C(=O)Nc2ccccc2C2CC2C2CC2)c(C(F)F)n1,1,,,,,,train
ClNc1nc(NCl)nc(NCl)n1,1,,,,,,valid
NC(=O)O,1,,,,,,train
CS(=O)(=O)c1ccc(C(=O)C2C(=O)CCCC2=O)c(Cl)c1COCC(F)(F)F,1,,,,,,train
CC(=O)Oc1ccc2[nH]c(=O)c3sccc3c2c1-c1ccc(C(C)N)cc1,1,,,,,,train
C#CCN(C)Cc1cccc(C(=O)NC2CC(C)(C)N([O])C(C)(C)C2)c1,1,,,,,,train
CN(CCC(N)CC(=O)NC1C=CC(n2ccc(N)nc2=O)OC1C(=O)O)C(=N)N,1,,,,,,test
COc1cc(C)c(C(=O)c2c(OC)ccc(Br)c2C)c(OC)c1OC,1,,,,,,train
C=C1C(C)(C)C2(Cl)C(Cl)C1(Cl)C(Cl)(Cl)C2(Cl)Cl,1,,,,,,train
CC12CN3CC(C)(CN(C1)C3c1ccccc1)C2=O,1,,,,,,train
Cc1cc(Cl)ccc1OC(C)C(=O)ON(C)C,0,,,,,,train
CC1(c2cc(Br)cc(NC(=O)c3ccc(Br)cc3)c2)CCSC(N)=N1,1,,,,,,valid
CC(C)(C)N(NC(=O)c1ccc(Cl)cc1)C(=O)c1ccccc1,1,,,,,,train
Oc1ccc(-c2ccccc2)cc1Cl,1,,,,,,train
Cc1cc(C)c(C2=C(OC(=O)C(C)(C)C)C3(CCCC3)OC2=O)c(C)c1,1,,,,,,train
[O-][n+]1ccc(Cl)cc1,1,,,,,,train
CCOC(=O)CC(C)=O,0,,,,,,test
COC1CC(OC)NC(NC(=O)NS(=O)(=O)c2c(Cl)nc3ccccn23)N1,1,,,,,,train
CCCCC(CC)CN,1,,,,,,train
C=CCCCCC,0,,,,,,train
CC(C)c1ccccc1.OO,1,,,,,,train
CC(C)(C)c1ccccc1,1,,,,,,valid
C=CCNC(N)=S,0,,,,,,train
O=C1CCCC1,0,,,,,,train
CNC(C)C1CCC(N)C(OC2C(N)CC(N)C(OC3OCC(C)(O)C(NC)C3O)C2O)O1.CNC1C(O)C(OC2C(N)CC(N)C(OC3OC(C(C)N)CCC3N)C2O)OCC1(C)O.CNC1C(O)C(OC2C(N)CC(N)C(OC3OC(CN)CCC3N)C2O)OCC1(C)O,1,,,,,,train
C=CN1CCCC1=O.II,0,,,,,,train
COC(=O)C(N)Cc1ccc(O)cc1,1,,,,,,test
CNC(=O)c1cc(Cl)cc(C)c1NC(=O)c1cc(Br)nn1-c1ncccc1Cl,1,,,,,,train
COc1cnc(OC)n2nc(NS(=O)(=O)c3c(OCC(F)F)cccc3C(F)(F)F)nc12,0,,,,,,train
CC(=O)Oc1ccc(Cl)cc1Cl,1,,,,,,train
CC1(C)c2cc(N3CCN(C(=O)C4CC4)CC3)ccc2C(=O)c2c1[nH]c1cc(C#N)ccc21,1,,,,,,train
COC(=O)c1c(Cl)nn(C)c1S(=O)(=O)NC(=O)Nc1nc(OC)cc(OC)n1,0,,,,,,valid
COC(=O)c1ccccc1S(=O)(=O)NC(=O)Nc1nc(C)cc(C)n1,1,,,,,,train
CCCCCCCCCCCCOc1ccc(C(=O)c2ccccc2)c(O)c1,1,,,,,,train
CCOc1nc(F)cc2nc(S(=O)(=O)Nc3c(Cl)cccc3C(=O)OC)nn12,1,,,,,,train
CC1(C)CCC(=Cc2ccc(Cl)cc2)C1(O)Cn1cncn1,1,,,,,,train
COCC(=O)N(c1c(C)cccc1C)N1CCOC1=O,0,,,,,,test
CCC(C)(C)C(=O)OC1=C(c2cc(Cl)cc(Cl)c2)C(=O)OC12CCCCC2,1,,,,,,train
Cc1ncc([N+](=O)[O-])n1CCO,0,,,,,,train
CNC.O=C(O)c1c(Cl)ccc(Cl)c1Cl,1,,,,,,train
CCCCn1sc2ccccc2c1=O,1,,,,,,train
CC(=O)N(CCN(C(C)=O)C(C)=O)C(C)=O,0,,,,,,valid
CCCCCCNC(=N)NC(=N)N,1,,,,,,train
CNP(=O)(NC)Oc1ccccc1,0,,,,,,train
N=C(N)NCCCC1NC(CNC(=O)c2cnc3ccccc3c2)CCN(CC2CCCCC2)C1=O,1,,,,,,train
Nc1cc(Cl)cc(C(=O)O)c1Cl,0,,,,,,train
Cc1ccn2nc(S(=O)(=O)Nc3c(F)cccc3F)nc2n1,0,,,,,,test
CCN(Cc1cccc(S(=O)(=O)O)c1)c1ccc([C+](c2ccc(N(CC)Cc3cccc(S(=O)(=O)O)c3)cc2)c2ccccc2S(=O)(=O)O)cc1,0,,,,,,train
O=S(=O)(c1ccccc1)c1ccc(Cl)cc1,1,,,,,,train
O=C(CCCCCCCCC(=O)Nc1cc(S(=O)(=O)O)cc2cc(S(=O)(=O)O)cc(O)c12)Nc1cc(S(=O)(=O)O)cc2cc(S(=O)(=O)O)cc(O)c12,0,,,,,,train
CCCCCCCCC1CC(=O)NC(CC(N)=O)C(=O)NC(Cc2ccc(O)cc2)C(=O)NC(CC(N)=O)C(=O)N2CCCC2C(=O)NC(CCC(=O)O)C(=O)NC(CO)C(=O)NC(C(C)O)C(=O)N1,1,,,,,,train
CNC1=Nc2ccc(Cl)cc2C(c2ccc[nH]2)=NC1,1,,,,,,valid
O=C1CCCN1,1,,,,,,train
O=C1OC2(c3cc(Br)c(O)c(Br)c3Oc3c2cc(Br)c(O)c3Br)c2c(Cl)c(Cl)c(Cl)c(Cl)c21,0,,,,,,train
OCc1cccc(Cl)c1,1,,,,,,train
O=[N+]([O-])c1cc([N+](=O)[O-])c(Nc2cc(C(F)(F)F)ccc2Cl)c(C(F)(F)F)c1,1,,,,,,train
CN(C)CCC=C1c2ccccc2CCc2ccccc21.[H+],1,,,,,,test
CC(C)NCC(O)COc1cccc2ccccc12.[H+],1,,,,,,train
CC(C)N(CCC(C(N)=O)(c1ccccc1)c1ccccn1)C(C)C,1,,,,,,train
C=CC.C=CC.C=CC.C=CC.O=S(=O)(O)c1ccccc1,1,,,,,,train
CCC[N+](C)(C)CC[N+](C)(C)CCO,1,,,,,,train
NC(=NN=Cc1ccc(Cl)cc1)NN=Cc1ccc(Cl)cc1,1,,,,,,valid
CCCc1ncc(C[n+]2ccccc2C)c(N)n1.[H+],0,,,,,,train
CC1=CCCC2C1(C)CCC(C)C2(C)Cc1cc(O)ccc1O,1,,,,,,train
CC(C)(C)c1cc(O)cc(C(C)(C)C)c1.CNC(=O)O,1,,,,,,train
CC(C)N(C(=O)SCC(Cl)=CCl)C(C)C,1,,,,,,train
CC(C)(Oc1ccc(Cl)cc1)C(=O)O,0,,,,,,test
O=C(NC(=O)c1ccccc1Cl)Nc1ccc(OC(F)(F)F)cc1,1,,,,,,train
CN(C1CCc2c(CC(=O)O)c3cc(S(C)(=O)=O)ccc3n2C1)S(=O)(=O)c1ccc(F)cc1,1,,,,,,train
COC(=O)C1c2cc3c(c(O)c2C(OC)CC1(C)O)C(=O)c1c(O)cc2c(c1C3=O)OC1OC2(C)C(O)C(N(C)C)C1O,1,,,,,,train
O=[As](O)(O)c1ccccc1,0,,,,,,train
O=C(O)c1ccccc1-c1c2cc(Br)c(=O)c(Br)c-2oc2c(Br)c(O)c(Br)cc12,0,,,,,,valid
CC(=O)N(C)C,0,,,,,,train
c1ccc2cc3cc4ccccc4cc3cc2c1,0,,,,,,train
CC(=O)Nc1ccc2c(c1)Cc1ccccc1-2,1,,,,,,train
O=c1c(-c2ccc(O)cc2)coc2cc(O)cc(O)c12,1,,,,,,train
Nc1ccc(N=Nc2ccccc2)c(N)c1,1,,,,,,test
CN(C)CCOC(c1ccccc1)c1ccccc1.[H+],1,,,,,,train
CC(CCC(=O)O)C1CCC2C3CCC4CC(O)CCC4(C)C3CC(O)C12C,0,,,,,,train
CN(C)c1ccc(C(=N)c2ccc(N(C)C)cc2)cc1.[H+],1,,,,,,train
C=CCC1(C(C)CCC)C(=O)NC(=O)NC1=O,1,,,,,,train
CC(=O)NC(C(=O)NC(Cc1cc2ccccc2n1C(C)=O)C(=O)NC(Cc1ccccc1)C(=O)N(C)Cc1ccccc1)C(C)O,1,,,,,,valid
CCCCCCCCCCCCNCC(O)CCCCCCCCCn1c(=O)c2c(ncn2C)n(C)c1=O,1,,,,,,train
CCCC(=O)O,0,,,,,,train
NC(=S)c1c(Cl)cccc1Cl,1,,,,,,train
N#CS.Nc1ncn[nH]1,0,,,,,,train
Nc1nc(N)nc(NC2CC2)n1,1,,,,,,test
CCCCCCCCCCCCC[N+](C)(C)[O-],1,,,,,,train
CC1(C)OCC2OC3(C(=O)O)OC(C)(C)OC3C2O1,0,,,,,,train
CSc1nc2ccccc2s1,1,,,,,,train
CCOP(=O)(OCC)Oc1cc(C)nc(C(C)C)n1,1,,,,,,train
CNC(=N[N+](=O)[O-])NCC1CCOC1,1,,,,,,valid
CCOc1cc(C(C)(C)C)ccc1C1COC(c2c(F)cccc2F)=N1,1,,,,,,train
Nc1ncnc2c1ncn2C1OC(COC2C(CO)OC(OC(C(=O)O)C(O)C(OP(=O)(O)O)C(O)C(=O)O)C(O)C2O)C(O)C1O,1,,,,,,train
O=C(NCCc1ncc(C(F)(F)F)cc1Cl)c1ccccc1C(F)(F)F,1,,,,,,train
COc1c(Cl)ccc(Cl)c1C(=O)O.NCCOCCO,0,,,,,,train
OCc1c[nH]c2ccccc12,1,,,,,,test
Cc1cnc(C2=NC(=O)C(C)(C(C)C)N2)c(C(=O)O)c1,1,,,,,,train
NC(=O)C#CC(N)=O,1,,,,,,train
[N+]CCC[N+]CCCC[N+]CCC[N+],0,,,,,,train
OC1CCCC1,0,,,,,,train
Nc1cc(Cl)nc(C(=O)O)c1Cl,1,,,,,,valid
CC(C)CCCCCO,1,,,,,,train
CCC(C)(CCC(C)C)C(=O)NC,1,,,,,,train
CC(C)c1nn(C(=O)NC(C)(C)C)c(=O)n1N,0,,,,,,train
C=CCONC(CCC)=C1C(=O)CC(C)(C)C(C(=O)OC)C1=O,0,,,,,,train
COc1cccc2c1C(=O)c1c(O)c3c(c(O)c1C2=O)CC(O)(C(=O)CO)CC3OC1CC(N=c2c(O)c(O)c2=NCCCCCCN=c2c(O)c(O)c2=NC2CC(OC3CC(O)(C(=O)CO)Cc4c(O)c5c(c(O)c43)C(=O)c3c(OC)cccc3C5=O)OC(C)C2O)C(O)C(C)O1,1,,,,,,test
C=CCCCCCCCCCCCCCCCCCCCCC,0,,,,,,train
CCOc1nc(NC)nc(NC(=O)NS(=O)(=O)c2ccccc2C(=O)OC)n1,0,,,,,,train
CC(N)=NP(=S)(Oc1ccc(Cl)cc1)Oc1ccc(Cl)cc1,1,,,,,,train
Cn1c(CNc2cccc(C(=O)NCc3ccccc3)c2)nnc1-c1ccncc1,1,,,,,,train
Clc1ccncc1,1,,,,,,valid
COc1cc(OC)nc(Sc2cccc(Cl)c2C(=O)O)n1,0,,,,,,train
COc1ccc(CCN(C)CCCC(C#N)(c2ccc(OC)c(OC)c2)C(C)C)cc1OC.[H+],1,,,,,,train
CCCCCCCCCCC(=O)OC[N+]1=CN(C)CC1,1,,,,,,train
NC(=O)CF,1,,,,,,train
COC(=O)c1ccccc1S(=O)(=O)NC(=O)N(C)c1nc(C)nc(OC)n1,0,,,,,,test
CC(C)CCCCCCc1ccc(O)cc1,1,,,,,,train
N=C(N)N[N+](=O)[O-],0,,,,,,train
c1ccc(N2CCN(CCCOc3ccc4c(c3)OCO4)CC2)cc1,1,,,,,,train
O=C(O)c1c(Cl)c(Cl)c(Cl)c(Cl)c1-c1c2cc(I)c(=O)c(I)c-2oc2c(I)c(O)c(I)cc12,1,,,,,,train
CCCCCCCCCCOS(=O)(=O)O,0,,,,,,valid
Cc1cccc(C)c1N,0,,,,,,train
C1=C(Nc2ccccc2)C(Nc2ccccc2)=CC2C1=Nc1cc(Nc3ccccc3)c(Nc3ccccc3)cc1N2c1ccccc1.c1ccc(Nc2ccc3nc4cc(Nc5ccccc5)c(Nc5ccccc5)cc4[n+](-c4ccccc4)c3c2)cc1,0,,,,,,train
CCCC(C)C1(CC)C(=O)NC(=S)NC1=O,1,,,,,,train
CNc1ccc([C+](c2ccc(N(C)C)cc2)c2ccc(N(C)C)cc2)cc1,1,,,,,,train
O=C(O)c1ccccc1C(=O)O,0,,,,,,test
O=C1C=CC(=NNc2ccc(S(=O)(=O)O)cc2)c2ccccc21,0,,,,,,train
COc1cc(-c2ccc(NN=C3C=Cc4c(S(=O)(=O)O)cc(S(=O)(=O)O)c(N)c4C3=O)c(OC)c2)ccc1NN=C1C=Cc2c(S(=O)(=O)O)cc(S(=O)(=O)O)c(N)c2C1=O,0,,,,,,train
Cc1ccc(NN=c2c(=O)ccc(=NNc3ccc(S(=O)(=O)O)cc3)c2=O)c(C)c1,0,,,,,,train
Cc1cc(=O)[nH]o1,1,,,,,,train
c1ccc(N=Nc2ccccc2)cc1,1,,,,,,valid
CCCCOC(=O)COC(=O)c1ccccc1C(=O)OCCCC,1,,,,,,train
CCCCCCCCOC(=O)CC(C(=O)OCCCCCCCC)S(=O)(=O)O,1,,,,,,train
OCC1CCCO1,0,,,,,,train
CCOP(=S)(OCC)Oc1cc(C)nc(N(C)C)n1,1,,,,,,train
COP(=S)(OC)Oc1ccc([N+](=O)[O-])c(C=O)c1,1,,,,,,test
O=C1NC(=O)C(c2ccccc2)(c2ccccc2)N1,1,,,,,,train
CC1CCC2(O)C3(C)CC4(O)OC2(C1O)C1(O)C3(O)C(OC(=O)c2ccc[nH]2)C(O)(C(C)C)C41C,1,,,,,,train
O=C(NC(=O)c1c(F)cccc1F)Nc1cc(Cl)c(OC(F)(F)C(F)F)c(Cl)c1,1,,,,,,train
COc1cc(OC)n2nc(NS(=O)(=O)c3c(C(F)(F)F)ccnc3OC)nc2n1,1,,,,,,train
OCc1c(Cl)c(Cl)c(Cl)c(Cl)c1Cl,1,,,,,,valid
Cc1ccc2nc3sc(=O)sc3nc2c1,1,,,,,,train
Brc1ccc(Oc2cc(Br)c(Br)cc2Br)c(Br)c1,0,,,,,,train
CN(C)C(=O)Nc1cccc(OC(=O)NC(C)(C)C)c1,0,,,,,,train
CC(C)(C)NCC(O)COc1cccc2c1CC(O)C(O)C2,1,,,,,,train
BrC1CC(Br)CC(Br)CC(Br)CC(Br)CC(Br)C1,1,,,,,,test
CCOC(=O)COc1ccc(Cl)cc1Cl,1,,,,,,train
COc1nc(C)nc(NC(=O)NS(=O)(=O)c2ccccc2OCCCl)n1,1,,,,,,train
CCC(C)(CC)c1cc(NC(=O)c2c(OC)cccc2OC)on1,1,,,,,,train
COCc1cnc(C2=NC(C)(C(C)C)C(=O)N2)c(C(=O)O)c1,0,,,,,,train
COC(=O)C=CC(=O)OC,1,,,,,,valid
Cn1cc[nH]c1=S,0,,,,,,train
O=c1c(Br)cc2c(-c3ccccc3S(=O)(=O)O)c3cc(Br)c(O)c(O)c3oc-2c1O,0,,,,,,train
C1CN1P1(N2CC2)=NP(N2CC2)(N2CC2)=NP(N2CC2)(N2CC2)=N1,1,,,,,,train
O=C(O)COc1ccc(Cl)cc1Cl.OCCNCCO,0,,,,,,train
CC1=NNC(=O)N(N=Cc2cccnc2)C1,0,,,,,,test
CNC(=N[N+](=O)[O-])NCc1cnc(Cl)s1,0,,,,,,train
CNC.COc1c(Cl)ccc(Cl)c1C(=O)O,0,,,,,,train
CNC(=O)OCc1ccc(Cl)c(Cl)c1,1,,,,,,train
O=C(O)Cc1ccccc1,1,,,,,,train
CCCC(O)CC,0,,,,,,valid
CC(Oc1cc(Cl)c(Cl)cc1Cl)C(=O)O.CCN(CC)CC,1,,,,,,train
COc1c(Br)cc(C2=C(C(=O)c3ccc(O)c(Br)c3)C(=O)OC2=Cc2ccc(O)c(Br)c2)cc1Br,1,,,,,,train
O=C1C(O)=C(O)C(=O)C(O)=C1O,1,,,,,,train
CCN(Cc1cccc(S(=O)(=O)O)c1)c1ccc([C+](c2ccc(N(CC)Cc3cccc(S(=O)(=O)O)c3)cc2)c2ccc(S(=O)(=O)O)cc2)cc1,0,,,,,,train
COc1ccc(C2Sc3ccccc3N(CCN(C)C)C(=O)C2OC(C)=O)cc1.O=C(O)CC(O)C(=O)O,1,,,,,,test
CN(C)c1nc(N)c(C(=O)NC(=N)N)nc1Cl,0,,,,,,train
O=C(O)CN(CC(=O)O)Cc1cc2c(cc1O)Oc1cc(O)c(CN(CC(=O)O)CC(=O)O)cc1C21OC(=O)c2ccccc21,0,,,,,,train
CC(C)CCc1cc(O)ccc1O,1,,,,,,train
COc1cc(C=CC(=O)OCCCCCCCCCCCCCCCCCCCCCCCCCCCCCC=O)ccc1O,1,,,,,,train
CC(C)CC(NC(=O)C(CCCCN)NC(=O)C(CCCN=C(N)N)NC(=O)C(CCCCN)NC(=O)C(C)C)C(=O)NC(Cc1ccccc1)C(=O)NCC(=O)O,1,,,,,,valid
CC=C(C)C(=O)OC1C(C)OC(OC2C(C)OC3OC4C(OC(COC(=O)C(C)C)C(O)C4O)OC4C(OC(CCCCC)CCCCCCCCCC(=O)OC2C3OC(=O)C(C)C(C)O)OC(C)C(O)C4O)C(O)C1O,1,,,,,,train
OC(O)C(Cl)(Cl)Cl,0,,,,,,train
O=[N+]([O-])c1cc[n+]([O-])c2ccccc12,1,,,,,,train
CC(C)OP(=S)(Oc1ccc([N+](=O)[O-])cc1)OC(C)C,1,,,,,,train
CN(C)c1ccc([C+](c2ccc(N(C)C)cc2)c2ccc(N(C)C)cc2)cc1,1,,,,,,test
CC1(C)C(=CC=CC=CC=CC2=[N+](CCCCS(=O)(=O)O)c3ccc4ccccc4c3C2(C)C)N(CCCCS(=O)(=O)O)c2ccc3ccccc3c21,0,,,,,,train
CCCCCCCC1CC(=O)O1,1,,,,,,train
NC(=NCCCCCCN=C(N)N=C(N)Nc1ccc(Cl)cc1)N=C(N)Nc1ccc(Cl)cc1,1,,,,,,train
O=C(NCc1cccnc1)Nc1ccc([N+](=O)[O-])cc1,1,,,,,,train
CC(C)(c1ccc(O)cc1)c1ccc(O)cc1.COC,1,,,,,,valid
CCC(C)n1c(=O)nc(C)[c-](Br)c1=O,1,,,,,,train
OCc1ccc(O)cc1,0,,,,,,train
Cc1cc(O)cc(C)c1N(C)C,1,,,,,,train
COCCNC(=O)c1ccc2c(=O)n(Cc3ccc4c(c3)OCO4)c(=S)[nH]c2c1,1,,,,,,train
CC(C)N(C)S(=O)(=O)NC(=O)c1cc(-n2c(=O)cc(C(F)(F)F)n(C)c2=O)c(F)cc1Cl,0,,,,,,test
CN1[CH-]SC(=S)N(C)C1,1,,,,,,train
CCS(=O)(=O)c1nc2ccccn2c1S(=O)(=O)NC(=O)Nc1nc(OC)cc(OC)n1,1,,,,,,train
O=C(O)CC(O)(CC(=O)O)C(=O)O,0,,,,,,train
CC(=O)OC(C)C,0,,,,,,train
CC(=O)OC(C)=O,0,,,,,,valid
OCc1ccco1,0,,,,,,train
N#Cc1nn(-c2c(Cl)cc(C(F)(F)F)cc2Cl)c(N)c1[S+](O)C(F)(F)F,1,,,,,,train
NC1=CC=C(c2ccc(N)cc2)CC1(Cl)Cl,1,,,,,,train
CCN1CCN(c2cc3c(cc2F)c(=O)c(C(=O)O)cn3C2CC2)CC1,1,,,,,,train
C=O.O=S(O)O,1,,,,,,test
CCC(C)(C)OC,1,,,,,,train
CN(N=O)C(N)=O,0,,,,,,train
CCN(CC)c1ccc(N)c(C)c1,1,,,,,,train
C.CCCCCCCCCCCCCOS(=O)(=O)O,1,,,,,,train
CC1COc2c(N3CCN(C)CC3)c(F)cc3c(=O)c(C(=O)O)cn1c23,1,,,,,,valid
ClCC1(CCl)C2CC(Cl)(Cl)C1(CCl)C(Cl)C2Cl,1,,,,,,train
CN1C(=O)OC(C)(C)C1=O,0,,,,,,train
Cc1ccc(C(C)C)c(O)c1Cl,1,,,,,,train
Cc1ccccc1Oc1cccc(Cl)c1Cl,1,,,,,,train
O=C(O)COc1ccc(Cl)cc1,0,,,,,,test
O=C(c1ccc(O)cc1O)c1ccc(O)cc1O,1,,,,,,train
CC1CC(Cl)CCC1C(=O)OC(C)(C)C,1,,,,,,train
OC1C[P-](O)C[P+](O)C[P+](O)CO1,0,,,,,,train
CC(=O)NC(CCCNC(=N)N)C(=O)NC1CCCC(=O)NCCC(C(N)=O)NC(=O)C(Cc2c[nH]c3ccccc23)NC(=O)C(CCCNC(=N)N)NC(=O)C(Cc2ccccc2)NC(=O)C(CCS(C)(=O)=O)NC1=O,0,,,,,,train
O=Nc1c(O)ccc2ccccc12,1,,,,,,valid
O=C1c2ccccc2C(=O)c2c1ccc(O)c2O,1,,,,,,train
O=C1C=CC=CC1=CNO,1,,,,,,train
Fc1ccc(N(F)F)c(F)c1F,1,,,,,,train
CNC(=O)Oc1cc(C)cc(C)c1,1,,,,,,train
O=C(O)C1(C(=O)Nc2ccc(Cl)cc2Cl)CC1,1,,,,,,test
Cc1c(C(=O)c2cnn(C)c2O)ccc(S(C)(=O)=O)c1C1=NOCC1,1,,,,,,train
CCCCOC(C)COC(=O)COc1ccc(Cl)cc1Cl,1,,,,,,train
Cc1[nH]n(C)c(=O)c1C(=O)c1ccc(C(F)(F)F)cc1S(C)(=O)=O,1,,,,,,train
COc1cc(OC)nc(Oc2cccc(Oc3nc(OC)cc(OC)n3)c2C(=O)O)n1,0,,,,,,train
CCCCOCC(C)O,1,,,,,,valid
COc1nc(C)nc(NC(=O)NS(=O)(=O)c2ccccc2CCC(F)(F)F)n1,0,,,,,,train
CCOC1C(OC)C(C)OC(OC2CC3C(C)=CC4C5CC(=O)OC(CC)CCCC(OC6CCC(N(C)C)C(C)O6)C(C)C(=O)C5=CC4C3C2)C1OC.CCOC1C(OC)C(C)OC(OC2CC3CCC4C5CC(=O)OC(CC)CCCC(OC6CCC(N(C)C)C(C)O6)C(C)C(=O)C5=CC4C3C2)C1OC,1,,,,,,train
O=C(NC(=O)c1c(F)cccc1F)Nc1cc(Cl)c(OC(F)(F)C(F)C(F)(F)F)c(Cl)c1F,1,,,,,,train
CCC(C)C1OC2(C=CC1C)CC1CC(CC=C(C)C(OC3CC(OC)C(OC4CC(OC)C(NC)C(C)O4)C(C)O3)C(C)C=CC=C3COC4C(O)C(C)=CC(C(=O)O1)C34O)O2,1,,,,,,train
CCCCCC(=O)CC,1,,,,,,test
O=C(NCO)N(CO)C1(CO)C(=O)NC(=O)N1CO,0,,,,,,train
CCOc1nc(F)cc2nc(S(=O)(=O)Nc3c(Cl)cccc3Cl)nn12,0,,,,,,train
COc1nn(C(=O)NS(=O)(=O)c2ccccc2OC(F)(F)F)c(=O)n1C,1,,,,,,train
O=C(O)Cn1cncn1,0,,,,,,train
CCCCC(CC)COC(=O)C(C)O,1,,,,,,valid
Clc1cc2c(cc1Cl)Oc1c(Cl)c(Cl)c(Cl)c(Cl)c1O2,1,,,,,,train
CCCCl,0,,,,,,train
O=P1(NCCCl)OCCCN1CCCl,0,,,,,,train
C=CC1CC1(NC(=O)C1CC2(CN1C(=O)C(NC(=O)C(NC(=O)C1CCCCN1C(C)C)C(C)(C)C)C1(C)CCOCC1)C(C)(C)C21CCC1)C(=O)NS(=O)(=O)N1CCCC1,1,,,,,,train
CCN(N=O)C(N)=O,0,,,,,,test
Cc1cc2nc3cc(C)c(N)cc3[n+](-c3ccccc3)c2cc1N,1,,,,,,train
CN(Cc1cccc(F)c1CNc1cc(F)c(S(=O)(=O)Nc2cscn2)c(F)c1)C(C)(C)C,1,,,,,,train
CCCCCCCCCCCCOCCOCCOCCOS(=O)(=O)O,1,,,,,,train
O=CC(O)C(O)C(O)C(O)CO,0,,,,,,train
OP1OCCO1,1,,,,,,valid
OC(Cn1cncn1)(Cn1cncn1)c1ccc(F)cc1F,1,,,,,,train
Nc1cccc2ccccc12,1,,,,,,train
Cc1cc(C)c(C)cc1C,1,,,,,,train
O=C(c1cccnc1-c1ccc(Br)cc1)c1cccnc1-c1ccc(Br)cc1,1,,,,,,train
COc1cc(OC)nc(NC(=O)NS(=O)(=O)Nc2ccccc2C(=O)N(C)C)n1,0,,,,,,test
COC(=O)c1sccc1S(=O)(=O)NC(=O)Nc1nc(C)nc(OC)n1,1,,,,,,train
O=C1c2ccccc2C(=O)C1c1ccc2cc(S(=O)(=O)O)cc(S(=O)(=O)O)c2n1,0,,,,,,train
CCCSP(=S)(OCC)Oc1ccc(Cl)cc1Cl,1,,,,,,train
Cc1ccc(N)c(S(=O)(=O)O)c1,0,,,,,,train
CCSC(=O)C=C(C)C=CCC(C)CCCC(C)(C)OC,1,,,,,,valid
ClC1(Cl)CC(Cl)(Cl)C(Cl)(Cl)C=C1c1ccccc1,1,,,,,,train
ClC1=C(c2ccccc2)C=CC(Cl)(Cl)C1,1,,,,,,train
COS(C)(=O)=O,0,,,,,,train
COCC(=O)O,0,,,,,,train
C1CCCCCC1,0,,,,,,test
CCn1c(C)cc(=O)c(C(=O)O)c1-c1ccc(Cl)cc1,0,,,,,,train
CC=CC=CCCCCCCCO,1,,,,,,train
Cc1cc(Cl)ccc1OC(C)C(=O)O.OCCNCCO,0,,,,,,train
C1CCC2CCCC2CC1,1,,,,,,train
CC(Oc1ccccc1)C1=NCCN1,1,,,,,,valid
Cc1cc2c(C(C)C)c(O)c(O)c(C=O)c2c(O)c1-c1c(C)cc2c(C(C)C)c(O)c(O)c(C=O)c2c1O,1,,,,,,train
NC(=NO)c1c(Cl)cccc1Cl,0,,,,,,train
CC(C)(c1ccc(O)cc1)c1c(Cl)cc(OCl)c(Cl)c1Cl,1,,,,,,train
CC(c1ccc(Cl)cc1)c1ccc(Cl)cc1,1,,,,,,train
C=C(C)C,0,,,,,,test
CCC(C)C(NC(=O)C(NC(=O)C(CCCNC(=N)N)NC(=O)C1CCCN1C(=O)C(CCCCN)NC(=O)C(CCCCN)NC(=O)C(Cc1ccccc1)NC(=O)C(Cc1ccccc1)NC(=O)C(CCC(=O)O)NC(=O)C(CCCCN)NC(=O)C(C)NC(=O)C(CCCNC(=N)N)NC(=O)C(CCCCN)NC(=O)C(CCCCN)NC(=O)C(NC(=O)C(CO)NC(=O)C(CCCCN)NC(=O)C(CCCCN)NC(=O)C(CC(C)C)NC(=O)C(CCCCN)NC(=O)C(CCCNC(=N)N)NC(=O)C(Cc1ccccc1)NC(=O)C(Cc1ccccc1)NC(=O)C(N)CCCCN)C(C)C)C(C)C)C(=O)NCC(=O)NC(C(=O)NC(CO)C(=O)NC(C(=O)N1CCCC1C(=O)NC(Cc1ccccc1)C(=O)O)C(C)CC)C(C)C,1,,,,,,train
Cc1ccc(N)cc1Cl.[H+],1,,,,,,train
NCCCCC(NC(=O)C(CCCN=C(N)N)NC(=O)C(CCCN=C(N)N)NC(=O)C(CCCCN)NC(=O)C(CCCCN)NC(=O)C(Cc1ccc(O)cc1)NC(=O)C(CCCCN)NC(=O)C(CCCCN)NC(=O)C(N)CCCN=C(N)N)C(N)=O,0,,,,,,train
COc1ccc(N)cc1,1,,,,,,train
O=C1C=CC(=NNc2ccc(C=Cc3ccc(NN=C4C=CC(=O)C=C4)cc3S(=O)(=O)O)c(S(=O)(=O)O)c2)C=C1,0,,,,,,valid
Cc1cc(-c2ccc(NN=C3C(=O)c4c(N)cc(S(=O)(=O)O)cc4C=C3S(=O)(=O)O)c(C)c2)ccc1NN=C1C(=O)c2c(N)cc(S(=O)(=O)O)cc2C=C1S(=O)(=O)O,0,,,,,,train
O=C(O)c1ccccc1-c1c2cc(I)c(=O)c(I)c-2oc2c(I)c(O)c(I)cc12,0,,,,,,train
O=[N+]([O-])c1cc([N+](=O)[O-])c2ccc(S(=O)(=O)O)cc2c1O,0,,,,,,train
O=C1C=C(S(=O)(=O)O)c2cc([N+](=O)[O-])ccc2C1=NNc1ccc2ccccc2c1O,1,,,,,,train
OCCNCO,1,,,,,,test
Cn1cc(C(=O)Nc2ccccc2-c2cc(F)c(F)c(F)c2)c(C(F)F)n1,1,,,,,,train
COc1ccc(C(O)(c2cncnc2)C2CC2)cc1,1,,,,,,train
COP(=O)(OC)Oc1ccc([N+](=O)[O-])cc1,1,,,,,,train
CN(C)C1C(=O)C(=C(N)O)C(=O)C2(O)C(=O)C3=C(O)c4c(O)ccc(Cl)c4C(C)(O)C3CC12,1,,,,,,train
CCCCCOC(=O)c1ccccc1C(=O)OCCCCC,1,,,,,,valid
CCCCC(CC)COC(=O)C(C)Oc1ccc(Cl)cc1Cl,1,,,,,,train
CCC1CC1(NC(=O)C1CC2(CN1C(=O)C(NC(=O)C(NC(=O)C1CCCN1CC)C1CCCCC1)C(C)(C)C)C(C)(C)C21CCC1)C(=O)NS(=O)(=O)N(CC)CC,0,,,,,,train
O=C(Nc1ccccc1)Nc1cnns1,1,,,,,,train
COc1ccc(C(=O)OC2CCC3(C)C4CCC5C6(O)CC(O)C7(O)C(CN8CC(C)CCC8C7(C)O)C6(O)CC53OC24O)cc1OC,1,,,,,,train
CCCCCCCCCc1ccc(OCCO)cc1.II,1,,,,,,test
CCCCCCC(C)OC(=O)C(C)Oc1ccc(Cl)cc1Cl,1,,,,,,train
CNC(=O)Oc1cc(C)cc(C)c1C,1,,,,,,train
CCOS(C)(=O)=O,0,,,,,,train
Cc1cc(OC(=O)N(C)C)nn1C(=O)N(C)C,1,,,,,,train
Clc1cccc(-c2cccc(Cl)c2)c1,1,,,,,,valid
C=C(C)OC12COC1CC1CC13C(=O)C(OC(C)=O)C1=C(C)C(OC(=O)C(O)C(NC(=O)OC(C)(C)C)c4ccccc4)CC(O)(C(OC(=O)c4ccccc4)C23)C1(C)C,1,,,,,,train
CC1(C)SC2C(NC(=O)C(N)c3ccc(O)cc3)C(=O)N2C1C(=O)O,0,,,,,,train
CCOP(=S)(OCC)Oc1cnccn1,1,,,,,,train
Clc1cc2c(cc1Cl)Oc1c(ccc(Cl)c1Cl)O2,1,,,,,,train
CC(C)NCC(O)COc1ccc(CC(N)=O)cc1,1,,,,,,test
C=CCCCC,1,,,,,,train
Nc1cnn(-c2ccccc2)c(=O)c1Cl,1,,,,,,train
COCCCNc1nc(NCCCOC)nc(SC)n1,1,,,,,,train
CCN(CCOP(=O)(O)OCCN(CC)S(=O)(=O)C(F)(F)C(F)(F)C(F)(F)C(F)(F)C(F)(F)C(F)(F)C(F)(F)C(F)(F)F)S(=O)(=O)C(F)(F)C(F)(F)C(F)(F)C(F)(F)C(F)(F)C(F)(F)C(F)(F)C(F)(F)F,0,,,,,,train
COC1CC(OC2C(C)OC(OC3C(C)=CCC4CC(CC5(CCC(C)CO5)O4)OC(=O)C4C=C(C)C(O)C5OCC(=CC=CC3C)C45O)CC2OC)OC(C)C1O,1,,,,,,valid
COc1cc(C=C2OC(=O)C(c3ccc(O)cc3)=C2O)ccc1O,0,,,,,,train
Clc1ccccc1-c1nnc(-c2ccccc2Cl)nn1,1,,,,,,train
Nc1cc(-c2cccs2)n[nH]1,1,,,,,,train
CC(=O)N1CCc2c(c(-c3cccc4cc(-c5ccc(C(=O)NCCNc6cccc7c6CN(C6CCC(=O)NC6=O)C7=O)nc5)ncc34)nn2C2CCOCC2)C1,0,,,,,,train
CC1=C2C(=COC(C)C2C)C(=O)C(=C(O)O)C1=O,1,,,,,,test
CCCOc1nn(C(=O)NS(=O)(=O)c2ccccc2C(=O)OC)c(=O)n1C,1,,,,,,train
CCCCCCCCCCCCCCCCN(C)C,1,,,,,,train
CC1CCCCC1=O,0,,,,,,train
Cc1ccc2cc(C)c(C)cc2c1,1,,,,,,train
Cc1ccc2nc(N)sc2c1.[H+],1,,,,,,valid
Brc1cc(Oc2cc(Br)c(Br)c(Br)c2Br)c(Br)c(Br)c1Br,0,,,,,,train
CNC1C(OC2C(OC3C(O)C(O)C(NC(=N)N)C(O)C3NC(=N)N)OC(C)C2(O)C=O)OC(CO)C(O)C1O,0,,,,,,train
COC(=O)c1csc(C)c1S(=O)(=O)NC(=O)n1nc(OC)n(C)c1=O,0,,,,,,train
OC(c1ccc(Cl)cc1)(c1ccc(Cl)cc1)c1cccnc1,1,,,,,,train
CCCN(CC)CC1COC2(CCC(C(C)(C)C)CC2)O1,1,,,,,,test
CCCCCC=CCC=CCCCCCCCCN(C)C.CCCCCCCCC=CCCCCCCCCN(C)C.O=C(O)COc1ccc(Cl)cc1Cl.O=C(O)COc1ccc(Cl)cc1Cl,1,,,,,,train
COC(=O)c1ccc(CNS(C)(=O)=O)cc1S(=O)(=O)NC(=O)Nc1nc(OC)cc(OC)n1,1,,,,,,train
Nc1ccc(C(=O)O)c(O)c1,1,,,,,,train
O=C(O)CC(=O)O,0,,,,,,train
O=C(NC(=O)c1cccnc1)Nc1ccccc1,1,,,,,,valid
CC1(C)SC2C(NC(=O)C(N)c3ccccc3)C(=O)N2C1C(=O)O,0,,,,,,train
O=S(=O)(O)C(O)CCC(O)S(=O)(=O)O,1,,,,,,train
CCN(CCNS(C)(=O)=O)c1ccc(N)c(C)c1,1,,,,,,train
CC(C)Cl,0,,,,,,train
NCCc1ccccc1,1,,,,,,test
O=C(Nc1ccccc1)N(Cc1ccc(Cl)cc1)C1CCCC1,1,,,,,,train
NC(=O)NO,0,,,,,,train
O=c1c2ccccc2c(=O)c2c1ccc1[nH]c3c(ccc4c(=O)c5ccccc5c(=O)c43)[nH]c12,1,,,,,,train
CC(=O)NC(CCCNC(=N)N)C(=O)NC1CC(=O)NCCCCC(C(N)=O)NC(=O)C(Cc2c[nH]c3ccccc23)NC(=O)C(CCCNC(=N)N)NC(=O)C(C)(Cc2ccccc2)NC(=O)C(Cc2c[nH]cn2)NC1=O,1,,,,,,train
COC(=O)N=S(=O)(O)c1ccc(N)cc1,0,,,,,,valid
CN(C)CCCN1c2ccccc2Sc2ccc(Cl)cc21,1,,,,,,train
CC1(c2cc(Br)cc(NC(=O)c3cc4ccccc4s3)c2)CCSC(N)=N1,1,,,,,,train
N#CCNC(=O)c1cnccc1C(F)(F)F,1,,,,,,train
CN(C)CCCNc1ccc(S(=O)(=O)NC(=O)c2ccc(N3CCN(CC4=C(c5ccc(Cl)cc5)CC(C)(C)CC4)CC3)cc2Oc2cccc3[nH]cc(CN4CCN(C)CC4)c23)cc1[N+](=O)[O-],1,,,,,,train
Cc1cc(C(C#N)c2ccc(Cl)cc2)c(Cl)cc1NC(=O)c1cc(I)cc(I)c1O,1,,,,,,test
OCC1=CC(NC2CC(CO)C(OC3OC(CO)C(O)C(O)C3O)C(O)C2O)C(O)C(O)C1O,0,,,,,,train
Cc1ccccc1N=Nc1ccc(N=Nc2c(O)ccc3ccccc23)c(C)c1,1,,,,,,train
CC(Oc1ccc(Cl)cc1Cl)C(=O)O.CNC,0,,,,,,train
NCCO.O=C(O)COc1ccc(Cl)cc1Cl,0,,,,,,train
CC(C)=CCCC(C)CC=O,1,,,,,,valid
CCCCCCCCC=CCCCOC(C)=O,0,,,,,,train
O=C(O)c1cc(O)[nH]c(=O)c1,1,,,,,,train
C=C.NC(N)=O,0,,,,,,train
COC(=S)SSC(=S)OC,1,,,,,,train
Nc1ccc2ccccc2c1N=Nc1ccccc1,1,,,,,,test
O=[N+]([O-])c1cccc(O)c1,1,,,,,,train
CCCCCCCCSC(=O)Oc1cc(Cl)nnc1-c1ccccc1,1,,,,,,train
C=CC#N.C=CC=C.C=Cc1ccccc1,0,,,,,,train
CCCCCCCCCCCCCC(=O)NCCC[N+](C)(C)Cc1ccccc1,0,,,,,,train
CCC(C(=O)O)C(S)(CC)C(=O)O,1,,,,,,valid
COP(=O)(OC)Oc1ccc([N+](=O)[O-])c(CO)c1,1,,,,,,train
COP(=S)(OC)Oc1ccc([N+](=O)[O-])c(C(=O)O)c1,1,,,,,,train
S=P(N1CC1)(N1CC1)N1CC1,0,,,,,,train
COc1ccc(C(=O)C(C)[n+]2cccc3ccc4cccnc4c32)cc1,1,,,,,,train
Cc1cc2nn(CC(=O)Nc3cccc(F)c3)c(=O)n2c(Nc2ccc(F)c(C)c2)n1,0,,,,,,test
CCN(Cc1cccc(S(=O)(=O)O)c1)c1ccc([C+](c2ccccc2)c2ccc(N(CC)Cc3cccc(S(=O)(=O)O)c3)cc2)cc1,0,,,,,,train
COC(=O)c1ccc(I)cc1S(=O)(=O)NC(=O)Nc1nc(C)nc(OC)n1,1,,,,,,train
CCC(O)OC(O)CC,0,,,,,,train
O=C1C(=NNc2cc(Cl)ccc2O)C(S(=O)(=O)O)=Cc2cc(S(=O)(=O)O)cc(O)c21,0,,,,,,train
CCCCN(C)C(=O)Nc1ccc(Cl)c(Cl)c1,1,,,,,,valid
O=C(O)C(F)(F)C(F)(F)C(F)(F)C(F)(F)C(F)(F)C(F)(F)C(F)(F)C(F)(F)F,1,,,,,,train
O=C(CCN1CCOCC1)Nc1ccc(O)cc1.[H+],1,,,,,,train
CCCCc1ccc(NS(=O)(=O)c2ccc(F)cc2)cc1,1,,,,,,train
CC(Oc1cccc(Cl)c1)C(=O)O,0,,,,,,train
C=C1CC23CC1(O)CCC2C12C=CC(O)C(C)(C(=O)O1)C2C3C(=O)O,0,,,,,,test
Cc1ccc(C(=O)O)c(C2=NC(C)(C(C)C)C(=O)N2)n1,1,,,,,,train
CCC(C)C1NC(=O)C(Cc2ccc(OC)cc2)NC(=O)C(N)C(C)(C)SSCC(C(=O)N2CCCC2C(=O)NC(CCCN=C(N)N)C(=O)NCC(N)=O)NC(=O)C(CC(N)=O)NC(=O)C(C(C)C)NC1=O,1,,,,,,train
CC(=O)OC1CC2C(C(O)C(=O)C3CC4OC4C(O)C32C)C2C(O)C3C(C(C)C=C4OC(=O)C(C)(O)C43C)C12C,1,,,,,,train
O=C(O)CN(CC(=O)O)CC(O)CN(CC(=O)O)CC(=O)O,0,,,,,,train
CN(C)C1C(=O)C(=C(N)O)C(=O)C2(O)C(=O)C3=C(O)c4c(O)cccc4C(C)(O)C3C(O)C12,0,,,,,,valid
Clc1ccc(C(c2ccccc2Cl)C(Cl)(Cl)Cl)cc1,1,,,,,,train
ClC1=CC(c2ccccc2)=CC(Cl)(Cl)C1(Cl)Cl,1,,,,,,train
C=CCC1OC(=O)CCNC(=O)C(C)N(C)C(=O)C(C(C)C)N(C)C(=O)C(C(C)CC)NC(=O)C2CCCN2C1=O,0,,,,,,train
Cc1cc(O)ccc1O,1,,,,,,train
COc1cc(Nc2c(C#N)cnc3cc(OCCCN4CCN(C)CC4)c(OC)cc23)c(Cl)cc1Cl,1,,,,,,test
C=C(C)C(=O)OCCCCCCCCCCCC,0,,,,,,train
CCCCOC(=O)COc1cc(Cl)c(Cl)cc1Cl,1,,,,,,train
NNC(=O)c1ccncc1,1,,,,,,train
CC1=CC(=C(c2ccc(N)cc2)c2ccc(N)cc2)C=CC1=N.[H+],1,,,,,,train
CNC(C)C1CCC(N)C(OC2C(N)CC(N)C(OC3OCC(C)(O)C(NC)C3O)C2O)O1,0,,,,,,valid
CC1(C)CCC(CN2CCN(c3ccc(C(=O)NS(=O)(=O)c4cnc(OCC5(F)CCN(CC(F)F)CC5)c(Cl)c4)c(Oc4cnc(N)c(Cl)c4)c3)CC2)=C(c2ccc(Cl)cc2)C1,0,,,,,,train
CC1(c2cc(Br)cc(NC(=O)c3ccccn3)c2)CCSC(N)=N1,1,,,,,,train
Cc1ccc2ncccc2c1,1,,,,,,train
CC(C)OC(=O)COc1cc(Cl)c(Cl)cc1Cl,1,,,,,,train
CCN(CC)CC.O=C(O)COc1ccc(Cl)cc1Cl,0,,,,,,test
O=C(O)C(F)(F)F,0,,,,,,train
CCC(C)(C)O,0,,,,,,train
COc1cc(OC)nc(NC(=O)NS(=O)(=O)c2ncccc2C(=O)N(C)C)n1,0,,,,,,train
CCCCCCCCCCCCN.C[As](=O)(O)O,0,,,,,,train
CCSC(=O)COc1ccc(Cl)cc1Cl,1,,,,,,valid
CCOCCP(=S)(S)c1ccc(C)cc1,1,,,,,,train
O=CCCCC=O.O=S(O)O,1,,,,,,train
CNCC(C(=O)N1CC2=C(C1)CN(S(=O)(=O)c1ccc3c(c1)OCCO3)C2)c1cccn2cc(C)nc12,0,,,,,,train
CC(C)(C)c1cc(C(C)(C)C)c2[nH]c(C(C)(C)C)c(CC(NC(=O)C(N)CCCNC(=N)N)C(=O)NC(CCCNC(=N)N)C(=O)NCCc3ccccc3)c2c1,0,,,,,,train
Nc1ccc(S(=O)(=O)Nc2nccs2)cc1,0,,,,,,test
CC1(C)CCC(CN2CCN(c3ccc(C(=O)NS(=O)(=O)c4ccc(NC5CCN(C6CCOCC6)CC5)c([N+](=O)[O-])c4)c(Oc4cccc5[nH]c(C(F)(F)F)cc45)c3)CC2)=C(c2ccc(Cl)cc2)C1,0,,,,,,train
CCOP(=O)(OCC)Oc1nc(Cl)c(Cl)cc1Cl,1,,,,,,train
O=C(O)c1cc(O)ccc1[N+](=O)[O-],1,,,,,,train
O=[N+]([O-])c1cccc(S(=O)(=O)O)c1,0,,,,,,train
COCCOCC(NC(=O)Nc1cc2[nH]nc(-c3cc(C)on3)c2cn1)c1ccccc1,1,,,,,,valid
O=C1C=CC(=Nc2ccc(O)cc2)C=C1,1,,,,,,train
CNC(=O)Oc1ccccc1Cl,1,,,,,,train
CCc1c(C(=O)O)c(=O)cnn1-c1ccc(Cl)cc1,0,,,,,,train
CCCCCCCCOC(=O)c1cccc(C(=O)OCCCCCCCC)c1,1,,,,,,train
O=C(O)c1cc(=O)c2c(OCC(O)COc3cccc4oc(C(=O)O)cc(=O)c34)cccc2o1,1,,,,,,test
CCc1ccccc1CC,1,,,,,,train
Nc1ccc(N(CCO)CCO)cc1,1,,,,,,train
Oc1ccc(O)c(Cl)c1,1,,,,,,train
CCCCc1c(C)[nH]c(N(C)C)nc1=O,1,,,,,,train
Cc1ccccc1C(=O)Nc1cccc(OC(C)C)c1,1,,,,,,valid
c1ccc(C2CN3CCSC3=N2)cc1,0,,,,,,train
CC(C)c1ccc2c(c1Cl)CCC1C(C)(C(=O)O)CCCC21C,1,,,,,,train
CN(c1c([N+](=O)[O-])cc([N+](=O)[O-])cc1[N+](=O)[O-])[N+](=O)[O-],1,,,,,,train
CCC(C)C1OC2(C=CC1C)CC1CC(CC=C(C)C(OC3CC(OC)C(O)C(C)O3)C(C)C=CC=C3COC4C(O)C(C)=CC(C(=O)O1)C34O)O2,1,,,,,,train
COP(=S)(OC)Oc1ccc([N+](=O)[O-])c(CO)c1,1,,,,,,test
Clc1ccc(N(Cl)Cl)c(Cl)c1Cl,1,,,,,,train
O=c1[nH]cc(Cl)c(=O)[nH]1,1,,,,,,train
O=S(=O)(O)c1ccc(Cl)cc1,0,,,,,,train
CC(C)CCCCCCCCCCN(CCCCCCCCCCC(C)C)CCCCCCCCCCC(C)C,1,,,,,,train
COP(=S)(NC(C)C)Oc1ccc(C)cc1[N+](=O)[O-],1,,,,,,valid
CCOC(=O)C=C(C)C=CCC(C)CCCC(C)C,1,,,,,,train
CCCCC(CC)COC1OC(CO)C(O)C(O)C1O,0,,,,,,train
O=c1[nH]cc(F)c(=O)[nH]1,0,,,,,,train
COP(=S)(NC(C)C)Oc1ccc(Cl)cc1Cl,1,,,,,,train
CCCCCCC(=O)NO,1,,,,,,test
CCCN(CCOc1c(Cl)cc(Cl)cc1Cl)C(=O)n1ccnc1,1,,,,,,train
COc1cccc(C(=O)NN(C(=O)c2cc(C)cc(C)c2)C(C)(C)C)c1C,1,,,,,,train
CCCCCCCCCc1ccc(OCCO)cc1,1,,,,,,train
C=Cc1cccc(CCl)c1,1,,,,,,train
CN=C(NC#N)NCCSCc1nc[nH]c1C,1,,,,,,valid
ClC1(Cl)C=CC(Cl)(Cl)C(c2ccccc2)=C1,1,,,,,,train
Cc1cc(O)ccc1[N+](=O)[O-],1,,,,,,train
COP(=O)(OC)Oc1ccc([N+](=O)[O-])c(C(=O)O)c1,1,,,,,,train
Cc1ccc([N+](=O)[O-])cc1S(=O)(=O)O,0,,,,,,train
CC1=CC(=O)C=CC1=O,1,,,,,,test
Cc1cccc2cccnc12,1,,,,,,train
CC1CN2CCCC2CN1C(=O)N1Cc2c(NC(=O)c3cccc(C#N)c3)n[nH]c2C1(C)C,1,,,,,,train
O=C1c2ccccc2C(=O)c2c1cc(S(=O)(=O)O)c(O)c2O,0,,,,,,train
CC(NC(=O)C(N)CC[S+](C)O)P(=O)(O)O,0,,,,,,train
Cc1ccc2cccc(O)c2n1,1,,,,,,valid
Cc1cc(Cl)ccc1OCC(=O)OCCCCCC(C)C,1,,,,,,train
Cc1ccco1,0,,,,,,train
CC(=O)OC1CCCCC1,1,,,,,,train
CCCCCCCCOC(=O)c1ccc(C(=O)OCCCCCCCC)cc1,1,,,,,,train
O=C(O)COc1ccc(Cl)cc1.OCCNCCO,0,,,,,,test
C=CC1CC1(NC(=O)C1CC2(CN1C(=O)C(NC(=O)C(NC(=O)C1CCCCN1C(C)C)C1CCCCC1)C(C)(C)C)C(C)(C)C21CCC1)C(=O)NS(=O)(=O)N(C)CCCl,1,,,,,,train
O=P1(N(CCCl)CCCl)NCCCO1,0,,,,,,train
NC(N)=S,0,,,,,,train
COc1cc(Cc2cnc(N)nc2N)cc(OC)c1OC,1,,,,,,train
O=S(=O)(O)c1ccc(O)cc1,0,,,,,,valid
CCC1OC(=O)C(C)C(OC2CC(C)(OC)C(O)C(C)O2)C(C)C(OC2OC(C)CC(N(C)C)C2O)C(C)(OC)CC(C)C(=O)C(C)C(O)C1(C)O,1,,,,,,train
CCCCNC(=O)NC(=O)c1cccnc1,1,,,,,,train
NC(N)=Nc1nc(CSCCC(N)=NS(N)(=O)=O)cs1,1,,,,,,train
CC(C)(Cl)OC(C)(C)Cl,1,,,,,,train
CS(=O)CCCCN=C=S,1,,,,,,test
CC(C)=CCc1cc(C=CC(=O)c2ccc(O)cc2O)cc(CC=C(C)C)c1O,1,,,,,,train
CNC(=O)Oc1c(C(C)(C)C)cc(C)cc1C(C)(C)C,1,,,,,,train
COc1ccc2nc(S(=O)Cc3ncc(C)c(OC)c3C)[nH]c2c1,1,,,,,,train
Oc1cc(Cl)ccc1Oc1ccc(Cl)cc1,1,,,,,,train
CCC(C(=O)O)c1cc2ccccc2[nH]1,1,,,,,,valid
C1CN1,1,,,,,,train
CCCC(=O)OCC,1,,,,,,train
CCCCCCCCCCCCc1ccccc1,0,,,,,,train
c1ccc(Cc2ccccc2)cc1,1,,,,,,train
COc1cc(OC)nc(NC(=O)NS(=O)(=O)c2cc(CNS(C)(=O)=O)ccc2C(=O)O)n1,1,,,,,,test
Cc1cc(CCC(=O)OCCOCCOCCOC(=O)CCc2cc(C)c(O)c(C(C)(C)C)c2)cc(C(C)(C)C)c1O,1,,,,,,train
CC(C)CCC(C)Nc1ccc(Nc2ccccc2)cc1,1,,,,,,train
O=C(CC(C(=O)OC1CCCCC1)S(=O)(=O)O)OC1CCCCC1,0,,,,,,train
CCCCC(CC)CCCCCc1ccc(S(=O)(=O)O)cc1,1,,,,,,train
C=CCOC(=O)OCCOCCOC(=O)OCC=C,1,,,,,,valid
CC1COc2ccccc2N1C(=O)C(Cl)Cl,1,,,,,,train
CC(O)(P(=O)(O)O)P(=O)(O)O,0,,,,,,train
CNc1ccc(C(O)(c2ccc(N(C)C)cc2)c2ccc(N(C)C)cc2)cc1,1,,,,,,train
CC1(C)OC(c2ccco2)CN1C(=O)C(Cl)Cl,1,,,,,,train
Cc1ccccc1S(N)(=O)=O,0,,,,,,test
CCCCNP(N)(N)=S,0,,,,,,train
CC(C)CP(=S)(S)CC(C)C,0,,,,,,train
CC(CC(C)(C)C)CP(=O)(O)CC(C)CC(C)(C)C,1,,,,,,train
CCC(=CCC1CC=C(C)C1(C)C)CO,1,,,,,,train
O=C1OC(=O)C2C1C1(Cl)C(Cl)=C(Cl)C2(Cl)C1(Cl)Cl,0,,,,,,valid
CC(C)(N)CO,0,,,,,,train
O=C1CCCO1,1,,,,,,train
CC(=O)OO,1,,,,,,train
CCS(=O)c1c(C#N)nn(-c2c(Cl)cc(C(F)(F)F)cc2Cl)c1N,1,,,,,,train
CC(C)C(C)(N)C#N,1,,,,,,test
OCCOCCCl,0,,,,,,train
CCC(=O)OCc1ccccc1,1,,,,,,train
O=C(O)CC(=O)CC(=O)O,0,,,,,,train
CCCCOC(=O)CC(CC(=O)OCCCC)(OC(C)=O)C(=O)OCCCC,1,,,,,,train
CC1(C)CNCC(C)(C)C1OC(=O)CCCCCCCCC(=O)OC1C(C)(C)CNCC1(C)C,1,,,,,,valid
CC(C)COP(O)(=S)OCC(C)C,1,,,,,,train
CC(O)COC(=O)c1c(Br)c(Br)c(Br)c(Br)c1C(=O)OCCOCCO,1,,,,,,train
Cc1ccc(S(N)(=O)=O)cc1,0,,,,,,train
CC1(C)CC(=O)CC(C)(C#N)C1,1,,,,,,train
C=CCCC(=O)Cl,1,,,,,,test
O=P(O)(O)CN(CP(=O)(O)O)CP(=O)(O)O,0,,,,,,train
C=COC1CCCCC1,1,,,,,,train
CCCCCCCOCC(C)CC=O,1,,,,,,train
CO[Si](CCCOCC1CO1)(OC)OC,1,,,,,,train
O=C(c1ccccc1)C1CCCCC1,1,,,,,,valid
CN(C)CCCCCCN(C)C,1,,,,,,train
C=CC(=O)OCC(CC)(COCC(CC)(COC(=O)C=C)COC(=O)C=C)COC(=O)C=C,1,,,,,,train
O=c1occo1,1,,,,,,train
CC(O)COc1ccc(C(C)(C)c2ccc(OCC(C)O)cc2)cc1,1,,,,,,train
CC(=O)OC1CCC(C(C)(C)C)CC1,1,,,,,,test
COC(=O)CC#N,0,,,,,,train
CC(=O)OCC(COC(C)=O)OC(C)=O,0,,,,,,train
Cc1cc(CC(C)CC(C)(C)C)n(O)c(=O)c1.NCCO,1,,,,,,train
Cn1cc(C(=O)Nc2cccc3c2C2CCC3C2=C(Cl)Cl)c(C(F)F)n1,1,,,,,,train
CC(C)CCCCCCO,1,,,,,,valid
COc1nc(OC)nc(C(=O)c2cccc(F)c2N(C)S(=O)(=O)C(F)F)n1,1,,,,,,train
CCCCCCCCCCCCCCCCCC(=O)O,1,,,,,,train
OCC1CC2CC1C1CCC(CO)C21,0,,,,,,train
CCCCCCCCCCCCCCCOS(=O)(=O)O,1,,,,,,train
CCCCC(CC)COC(=O)CC#N,1,,,,,,test
O=Cc1ccc2c(c1)OCO2,1,,,,,,train
N#Cc1ccc(Cl)c(Cl)c1,1,,,,,,train
O=C1Cc2ccccc2N1c1ccccc1,1,,,,,,train
CCC(C)Cl,1,,,,,,train
CCOc1ccccc1NC(=O)C(=O)Nc1ccccc1CC,0,,,,,,valid
CN(C)Cc1cc(CN(C)C)c(O)c(CN(C)C)c1,0,,,,,,train
CN(CCO)CCO,0,,,,,,train
Cc1cc(O)c(C(C)(C)C)cc1Sc1cc(C(C)(C)C)c(O)cc1C,1,,,,,,train
CCOCCOCCOC(C)=O,0,,,,,,train
CC1CCOC1,0,,,,,,test
CCN(CC)c1cccc(O)c1,1,,,,,,train
COc1ccc2cc(C(C)=O)ccc2c1,1,,,,,,train
CC(N)C(=O)NC(C)C(=O)NC1C2CN(c3nc4c(cc3F)c(=O)c(C(=O)O)cn4-c3ccc(F)cc3F)CC21,1,,,,,,train
CCCCC(CC)COP(=O)(Oc1ccccc1)Oc1ccccc1,1,,,,,,train
CCC=CCCCCCCCCCCCCCC(=O)O,1,,,,,,valid
CCCCCCCC(=O)N(C)C,1,,,,,,train
CC(=O)C1=C(C)C2CC3(C1)C(C)CCC3C2(C)C,1,,,,,,train
CCCCCCOCCO,0,,,,,,train
CC(C)CCC(C)Nc1ccc(NC(C)CCC(C)C)cc1,1,,,,,,train
CCC(=O)OC1C=CC2C3CCC(C3)C12,1,,,,,,test
C=CCOC(=O)CC(C)=O,0,,,,,,train
CC1=CCC(C=CC(C)C(C)O)C1(C)C,1,,,,,,train
CC(C)C(=O)OCC(C)(C)C(O)C(C)C,1,,,,,,train
CC(=O)OCCOCCOCCOC(C)=O,0,,,,,,train
Cc1ccc(Cl)cc1C,1,,,,,,valid
CC(C)(C)NCCOCCO,0,,,,,,train
C[N+](C)(CCO)CC(O)C[N+](C)(C)CCO,0,,,,,,train
COc1cc(O)c(C(=O)c2ccccc2)cc1S(=O)(=O)O,1,,,,,,train
CCC=CC#N,0,,,,,,train
C1CN(SSN2CCOCC2)CCO1,1,,,,,,test
CCCCOCCOCCOC(C)=O,1,,,,,,train
CCC(C)C(C)C(C)CCc1ccc(O)cc1,1,,,,,,train
CC(C)C=O,1,,,,,,train
CCOc1ccccc1,0,,,,,,train
OCC1OC(c2ccc(Cl)c(Cc3ccc(OC4CC5CC5C4)cc3)c2)C(O)C(O)C1O,1,,,,,,valid
COCC(C)O,0,,,,,,train
CN(CCO)S(=O)(=O)C(F)(F)C(F)(F)C(F)(F)C(F)(F)F,1,,,,,,train
O=C(OCCCOCCCOC(=O)c1ccccc1)c1ccccc1,1,,,,,,train
OCCC(F)(F)C(F)(F)C(F)(F)C(F)(F)C(F)(F)C(F)(F)F,1,,,,,,train
C=CCCCCCCCC(=O)OC,1,,,,,,test
OCC(O)C(O)C(O)CO,0,,,,,,train
CCCCCC1CCCC(=O)O1,0,,,,,,train
CCCCCOC(=O)CC,1,,,,,,train
C[N+](C)(C)Cc1ccc(C[N+](C)(C)C)cc1,1,,,,,,train
C=COC(=O)CCCCC(C)(C)C,1,,,,,,valid
CCCCOCCOC(C)=O,1,,,,,,train
CN(C)CC(c1ccc(O)cc1)C1(O)CCCCC1,1,,,,,,train
C=CC(=O)OCC(C)CC,1,,,,,,train
C1=CCOC1,1,,,,,,train
CC(=O)OCCC(C)CC(C)(C)C,1,,,,,,test
COCC(C)OCC(C)OC(C)CO,0,,,,,,train
C=Cc1cc(Br)ccc1Br,1,,,,,,train
Nc1cccc(N)c1,0,,,,,,train
CC(C)(C)OOC(C)(C)c1cccc(C(C)(C)OOC(C)(C)C)c1,0,,,,,,train
Nc1ccccc1S(=O)(=O)O,0,,,,,,valid
C=C(C)c1cccc(C(=C)C)c1,1,,,,,,train
CC(C)(N=C=O)c1cccc(C(C)(C)N=C=O)c1,1,,,,,,train
CCCCCCCC1CCCC(=O)O1,1,,,,,,train
C=CCOC(=O)CCC1CCCCC1,1,,,,,,train
CCOC(=O)CC1C=CCC1,1,,,,,,test
C=CC(=O)OCCCCCC(C)C,1,,,,,,train
O=C1OC(CO)C(O)C(O)C1O,0,,,,,,train
C=Cc1ccc(O)c(C=C)c1,1,,,,,,train
CC(C)c1ccc(-c2ccccc2)cc1,1,,,,,,train
C=CC=CCCC=CCC,1,,,,,,valid
CCN(CC)c1nc(Nc2ccc(C=Cc3ccc(Nc4nc(Nc5cc(S(=O)(=O)O)ccc5S(=O)(=O)O)nc(N(CC)CC)n4)cc3S(=O)(=O)O)c(S(=O)(=O)O)c2)nc(Nc2cc(S(=O)(=O)O)ccc2S(=O)(=O)O)n1,1,,,,,,train
CCOCCCC(C)OCCOCC(C)CO,0,,,,,,train
Cc1ccc(S(=O)(=O)NCCCCCC(=O)O)cc1,0,,,,,,train
O=C1c2ccccc2C(=O)N1SC1CCCCC1,1,,,,,,train
CC(=O)OCC(C)OC(C)=O,1,,,,,,test
CC(C)Nc1ccc(Nc2ccccc2)cc1,1,,,,,,train
C1CCNC1.[H+],0,,,,,,train
NC(=O)c1cccnc1,0,,,,,,train
NC1=CC=C(c2ccc(N)cc2)C(S(=O)(=O)O)(S(=O)(=O)O)C1,1,,,,,,train
CCC(C)(OO)OOC(C)(CC)OO,1,,,,,,valid
NCCCCN,0,,,,,,train
CC(C)(C)OOC(=O)c1ccccc1,1,,,,,,train
CCCCN(CCCC)C(=S)S,0,,,,,,train
O=C1CCCCCO1,0,,,,,,train
CCOCCN,1,,,,,,test
COCCCN,0,,,,,,train
N#CCC(=O)O,1,,,,,,train
CCCCCCCCC=CCCCCCCCC(=O)N(C)CC(=O)O,1,,,,,,train
CCCCNCCO,1,,,,,,train
CN(C)CCCN(C)C,1,,,,,,valid
CC(C)(O)C(=O)c1ccccc1,0,,,,,,train
CCCCCCC(=O)Cl,1,,,,,,train
O=C(Cl)CCCCl,1,,,,,,train
CN(C)CCCNCCCN,0,,,,,,train
CCCCC(CC)CNCC(CC)CCCC,1,,,,,,test
CC(C)C(=O)c1ccccc1,1,,,,,,train
CC(C)=CCCC(C)=CC=O,1,,,,,,train
O=c1[nH]c2ccccc2c(=O)o1,1,,,,,,train
CC(C)(C)c1ccc(C=O)cc1,1,,,,,,train
Cc1cc(O)c(C)c(C)c1O,1,,,,,,valid
COc1ccc(CNN=CC2=[N+](C)c3ccccc3C2(C)C)cc1,1,,,,,,train
CCCCC(=O)Cl,1,,,,,,train
CC(O)CN(CC(C)O)CC(C)O,0,,,,,,train
NC1CCC(CC2CCC(N)CC2)CC1,1,,,,,,train
NCCCO,0,,,,,,test
CNC(C)=O,0,,,,,,train
CCCCCC(=O)OC,0,,,,,,train
C=C(C)C(N)=O,0,,,,,,train
C=CCCCCCC#CC#CCO,0,,,,,,train
CC(O)CN(C)C,0,,,,,,valid
NCCCCCCN.O=C(O)CCCCC(=O)O,0,,,,,,train
NCCOCCO,0,,,,,,train
CC(C)OCCCN,1,,,,,,train
CC(C)=CC=O,1,,,,,,train
CCCC(CC)CCCCCCCN,1,,,,,,test
CNC(C)C(O)c1ccccc1.[H+],0,,,,,,train
CCN1CCCCC1,1,,,,,,train
CC(CC=O)CCCC(C)(C)O,1,,,,,,train
C1=COCCC1,0,,,,,,train
COc1ccc(C(OC)OC)cc1,0,,,,,,valid
CC1=CCC(C)C(C)C1=O,1,,,,,,train
COCC(C)N,1,,,,,,train
C#CCO.CC1CO1,0,,,,,,train
CCCCOC(=O)Cl,1,,,,,,train
CCC=C(C)C=O,1,,,,,,test
CN(C)CCOCCO,0,,,,,,train
COC(=O)Cl,1,,,,,,train
CCC(C)(O)CCCC(C)C,1,,,,,,train
O=S1(=O)CCCO1,1,,,,,,train
C=CC(=O)OC(C)COCC(C)OCC(C)OC(=O)C=C,1,,,,,,valid
CC1=NN(c2cccc(S(=O)(=O)O)c2)C(=O)C1,0,,,,,,train
CC1(C)CC(N)CC(C)(CN)C1.Cc1ccc(S(=O)(=O)O)cc1,0,,,,,,train
Cn1ccnc1,0,,,,,,train
Cc1cc(Cc2ccc(N)c(C)c2)ccc1N,0,,,,,,train
c1c[nH]cn1,0,,,,,,test
COc1ccc(C)cc1,1,,,,,,train
C=C(C)C(=O)OCCCCCCCCCCCCCCCCCC,0,,,,,,train
C#CCCl,1,,,,,,train
CCCCCCCC(=O)OC,0,,,,,,train
C1CCC2=NCCCN2CC1,0,,,,,,valid
CCN(CC)c1ccc(C=C(C#N)C(=O)OCCC[N+](C)(C)CCOC(=O)C(C#N)=Cc2ccc(N(CC)CC)cc2)cc1,1,,,,,,train
CN(C)C1CCCCC1,1,,,,,,train
NCCCOCCOCCOCCCN,0,,,,,,train
CCCCNCC,1,,,,,,train
CCCCC(CC)CN(CC(CC)CCCC)Cn1cncn1,1,,,,,,test
COc1ccccc1NC(=O)CC(C)=O,0,,,,,,train
CC(C)C(=O)OC(=O)C(C)C,0,,,,,,train
C=C(C)CCO,0,,,,,,train
OCCc1ccccc1,0,,,,,,train
CCCCCCCCCCCC(=O)OC,0,,,,,,valid
C=C(C)C(=O)OCCCCCCCC(C)C,0,,,,,,train
CN1CCOCC1,0,,,,,,train
CC(C)(N=NC(C)(C)C(=N)N)C(=N)N.[H+],0,,,,,,train
NCCCCCCCCN,1,,,,,,train
C=CC(=O)OCCCCO,1,,,,,,test
CC(C)=CCCC(C)CCO,1,,,,,,train
Nc1nc(N)nc(-c2ccccc2)n1,1,,,,,,train
C#CC(C)(O)CCC=C(C)C,1,,,,,,train
NCCCNCCCN,0,,,,,,train
CC(=O)CCl,1,,,,,,valid
C1CCNCC1,0,,,,,,train
C=CC(=O)OCCOc1ccccc1,1,,,,,,train
CN(C)CCCO,0,,,,,,train
C=CNC=O,0,,,,,,train
NC=O,0,,,,,,test
CC(=O)C=O,0,,,,,,train
CCCC=C(C=O)CC,1,,,,,,train
CC(=O)CC(=O)Nc1ccc(C)cc1C,0,,,,,,train
CC(C)=CCCC(C)CC#N,1,,,,,,train
CCCCCCCCCC(=O)OC,0,,,,,,valid
ClCCCCCCCl,0,,,,,,train
CCN(CC)CCCN,0,,,,,,train
C=CC(=O)OCC(CC)(COC(=O)C=C)COC(=O)C=C,1,,,,,,train
N#Cc1ccc(Cl)cc1,1,,,,,,train
COC=O,0,,,,,,test
NCC1CCCC(CN)C1,0,,,,,,train
CCOP(c1ccccc1)c1ccccc1,1,,,,,,train
CCn1c2ccccc2c2ccccc21,1,,,,,,train
CCCCCC1C(=O)CCC1CC(=O)OC,1,,,,,,train
CC(C)COP(=O)(OCC(C)C)OCC(C)C,1,,,,,,valid
Cc1cc(C)c(C(=O)P(=O)(C(=O)c2c(C)cc(C)cc2C)c2ccccc2)c(C)c1,1,,,,,,train
c1ccc2sc(SSc3nc4ccccc4s3)nc2c1,1,,,,,,train
CC=CC(=O)C1C(C)C=CCC1(C)C,1,,,,,,train
Cc1cc(C)c(C(=O)P(=O)(c2ccccc2)c2ccccc2)c(C)c1,1,,,,,,train
CC(C)c1ccc2ccccc2c1C(C)C,1,,,,,,test
NNS(=O)(=O)c1ccc(Oc2ccc(S(=O)(=O)NN)cc2)cc1,1,,,,,,train
CC1C(C)(C)C2=C(C(=O)CCC2)C1(C)C,1,,,,,,train
O=C1NC(=O)C(=c2[nH]c(=C3C(=O)NC(=O)NC3=O)c3ccccc23)C(=O)N1,0,,,,,,train
CN1CCN(C)C1=O,1,,,,,,train
Cc1ccc(C)c(N)c1,0,,,,,,valid
COC(=O)c1ccc(C)cc1,1,,,,,,train
O=S1(=O)CS(=O)(=O)OCO1,1,,,,,,train
Cc1ccc(C(=O)OOC(=O)c2ccc(C)cc2)cc1,1,,,,,,train
S=c1[nH]c2ccccc2[nH]1,0,,,,,,train
Cc1ccc(Nc2ccc(Nc3ccc(C)cc3)c3c2C(=O)c2ccccc2C3=O)cc1,1,,,,,,test
Cc1cccc(N)c1,1,,,,,,train
CC1=CC2CC1C1C(=O)OC(=O)C21,0,,,,,,train
C[Si](C)(C)O[Si](C)(C)C,1,,,,,,train
CC(C)c1cccc(C(C)C)c1,1,,,,,,train
O=[PH]1Oc2ccccc2-c2ccccc21,0,,,,,,valid
Cc1ccc([N+](=O)[O-])cc1Cl,1,,,,,,train
CCc1ccc(CC)cc1,1,,,,,,train
CC(C)C1OCCN1CCOC(=O)NCCCCCCNC(=O)OCCN1CCOC1C(C)C,0,,,,,,train
CC(C)c1ccc(C(C)C)cc1,1,,,,,,train
COC1CCC=CO1,0,,,,,,test
c1ccc2sc(SN(C3CCCCC3)C3CCCCC3)nc2c1,1,,,,,,train
CCC(C)NC1CCC(CC2CCC(NC(C)CC)CC2)CC1,1,,,,,,train
CCCCN(CCCC)CCCC,1,,,,,,train
O=C1C=CC(=O)N1c1ccccc1,1,,,,,,train
Fc1ccccc1,1,,,,,,valid
CC(CN)CCCCCCN,1,,,,,,train
CC(C)(C)Cl,0,,,,,,train
NC(=O)CCl,1,,,,,,train
NC(=O)c1ccccc1Cl,1,,,,,,train
CN(C)CCCN,0,,,,,,test
CC1CCC2(OC1)OC1CC3C4CCC5CC(OC6OC(CO)C(O)C(OC7OCC(O)C(O)C7O)C6OC6OC(CO)C(O)C(O)C6O)C(O)CC5(C)C4CCC3(C)C1C2C,1,,,,,,train
CCCCC(CC)COC(=O)C=CC(=O)OCC(CC)CCCC,1,,,,,,train
CCC(N)(CO)CO,0,,,,,,train
CN(C)C(C)(C)CO,0,,,,,,train
CC(C)(C)C1CCC(O)CC1,1,,,,,,valid
C=CCCCCC=C,1,,,,,,train
NC1CCCCC1N,0,,,,,,train
CCCC(C)C(N)N,0,,,,,,train
C=C(C)C(=O)OCCCO,0,,,,,,train
O=C(O)c1cc(I)cc(I)c1O,1,,,,,,test
CCCCCCOCCOCCO,0,,,,,,train
CCCCC(CC)C(=O)O,0,,,,,,train
CCCCCCCCCC=O,1,,,,,,train
CC(=O)C(N=Nc1ccc(-c2ccc(N=NC(C(C)=O)C(=O)Nc3ccc(C)cc3C)c(Cl)c2)cc1Cl)C(=O)Nc1ccc(C)cc1C,0,,,,,,train
CCCCCCCCCCCCCCN(C)C,1,,,,,,valid
CC(=O)OCCC(C)OC(C)=O,1,,,,,,train
Clc1cc(Cl)c(Cl)nc1Cl,1,,,,,,train
CCO[Si](CC(C)C)(OCC)OCC,1,,,,,,train
CCCCC(C#N)c1ccccc1,1,,,,,,train
CCCCCC1=C(CC(=O)OC)CCC1=O,1,,,,,,test
C=CCCCCCCCCCCCCCCCCCC,1,,,,,,train
O=C1CCCCCN1SSN1CCCCCC1=O,1,,,,,,train
CCCCOC(=O)C=CC(=O)O,1,,,,,,train
COc1ccc2cccc(CC#N)c2c1,1,,,,,,train
Cc1cc(-c2ccc(N=C=O)c(C)c2)ccc1N=C=O,1,,,,,,valid
O=C=Nc1ccccc1Cl,1,,,,,,train
O=[N+]([O-])c1cc(Cl)c(OC(F)(F)C(F)C(F)(F)F)cc1Cl,1,,,,,,train
CC(OC(C)(C)CO)C1CCCC(C)(C)C1.CCC(=O)O,1,,,,,,train
CC(CC(=O)O)CC(C)(C)C,0,,,,,,train
CC(C)(c1ccc(O)cc1)c1ccc(O)cc1.ClCC1CO1,1,,,,,,test
CCCCC,1,,,,,,train
CCCCP(CCCC)CCCC,1,,,,,,train
c1cc(OCC2CO2)cc(N(CC2CO2)CC2CO2)c1,1,,,,,,train
O=P(O)(O)CN(CCN(CP(=O)(O)O)CP(=O)(O)O)CCN(CP(=O)(O)O)CP(=O)(O)O,0,,,,,,train
CC(C)CCC(C)(O)C#CC(C)(O)CCC(C)C,1,,,,,,valid
C=C(C)C(=O)O.C=C(C)C(=O)O.C=C(C)C(=O)O.CCC(CO)(CO)CO,1,,,,,,train
CC(=O)C(N=Nc1ccc(-c2ccc(N=NC(C(C)=O)C(=O)Nc3ccccc3)c(Cl)c2)cc1Cl)C(=O)Nc1ccccc1,0,,,,,,train
Cc1cc2[nH]c(=O)[nH]c2cc1N=NC1C(=O)NC(=O)NC1=O,1,,,,,,train
Cc1ccc(S(C)(=O)=O)cc1[N+](=O)[O-],1,,,,,,train
CC(C)(C)CCCCCCCCCN,1,,,,,,test
C=CCCCCCCCC,1,,,,,,train
CC(C)C(N)C(=O)N1Cc2ccccc2CC1C(=O)NC(C(=O)O)C(C)C,1,,,,,,train
CCCCC=CCCC=CCCCCCC,1,,,,,,train
CCCSc1nc(Cl)c([N+](=O)[O-])c(Cl)n1,1,,,,,,train
CC(CO)COC1CC2CCC1(C)C2(C)C,1,,,,,,valid
C=C(C)C(=O)OC(C)(C)C,1,,,,,,train
CCCCc1oc2ccc([N+](=O)[O-])cc2c1C(=O)c1ccc(O)cc1,1,,,,,,train
CC(C)NO,0,,,,,,train
CC(CO)C1CCCCCCCCCCC1,1,,,,,,train
CC(C)CC(C)OC(=O)CC(C(=O)OC(C)CC(C)C)S(=O)(=O)O,0,,,,,,test
CCOC(=O)C(C)C1CCCCC1,1,,,,,,train
CCc1cccc(C)c1N,1,,,,,,train
CC(C)Oc1cc(NNC(=O)C(C)(C)C)c(Cl)cc1Cl,1,,,,,,train
C=CCCCCCCCCC(=O)O,1,,,,,,train
CC(C)(C)c1ccc(OCC2CO2)cc1,1,,,,,,valid
COc1ccccc1NC(=O)C(N=Nc1ccc(-c2ccc(N=NC(C(C)=O)C(=O)Nc3ccccc3OC)c(Cl)c2)cc1Cl)C(C)=O,0,,,,,,train
CCC(=O)OCC(=O)OC(C)C1CCCC(C)(C)C1,1,,,,,,train
Cc1ccccc1OCC1CO1,1,,,,,,train
CC(C)C(=O)C(=Cc1ccccc1)C(=O)Nc1ccccc1,1,,,,,,train
O=C(c1ccc2c(c1)C(=O)OC2=O)c1ccc2c(c1)C(=O)OC2=O,0,,,,,,test
O=P(OCCCl)(OCCCl)OCC(CCl)(CCl)COP(=O)(OCCCl)OCCCl,1,,,,,,train
COC(=O)CC(=O)CC(=O)OC,1,,,,,,train
c1ccc(-c2ccc(-c3ccccc3)cc2)cc1,1,,,,,,train
C=CCCCCCCCCCCCCCCCCCCCCCC,1,,,,,,train
CC(=O)OCCOC(C)C,1,,,,,,valid
CCCCCCCCCCCC(=O)Cl,0,,,,,,train
C=CCCCCCCCCCCCCCCCC,1,,,,,,train
CCCCC(CC)COC(C)=O,1,,,,,,train
CS(=O)(=O)O,1,,,,,,train
C[Si](Cl)(Cl)CCC(F)(F)F,1,,,,,,test
Cc1cc(C)cc(C(=O)Cl)c1,1,,,,,,train
COc1ccc(C(=O)Nc2cccc(CNc3c(C(N)=O)cnc4c(C(N)=O)cccc34)c2)cc1,1,,,,,,train
CCCCCCC(CO)CCCC,1,,,,,,train
CCCCCCCCCCN(C)C,1,,,,,,train
CSC,0,,,,,,valid
COC(=O)c1cccc(C(=O)OC)c1,1,,,,,,train
CC=CCC,1,,,,,,train
CCCCCCC(C)C(O)CC(=O)NCC(=O)NC(C(=O)CC(CC(C)C)C(=O)NC(C)C(=O)NC(Cc1ccccc1)C(=O)OC)C(C)C,1,,,,,,train
CC(C)(C)C1CCC(OC(=O)OOC(=O)OC2CCC(C(C)(C)C)CC2)CC1,0,,,,,,train
CC(=O)OCC=C(C)C=CC=C(C)C=CC1=C(C)CCCC1(C)C,1,,,,,,test
C=CCCCCCCCCCCCC,1,,,,,,train
CCCCCCOC1OC(CO)C(O)C(O)C1O,0,,,,,,train
CCCCCCCCC(CO)CCCCCC,1,,,,,,train
CC(=O)C(N=Nc1cc(Cl)c(-c2cc(Cl)c(N=NC(C(C)=O)C(=O)Nc3ccc(C)cc3C)cc2Cl)cc1Cl)C(=O)Nc1ccc(C)cc1C,0,,,,,,train
CC(=O)C(N=Nc1ccc(-c2ccc(N=NC(C(C)=O)C(=O)Nc3ccc(C)cc3)c(Cl)c2)cc1Cl)C(=O)Nc1ccc(C)cc1,0,,,,,,valid
CC(=O)C(N=Nc1ccc(-c2ccc(N=NC(C(C)=O)C(=O)Nc3ccccc3C)c(Cl)c2)cc1Cl)C(=O)Nc1ccccc1C,0,,,,,,train
O=C1CCCCCCCCCCC(=O)OCCO1,1,,,,,,train
CC(C)(C)CCCCCC(=O)OCC1CO1,1,,,,,,train
CC(Cc1cccc(CC(C)c2ccc(O)cc2)c1)c1ccc(O)cc1,1,,,,,,train
CC(C)CCCCCOC(=O)CCS,1,,,,,,test
CCC[N+](=O)[O-],0,,,,,,train
S=C(SN1CCOCC1)N1CCOCC1,1,,,,,,train
Clc1cccc(Cl)c1Nc1ccccc1,1,,,,,,train
COc1cc(NS(=O)(=O)c2ccc(C)cc2)c2c(c1N)C(=O)c1ccccc1C2=O,0,,,,,,train
CCCCC(CC)COC(=O)CS,1,,,,,,valid
C=CCCCCCCCCCCCCCC,1,,,,,,train
Cc1ccc(S(=O)(=O)CNC=O)cc1,0,,,,,,train
C=C(C)CC(C)(C)C,1,,,,,,train
C=CCc1cc(C(C)(C)c2ccc(O)c(CC=C)c2)ccc1O,1,,,,,,train
CC(=O)c1ccc(Oc2ccc(Cl)cc2)cc1Cl,1,,,,,,test
CC(C)CCCCCCCCCCO,1,,,,,,train
CCCCCCCCCCCCN1CCCC1=O,1,,,,,,train
C=CC(=O)OCCN=C=O,1,,,,,,train
CC(F)F,0,,,,,,train
CC(CC(=O)CC(C)C1CC(=O)C2(C)C3=C(C(=O)C(O)C12C)C1(C)CCC(O)C(C)(C)C1CC3=O)C(=O)O,1,,,,,,valid
COc1cc(C(F)(F)F)ccn1,1,,,,,,train
CCN(CC)CCCl.[H+],0,,,,,,train
CCOc1nc(F)cc(F)n1,1,,,,,,train
CCCCCCCCCCN(C)CCCCCCCCCC,1,,,,,,train
FCC(F)(F)F,0,,,,,,test
CCCCCCCCCC(C)C=O,1,,,,,,train
N#Cc1ccc(C(F)(F)F)cc1[N+](=O)[O-],1,,,,,,train
Cc1cc(C(C)(C)C)c(OP2COC3(COP(Oc4c(C(C)(C)C)cc(C)cc4C(C)(C)C)OC3)OC2)c(C(C)(C)C)c1,1,,,,,,train
CC=C(C)C,1,,,,,,train
CC(=NNC(=N)N)c1sc(-c2ccc(C#Cc3ccccc3)cc2)nc1C,1,,,,,,valid
C=CCCCCCCCCC(=O)OC,1,,,,,,train
CCCCCCCC(=O)N(CCO)CCO,1,,,,,,train
CC(C)CC(=O)CC(C)C,1,,,,,,train
O=C(OOC(=O)c1ccccc1)c1ccccc1,1,,,,,,train
CC(C)(C)S,1,,,,,,test
COC(=O)CCS,1,,,,,,train
O=Cc1ccccn1,1,,,,,,train
O=C(CCS)OCC(COC(=O)CCS)(COC(=O)CCS)COC(=O)CCS,1,,,,,,train
CCCCCCCCCCC(CO)CCCCCCCC,1,,,,,,train
O=C1Cc2ccccc2O1,1,,,,,,valid
Fc1cccc(C(F)(F)F)n1,1,,,,,,train
CO[Si](CCCNCCC[Si](OC)(OC)OC)(OC)OC,0,,,,,,train
C=CC(=O)NCCC[N+](C)(C)C,0,,,,,,train
FC(F)(F)C(Cl)Cl,1,,,,,,train
O=C(CS)OCC(O)CO,1,,,,,,test
O=C(O)c1ccccc1SSc1ccccc1C(=O)O,1,,,,,,train
C=C(C)C1CC=C(C)C(=O)C1,1,,,,,,train
Cc1ccc(C=O)cc1C,1,,,,,,train
CC(C)(C)c1cc(Cc2cc(C(C)(C)C)c(O)c(C(C)(C)C)c2)cc(C(C)(C)C)c1O,0,,,,,,train
C=C(C)C(=O)OCC(C)C,1,,,,,,valid
CCCCC(C=O)CC,1,,,,,,train
CCC=CCCOC(C)=O,1,,,,,,train
O=C(OCc1cncs1)Oc1ccc([N+](=O)[O-])cc1,1,,,,,,train
CC1C(C)(C)C2=C(C3OCOCC3CC2)C1(C)C,1,,,,,,train
C=Cc1cccc(C)c1,1,,,,,,test
COc1cc(OC)nc(NC(=O)Oc2ccccc2)n1,0,,,,,,train
CCOC(=O)C1CCC(C(=O)OCC)CC1,1,,,,,,train
C=C(Br)C(F)(F)F,1,,,,,,train
CCCCOCCOCCOC(=O)CCCCC(=O)OCCOCCOCCCC,1,,,,,,train
CCC=CCC,1,,,,,,valid
CCOc1nc(Cl)cc(Cl)n1,1,,,,,,train
C[N+]1([O-])CCOCC1,0,,,,,,train
Clc1ccc(CNC2CCCC2)cc1,1,,,,,,train
CCCCCCCCCCCCN(C)C,1,,,,,,train
CCOc1ccc(NC(=O)C(N=Nc2ccc(-c3ccc(N=NC(C(C)=O)C(=O)Nc4ccc(OCC)cc4)c(Cl)c3)cc2Cl)C(C)=O)cc1,0,,,,,,test
Cc1cc(C2(c3ccc(O)c(C)c3)CCCCC2)ccc1O,1,,,,,,train
CCOC(=O)C1(c2ccccc2)OC1C,1,,,,,,train
CC(=O)OCC1OC(OC(C)=O)C(OC(C)=O)C(OC(C)=O)C1OC(C)=O,1,,,,,,train
OCC(O)C(O)C(O)C(O)C(O)C[S+]1CC(O)C(O)C1CO,0,,,,,,train
O=P(O)(O)CN(CCCCCCN(CP(=O)(O)O)CP(=O)(O)O)CCCCCCN(CP(=O)(O)O)CP(=O)(O)O,0,,,,,,valid
CCCCCCCCCCCCCC[N+](C)(C)CCCCCCCCCCCCCC,1,,,,,,train
O=C(c1ccc(F)cc1)c1ccccc1F,1,,,,,,train
Cc1cccc2n[nH]nc12,1,,,,,,train
Fc1ccc(C2(c3ccccc3F)CO2)cc1,1,,,,,,train
C[N+]1(Cc2ccccc2)C=CC=CC1,1,,,,,,test
CC(C)(C)CC(C)(C)c1ccc(Nc2ccc(C(C)(C)CC(C)(C)C)cc2)cc1,1,,,,,,train
CC(=O)Nc1cc(S(=O)(=O)O)cc(N)c1O,0,,,,,,train
CC(=O)O[Si](C)(OC(C)=O)OC(C)=O,0,,,,,,train
C=C[Si](OC(C)=O)(OC(C)=O)OC(C)=O,0,,,,,,train
CC(=O)O[Si](OC(C)=O)(OC(C)(C)C)OC(C)(C)C,0,,,,,,valid
CC[Si](OC(C)=O)(OC(C)=O)OC(C)=O,0,,,,,,train
CCC[Si](OC(C)=O)(OC(C)=O)OC(C)=O,0,,,,,,train
CC1=CC(=O)N=S(=O)(O)O1,0,,,,,,train
CC(C)C(=O)Cl,0,,,,,,train
CC(C)c1cc(C(C)C)c(N=C=O)c(C(C)C)c1N=C=O,0,,,,,,test
O=C1OCc2ccccc21,0,,,,,,train
COc1ccc(OC)c(N)c1,0,,,,,,train
CCC=CC(C)(O)CCC=C(C)C,1,,,,,,train
CC(C)C(=O)OOC(C)(C)C,1,,,,,,train
COC(=O)CCC(=O)OC,1,,,,,,valid
CCCCCCCCCCCC(=O)NC(CCC(=O)O)C(=O)O,0,,,,,,train
CC(=O)c1c(C)c2cnc(Nc3ccc(N4CCNCC4)cn3)nc2n(C2CCCC2)c1=O,1,,,,,,train
CCCCCCCC(=O)Cl,0,,,,,,train
CCOC(=O)C(F)C(=O)OCC,1,,,,,,train
CC(C)(C)c1ccc([I+]c2ccc(C(C)(C)C)cc2)cc1.F[P-](F)(F)(F)(F)F,1,,,,,,test
CCOC(=O)CCl,1,,,,,,train
CC1C(C)(C)C2CCc3cncnc3C2C1(C)C,1,,,,,,train
CO[Si](OC)(C1CCCC1)C1CCCC1,1,,,,,,train
CC(=O)OC(C)c1ccccc1,1,,,,,,train
CNC(=O)c1cc(Oc2ccc(N)cc2)ccn1,1,,,,,,valid
CC[N+](CC)(CC)CC.O=S(=O)(O)C(F)(F)C(F)(F)C(F)(F)C(F)(F)C(F)(F)C(F)(F)C(F)(F)C(F)(F)F,1,,,,,,train
Nc1cccc(Nc2nc(NCCO)nc(NCCCCNc3nc(NCCO)nc(Nc4cccc(N)c4)n3)n2)c1,1,,,,,,train
Cc1ccc([N+](=O)[O-])c(C)c1,1,,,,,,train
CCCCCCC(O)CO,1,,,,,,train
CCCCCCCCC=CCCCCCCCCNCCCN,1,,,,,,test
OCC1OC(OCC=Cc2ccccc2)C(O)C(O)C1O,1,,,,,,train
CC(O)CN(CC(C)O)c1nc(Nc2ccc(S(=O)(=O)O)cc2)nc(Nc2ccc(C=Cc3ccc(Nc4nc(Nc5ccc(S(=O)(=O)O)cc5)nc(N(CC(C)O)CC(C)O)n4)cc3S(=O)(=O)O)c(S(=O)(=O)O)c2)n1,1,,,,,,train
COC(=O)CCl,1,,,,,,train
C=CN1CCCCCC1=O,0,,,,,,train
COc1ccc(Cl)cc1NC(=O)CC(C)=O,1,,,,,,valid
CCCCCCCCCCCCCCCC(=O)Cl,0,,,,,,train
CSc1ccc(C(=O)C(C)(C)N2CCOCC2)cc1,1,,,,,,train
CCCCCCCCCCCCCCCCN,1,,,,,,train
Cc1ccccc1Oc1ccccc1C,1,,,,,,train
C[N+](C)(C)CC(O)CCl,0,,,,,,test
CN(C)CCCNCCCN(C)C,1,,,,,,train
CC(C)(C)c1cccc(C(C)(C)C)c1O,1,,,,,,train
CC1(O)CCC(C(C)(C)O)CC1,1,,,,,,train
C=CCOc1nc(OCC=C)nc(OCC=C)n1,1,,,,,,train
CN1CCN(C)CC1,1,,,,,,valid
CC(=O)CC(N)=O,0,,,,,,train
O=C=NC1CCC(CC2CCC(N=C=O)CC2)CC1,1,,,,,,train
CN(C)c1ccc2nc3ccc(=O)cc-3sc2c1,1,,,,,,train
O=C(OCc1ccccc1)c1ccccc1O,1,,,,,,train
C=COCCOCCOC=C,0,,,,,,test
CN([SiH](C)C)[Si](C)(C)C,1,,,,,,train
COCCCCC(=O)c1ccc(C(F)(F)F)cc1,1,,,,,,train
CC(=O)OC1CC(C)CCC1C(C)C,1,,,,,,train
O=P(O)(O)OCC(O)CO,0,,,,,,train
O=C(OC1CCCCC1)c1ccccc1O,1,,,,,,valid
COC(=O)c1ccccc1,1,,,,,,train
[H+].[NH-]c1cn(N2CCOCC2)n[o+]1,1,,,,,,train
CC(C)CC1CC(C)CCO1,1,,,,,,train
CCCCCCCCCCCCOCCOCCOS(=O)(=O)O,1,,,,,,train
CCCCCCCCCCCCCCCCCOS(=O)(=O)O,1,,,,,,test
CCCCCCCCOCCCCCCCC,0,,,,,,train
CCCCC(CC)COC(=O)C=Cc1ccc(OC)cc1,0,,,,,,train
Nc1ccc(Cl)cc1C(F)(F)F,1,,,,,,train
OCCCCO,1,,,,,,train
O=C1Nc2cccc3cccc1c23,1,,,,,,valid
CCCCCCCCCCCCCC[N+](C)(C)[O-],1,,,,,,train
CCCCCCCCCc1ccc(OCC(=O)O)cc1,1,,,,,,train
CCCCC(CC)C(=O)Cl,1,,,,,,train
CCCCCCCCCCCC(=O)OC1CC(C)(C)NC(C)(C)C1,1,,,,,,train
S=c1[nH]c(=S)[nH]c(=S)[nH]1,0,,,,,,test
COC1=CCC2=C(CCC3C2CCC2(C)C(O)CCC32)C1,1,,,,,,train
CCN(C(=O)N(CC)c1ccccc1)c1ccccc1,1,,,,,,train
C=CCOC(=O)CCCCC,1,,,,,,train
C1CCCNCC1,0,,,,,,train
C=COCC(C)C,1,,,,,,valid
CC(C)(C)c1ccc(O)c(O)c1,1,,,,,,train
NCCCCCCCCCN,1,,,,,,train
CCN(CC)C(N)=S,0,,,,,,train
CCCCC(CC)CO[N+](=O)[O-],1,,,,,,train
CCCOC(=O)c1ccc(O)cc1,1,,,,,,test
Oc1ccc(C2COc3cc(O)ccc3C2)cc1,1,,,,,,train
CC(C)(C)C(=O)C(Oc1ccc(Cl)cc1)n1ccnc1,1,,,,,,train
O=C(Oc1ccccc1)Oc1ccccc1,1,,,,,,train
N=C(N)NCCCC(N)C(=O)O,0,,,,,,train
Nc1ccc(Nc2ccccc2)cc1,1,,,,,,valid
COC(C)CCOC(C)=O,1,,,,,,train
CC(C)(C)CCCCCC(=O)OOC(C)(C)C,1,,,,,,train
CCOP(OCC)c1ccccc1,0,,,,,,train
O=S(=O)(O)c1ccc(Nc2nc(Nc3ccc(C=Cc4ccc(Nc5nc(Nc6ccc(S(=O)(=O)O)cc6)nc(N(CCO)CCO)n5)c(S(=O)(=O)O)c4)cc3S(=O)(=O)O)nc(N(CCO)CCO)n2)cc1,1,,,,,,train
CC(C)c1ccccc1C(C)C.OO,1,,,,,,test
CC(C=O)(CO)CO,0,,,,,,train
CC(C=O)Cc1ccc(C(C)(C)C)cc1,1,,,,,,train
CC(C)COC(=O)C1CCCCC1C(=O)OCC(C)C,1,,,,,,train
C=CC(=O)OC1CC2CCC1(C)C2(C)C,1,,,,,,train
COc1ccc(OC)c([N+](=O)[O-])c1,1,,,,,,valid
CCO[Si](CCCSC#N)(OCC)OCC,1,,,,,,train
O=C(O)CCS,1,,,,,,train
Cc1ccccc1Cc1ccccc1,1,,,,,,train
O=C(Cl)C(Cl)Cl,0,,,,,,train
CCCOC(=O)Cl,1,,,,,,test
NC(CCC(=O)CC(CSSCC(NC(=O)CCC(N)C(=O)O)C(=O)NCC(=O)O)C(=O)NCC(=O)O)C(=O)O,0,,,,,,train
CCOC(=O)CC(NC1CCC(CC2CCC(NC(CC(=O)OCC)C(=O)OCC)C(C)C2)CC1C)C(=O)OCC,1,,,,,,train
CC(=O)OCCC(C)CCC=C(C)C,1,,,,,,train
CCCCCCCCCCCCCCCC(=O)OC,0,,,,,,train
C=CC(=O)O[Si](C(C)C)(C(C)C)C(C)C,1,,,,,,valid
O=c1[nH]c2ccccc2[nH]1,0,,,,,,train
Cc1nccn1C,1,,,,,,train
C=C(C)C(=O)O.C=C(C)C(=O)O.OCCOCCOCCO,1,,,,,,train
CCCCCCCCCCCCCCOC(=O)Cl,0,,,,,,train
CC(C)CCCCCC(=O)NCCCCCC(=O)O,0,,,,,,test
CCOC(=O)c1ccc(O)cc1,1,,,,,,train
CO[Si](CCCNCCN)(OC)OC,0,,,,,,train
CN(C)CCCN(C)CCCN(C)C,1,,,,,,train
CCC(C)OC(=O)Cl,1,,,,,,train
CCCCN(CCCC)C(=O)N(CCCC)CCCC,1,,,,,,valid
CC(CO)CCCC1CCCCC1,1,,,,,,train
C=CC(=O)NCCCN(C)C,1,,,,,,train
O=[N+]([O-])c1ccc(Cl)cc1C(F)(F)F,1,,,,,,train
NC(CO)CO,0,,,,,,train
CC(C)C(=O)OCCOc1ccccc1,1,,,,,,test
O=C(O)c1cc(N=Nc2ccc(S(=O)(=O)Nc3ccccn3)cc2)ccc1O,1,,,,,,train
CCO[Si](C)(CCCCl)OCC,0,,,,,,train
COC(=O)c1ccc(C(=O)OC)cc1,1,,,,,,train
C=COCCCCO,1,,,,,,train
Clc1nc2ccccc2s1,1,,,,,,valid
CCC(C)n1ncn(-c2ccc(N3CCN(c4ccc(O)cc4)CC3)cc2)c1=O,1,,,,,,train
NCC(=O)Nc1ccc(Cc2ccc(NC(=O)CN)cc2)cc1,1,,,,,,train
COC(=O)C=Cc1ccccc1,1,,,,,,train
CCCCCCCCCCCCCCCCCCN,1,,,,,,train
COC(=O)CCc1cc(C(C)(C)C)c(O)c(C(C)(C)C)c1,1,,,,,,test
CC(C)(C)c1ccc(OC(c2ccc(C(C)(C)C)cc2C(C)(C)C)C(CO)(CO)CO)c(C(C)(C)C)c1.OP(O)OP(O)O,1,,,,,,train
CC1(C)CCCC2(C)C1CCC1(C)OCCC12,0,,,,,,train
C=CCS(=O)(=O)O,0,,,,,,train
NC(=O)CCN(CCO)c1nc(Nc2ccccc2)nc(Nc2ccc(C=Cc3ccc(Nc4nc(Nc5ccccc5)nc(N(CCO)CCC(N)=O)n4)cc3S(=O)(=O)O)c(S(=O)(=O)O)c2)n1,1,,,,,,train
CC1(C)CC(=O)CC(C)(C)N1,1,,,,,,valid
CC(C)CCCCCCCOCCC#N,1,,,,,,train
Clc1cc(Cl)ncn1,1,,,,,,train
O=Cc1ccncc1,1,,,,,,train
COc1cc(NS(=O)(=O)c2ccccc2)c2c(c1N)C(=O)c1ccccc1C2=O,0,,,,,,train
NC1CCCC1,0,,,,,,test
CCCCC(CC)COP(=O)(O)O,0,,,,,,train
O=C1c2cccc(Sc3ccccc3)c2C(=O)c2c(Sc3ccccc3)cccc21,0,,,,,,train
C=C(C)C#N,0,,,,,,train
COC(=O)CCCCCCCCC(=O)OC,1,,,,,,train
COc1cc(NC(=O)CC(C)=O)c(OC)cc1Cl,1,,,,,,valid
O=C=NCCCCCCn1c(=O)n(CCCCCCN=C=O)c(=O)n(CCCCCCN=C=O)c1=O,1,,,,,,train
C=C(C)C1CCC(C)(O)CC1.CC1=CCC(C(C)(C)O)CC1,0,,,,,,train
C=CC1CCC(C2CCC(c3ccc(C)cc3)CC2)CC1,0,,,,,,train
CC(C=CC1=C(C)CCCC1(C)C)=CC=CC(C)=CCO,0,,,,,,train
O=C1CCCCCCCCCCCC(=O)OCCO1,1,,,,,,test
CCOCOC1CCCCCCCCCCC1,1,,,,,,train
COC(=O)C(C)(C)c1ccc(Br)cc1,1,,,,,,train
CCC(=O)Cl,0,,,,,,train
CCCCCCCCCCCC(=O)OCCCCCC,0,,,,,,train
C(OCC1CO1)C1CO1.OCCCCO,1,,,,,,valid
CC(C)(C)CCCCCC(=O)Cl,0,,,,,,train
COc1ccccc1NC(=O)c1cc2ccccc2cc1O,1,,,,,,train
CCC=CCCCCCCCCCCCCCCOCC,0,,,,,,train
CC1=CCC(C(C)C)C=C1,1,,,,,,train
S=P(Oc1ccccc1)(Oc1ccccc1)Oc1ccccc1,1,,,,,,test
CCC1(CO)COC1,0,,,,,,train
CC(C)COP(=S)(OCC(C)C)SCC(C)C(=O)O,1,,,,,,train
Cc1ccc(Cl)cc1N,1,,,,,,train
COc1cc([N+](=O)[O-])c(OC)cc1Cl,1,,,,,,train
O=C(Cl)c1ccc(C(=O)Cl)cc1,0,,,,,,valid
NC(=NCCCCCCN=C(N)N=C(N)Nc1ccc(Cl)cc1)N=C(N)Nc1ccc(Cl)cc1.O=C(O)C(O)C(O)C(O)C(O)CO.O=C(O)C(O)C(O)C(O)C(O)CO,1,,,,,,train
C=CC(=O)OCCCCOC(=O)Oc1ccc(C(=O)c2ccccc2)cc1,1,,,,,,train
OC(c1ccccc1)(c1ccccc1)C1CCNCC1,0,,,,,,train
CC[N+](=O)[O-],0,,,,,,train
CC(=O)CC(=O)Nc1ccccc1,0,,,,,,test
CCOC(=O)C1=NN(c2ccccc2)C(=O)C1,0,,,,,,train
CC(=O)c1ccc(C)cc1,1,,,,,,train
COc1ccc(C=CC(=O)OCCC(C)C)cc1,0,,,,,,train
CCO[Si](CCCCl)(OCC)OCC,1,,,,,,train
Cc1ccc(N(CC(C)O)CC(C)O)cc1,1,,,,,,valid
CNC(=S)NN,1,,,,,,train
CC(=NO)c1ccccc1,1,,,,,,train
C=C(Cl)C(=C)Cl,1,,,,,,train
CCCCCCCCCCCCCC(=O)OC,0,,,,,,train
CC1CC(OC(=O)c2ccccc2O)CC(C)(C)C1,0,,,,,,test
C=C(C)C(=O)OC1CCCCC1,0,,,,,,train
CCCCCCCCCCCCCCCCCC[N+](C)(C)C,1,,,,,,train
CCCCC(CC)COC(=O)c1ccccc1O,0,,,,,,train
CS,1,,,,,,train
O=[N+]([O-])c1ccc(N=Nc2c(O)c(N=Nc3cc([N+](=O)[O-])cc([N+](=O)[O-])c3O)cc(N=Nc3cc(S(=O)(=O)O)cc4cc(S(=O)(=O)O)cc(O)c34)c2O)cc1,1,,,,,,valid
CC(C)(C)OOC(=O)C(C)(C)C,1,,,,,,train
CC(=O)OC1CCCCC1C(C)(C)C,1,,,,,,train
CCCCCCCCCCCC(=O)N(C)CC(=O)O,0,,,,,,train
CCOC(=O)C(C)Oc1ccc(O)cc1,1,,,,,,train
O=C(c1ccccc1)C1(O)CCCCC1,1,,,,,,test
COc1cc([N+](=O)[O-])ccc1N,1,,,,,,train
NN=C(N)N.O=C(O)O,0,,,,,,train
C=C(c1ccccc1)c1ccccc1,0,,,,,,train
C=CCOCC(C)(CC)C(O)O,0,,,,,,train
O=C(O)c1cc2ccccc2cc1O,1,,,,,,valid
C=CC(=O)OCCOCC(CC)(COCCOC(=O)C=C)COCCOC(=O)C=C,1,,,,,,train
CC(C)COC(C)(C)C,1,,,,,,train
Cc1cc(C#N)cc(C)c1O,1,,,,,,train
CC(=O)N1CCOCC1,0,,,,,,train
CC(C)Cc1cc2ccccc2c(S(=O)(=O)O)c1CC(C)C,0,,,,,,test
CN1CCCCC1,1,,,,,,train
COc1ccc(C)cc1N,1,,,,,,train
C=COCCOCCOC(=O)C=C,1,,,,,,train
CCC(=O)Nc1cccc(Nc2cc(S(=O)(=O)O)c(N)c3c2C(=O)c2ccccc2C3=O)c1,0,,,,,,train
CC=CC(=O)Oc1c(C(C)CCCCCC)cc([N+](=O)[O-])cc1[N+](=O)[O-],1,,,,,,valid
CC(Oc1ccc(Oc2cnc3cc(Cl)ccc3n2)cc1)C(=O)OCC1CCCO1,1,,,,,,train
Cc1nc(C(F)(F)F)c(C(=O)Nc2c(Br)cc(OC(F)(F)F)cc2Br)s1,1,,,,,,train
COC(=O)Nc1nc2cc(S(=O)c3ccccc3)ccc2[nH]1,1,,,,,,train
Clc1ccc(C2(Cn3cncn3)OCCO2)c(Cl)c1,1,,,,,,train
COc1nc(C)nc(NC(=O)NS(=O)(=O)c2cc(I)ccc2C(=O)O)n1,1,,,,,,test
ClCC1(C(Cl)Cl)C2CC(Cl)(Cl)C1(CCl)C(Cl)C2Cl,1,,,,,,train
O=C(NC(=O)c1c(F)cccc1F)Nc1cc(Cl)c(F)c(Cl)c1F,1,,,,,,train
CCCN(CC1CC1)c1c([N+](=O)[O-])cc(C(F)(F)F)cc1[N+](=O)[O-],1,,,,,,train
[O-][n+]1nc(-n2ccnc2)nc2ccc(Cl)cc21,1,,,,,,train
COC(=O)C(C)Oc1ccc(Oc2ncc(C(F)(F)F)cc2Cl)cc1,1,,,,,,valid
CCOC(=O)C(CC)OC(=O)c1cc(Oc2ccc(C(F)(F)F)cc2Cl)ccc1[N+](=O)[O-],1,,,,,,train
CCNc1nc(CC)c(C(=O)NC(C#N)c2cccs2)s1,1,,,,,,train
CC=CC1C(C(=O)OCc2ccc(C)cc2C)C1(C)C,1,,,,,,train
NC(N)=NCCCCCCCCNCCCCCCCCN=C(N)N,1,,,,,,train
CCCCc1c(C)nc(NCC)nc1OS(=O)(=O)N(C)C,1,,,,,,test
CSc1nc(N=[N+]=[N-])nc(NC(C)C)n1,1,,,,,,train
CC(Cc1ccc(C(C)(C)C)cc1)CN1CCCCC1,1,,,,,,train
O=C(O)COc1ccc(Cl)cc1CO,1,,,,,,train
CCOC(=O)Cn1c(=O)sc2cccc(Cl)c21,1,,,,,,train
CCONC(CC)=C1C(=O)CC(c2c(C)cc(C)cc2C)CC1=O,1,,,,,,valid
CON=C(Cc1cccnc1)c1ccc(Cl)cc1Cl,1,,,,,,train
O=C(OCc1ccccc1)c1sc(Cl)nc1C(F)(F)F,1,,,,,,train
C=CCNC(=O)c1c([Si](C)(C)C)sc(C)c1C,1,,,,,,train
OC(c1ccc(F)cc1)(c1cncnc1)c1ccccc1Cl,1,,,,,,train
CC(C)N(Cc1ccccc1)C(=O)C(C)(C)C,1,,,,,,test
Cc1nc(C)c(C(=O)Nc2ccccc2)s1,1,,,,,,train
CC(Oc1ccc(Oc2ncc(Cl)cc2F)cc1)C(=O)O,1,,,,,,train
Cc1nn(C)c(O)c1C(=O)c1ccc(C(F)(F)F)cc1S(C)(=O)=O,1,,,,,,train
Cn1nc(-c2cc(OCC(=O)O)c(Cl)cc2F)c(Cl)c1OC(F)F,1,,,,,,train
Cc1cc(C)nc(NC(=O)NS(=O)(=O)c2ccccc2C(=O)OC2COC2)n1,0,,,,,,valid
OCC(CO)(CCl)COc1ccc2ccccc2c1,0,,,,,,train
CN(C)C(=O)Nc1ccc(-n2nc(C(C)(C)C)oc2=O)c(Cl)c1,0,,,,,,train
CC(C)c1cc(Oc2ccccc2)cc(C(C)C)c1NC(=S)NC(C)(C)C,1,,,,,,train
COCc1c(F)c(F)c(COC(=O)C2C(C=C(C)C#N)C2(C)C)c(F)c1F,1,,,,,,train
CC(C)(C)c1cc([N+](=O)[O-])cc([N+](=O)[O-])c1O,1,,,,,,test
O=C(NC(=O)c1c(F)cccc1F)Nc1ccc(Oc2ccc(C(F)(F)F)cc2Cl)cc1F,1,,,,,,train
CCOP(=S)(OCC)Oc1nc(Cl)n(C(C)C)n1,1,,,,,,train
CC1(C)C(C=CC(=O)OC(C(F)(F)F)C(F)(F)F)C1C(=O)OC(C#N)c1cccc(Oc2ccccc2)c1,1,,,,,,train
CN(C)S(=O)(=O)N(SC(F)(Cl)Cl)c1ccccc1,1,,,,,,train
CCC(Nc1ncnc(C)c1Cl)c1ccc(OC(F)F)cc1,1,,,,,,valid
CCCCOC(=O)N(C)SN(C)C(=O)Oc1cccc2c1OC(C)(C)C2,1,,,,,,train
COC(=O)Nc1nc2cc(Sc3ccccc3)ccc2[nH]1,1,,,,,,train
CN(C)C1CSSSC1,1,,,,,,train
CC(C)OC(=O)c1cc(-c2nn(C)c(C(F)(F)F)c2Br)c(F)cc1Cl,1,,,,,,train
O=Nc1ccc(NNC(=O)c2ccccc2)cc1,1,,,,,,test
O=c1c(C2CC(c3ccc(-c4ccc(Br)cc4)cc3)Cc3ccccc32)c(O)sc2ccccc12,1,,,,,,train
O=c1c(C2CC(c3ccc(-c4ccc(Br)cc4)cc3)Cc3ccccc32)c(O)oc2ccccc12,1,,,,,,train
Cc1c(Br)c2ccc(F)cc2n1S(=O)(=O)c1ncn(S(=O)(=O)N(C)C)n1,1,,,,,,train
CCCCCCCCc1c(CC)nc2ncnn2c1N,1,,,,,,train
CCCCCCCCc1cc([N+](=O)[O-])cc([N+](=O)[O-])c1O,1,,,,,,valid
O=C(O)c1nc(C(Cl)(Cl)Cl)n(-c2ccc(Cl)cc2Cl)n1,1,,,,,,train
CCOC(=O)c1nc(C(Cl)(Cl)Cl)n(-c2ccc(Cl)cc2Cl)n1,1,,,,,,train
O=c1c(C2CC(c3ccc(OCc4ccc(C(F)(F)F)cc4)cc3)Cc3ccccc32)c(O)oc2ccccc12,1,,,,,,train
Cn1cc(C(=O)Nc2ccc(F)cc2-c2ccc(Cl)c(Cl)c2)c(C(F)F)n1,1,,,,,,train
CCOC(=O)CCC(=O)CC1(O)C2(Cl)C3(Cl)C4(Cl)C(Cl)(Cl)C5(Cl)C3(Cl)C1(Cl)C5(Cl)C42Cl,1,,,,,,test
COP(=O)(OC)SCn1c(=O)oc2cc(Cl)cnc21,1,,,,,,train
CNC(=O)ON=C(CSC)C(C)(C)C,1,,,,,,train
C=CC=C,1,,,,,,train
CC1(C)CN=C(NN=C(C=Cc2ccc(C(F)(F)F)cc2)C=Cc2ccc(C(F)(F)F)cc2)NC1,1,,,,,,train
O=C1C(Br)=CC(=CNOc2ccc([N+](=O)[O-])cc2[N+](=O)[O-])C=C1Br,1,,,,,,valid
Oc1ccc(Oc2ccc(Cl)cc2Cl)cc1,1,,,,,,train
C#CCOc1cc(-n2nc(C(C)(C)C)oc2=O)c(Cl)cc1Cl,1,,,,,,train
CC(Oc1ccc(Oc2nc3ccc(Cl)cc3o2)cc1)C(=O)N(C)c1ccccc1F,1,,,,,,train
CNC(=O)Oc1cc(C)cc(C(C)C)c1,1,,,,,,train
CCCOc1nc2ccc(I)cc2c(=O)n1CCC,1,,,,,,test
CC(C)OC(=O)C(O)(c1ccc(Br)cc1)c1ccc(Br)cc1,1,,,,,,train
OC(=S)c1cccc2nnsc12,1,,,,,,train
COC(=O)C(C)=COP(=S)(OC)OC,1,,,,,,train
CC(C)OC(=O)C(O)(c1ccc(Cl)cc1)c1ccc(Cl)cc1,1,,,,,,train
FC(F)(F)c1cccc(OCCCOc2c(Cl)cc(OCC=C(Cl)Cl)cc2Cl)n1,1,,,,,,valid
CCOP(=S)(OCC)SC(CCl)N1C(=O)c2ccccc2C1=O,1,,,,,,train
Cc1ccc(C)c2ccccc12,1,,,,,,train
Clc1ccc(CSC(Cn2cncn2)=Nc2ccc(Cl)cc2Cl)cc1,1,,,,,,train
O=C(Nc1ccc(F)cc1)c1cccc(Oc2cccc(C(F)(F)F)c2)n1,1,,,,,,train
COP(=S)(OC)Oc1c(Cl)cc(C)cc1Cl,1,,,,,,test
CC#Cc1cc(C)nc(Nc2ccccc2)n1,1,,,,,,train
COP(=O)(CC(C)=O)OC,1,,,,,,train
CCCCCCCCCCCCCCCCC[N+](C)(C)CCCCCCCCCCCCCCCC,1,,,,,,train
CCCN(CCC)C(=O)SCc1ccccc1,1,,,,,,train
CNC(=O)C(=NOC)c1ccccc1CON=C(C)C(=NOC)C(C)=NOC,1,,,,,,valid
CNC(=O)C(OC)c1ccccc1COc1cc(C)ccc1C,1,,,,,,train
CNC(=O)Oc1cc(C)c(C)c(C)c1,1,,,,,,train
CCCC(Cn1cncn1)c1ccc(Cl)cc1Cl,1,,,,,,train
CCOCCOC(=O)C(C)Oc1ccc(Oc2ncc(C(F)(F)F)cc2Cl)cc1,1,,,,,,train
C[Si](Cn1cncn1)(c1ccc(F)cc1)c1ccc(F)cc1,1,,,,,,test
O=[N+]([O-])c1ccc(NS(=O)(=O)c2ccc(Cl)c(C(F)(F)F)c2)c(Cl)c1,1,,,,,,train
CC1CN(C2CCCCCCCCCCC2)CC(C)O1,1,,,,,,train
CC(Oc1ccc(Oc2ncc(Cl)cc2Cl)cc1)C(=O)N1CCCO1,1,,,,,,train
COc1ccc(Cl)cc1Cl,1,,,,,,train
COc1cc(C)c(C(=O)c2c(OC)ncc(Cl)c2C)c(OC)c1OC,1,,,,,,valid
Cc1ccsc1C1=NOC(C)(COCc2c(F)cccc2F)C1,1,,,,,,train
CC(C)(C)C(O)C(=Cc1ccc(Cl)cc1Cl)n1cncn1,1,,,,,,train
CNC(=O)ON=CC(C)(C)S(C)=O,1,,,,,,train
O=c1c2cc(F)ccc2nc(-n2cncn2)n1-c1ccc(Cl)cc1Cl,1,,,,,,train
O=c1[nH]c2c(c(=O)n1C1CCCCC1)CCC2,1,,,,,,test
C=CCN(CC=C)C(=O)CCl,1,,,,,,train
COC(=O)c1nc(-c2ccc(Cl)c(OC)c2F)cc(N)c1Cl,1,,,,,,train
CCOCCN(C(=O)CCl)C(=C(C)C)c1ccccc1,1,,,,,,train
Cn1nc(C(F)(F)F)c(CS(=O)(=O)C2=NOC(C)(C)C2)c1OC(F)F,1,,,,,,train
Cc1cc(OC(C)C)ccc1C(=O)C(C)(C)NC(=O)c1sccc1C,1,,,,,,valid
O=C(O)COc1ccc2ccccc2c1,1,,,,,,train
CC(C)OC(=O)C(C)N(C(=O)c1ccccc1)c1ccc(F)c(Cl)c1,1,,,,,,train
CCNc1nc(NC(C)(C)C)nc(=O)[nH]1,1,,,,,,train
CCC1COC(Cn2cncn2)(c2ccc(Cl)cc2Cl)O1,1,,,,,,train
[O-][N+](=Nc1ccccc1)c1ccccc1,1,,,,,,test
COP(=S)(OC)SCC(=O)N(c1ccc(Cl)cc1)C(C)C,1,,,,,,train
CCCCCCCCCCCCN1CC(C)OC(C)C1,1,,,,,,train
Nc1ccc(C(F)(F)F)cc1Cl,1,,,,,,train
CCN(C(=O)n1nnn(-c2ccccc2Cl)c1=O)C1CCCCC1,1,,,,,,train
COCCN(C(=O)CCl)c1c(C)cccc1C,1,,,,,,valid
CCCCCCCCCCCCc1ccccc1S(=O)(=O)O.CCCCCCCCCCCCc1ccccc1S(=O)(=O)O.CCCCCCCCCCCCc1ccccc1S(=O)(=O)O.N=C(N)NCCCCCCCCNCCCCCCCCNC(=N)N,1,,,,,,train
COC(=O)C(C)N(C(=O)Cc1ccccc1)c1c(C)cccc1C,1,,,,,,train
C=CCSC(=O)n1c(N)c(-c2ccccc2C)c(=O)n1C(C)C,1,,,,,,train
N#CCON=C(C#N)c1ccccc1,1,,,,,,train
CCCC(=O)N(CSP(=S)(OC)OC)c1ccccc1Cl,1,,,,,,test
CCCCC=CCCCCCCCCOC(C)=O,1,,,,,,train
CCC=CCCCCCCCCCCOC(C)=O,1,,,,,,train
O=C(Nc1ccccc1)c1ccccc1I,1,,,,,,train
CNC(=O)Oc1cc(C)c(S(C)=O)c(C)c1,1,,,,,,train
CCCC(=O)c1c(C)cc(C)c(C2CC(=O)C(C(CC)=NOCC)=C(O)C2)c1C,1,,,,,,valid
CC12CC1(C)C(=O)N(c1cc(Cl)cc(Cl)c1)C2=O,1,,,,,,train
COc1cc(OC)nc(NC(=O)NS(=O)(=O)Nc2ccccc2C(=O)C2CC2)n1,1,,,,,,train
O=c1c(C(CC(O)c2ccc(-c3ccc(Br)cc3)cc2)c2ccccc2)c(O)oc2ccccc12,1,,,,,,train
Cc1nn(C)c(Oc2ccccc2)c1C=NOCc1ccc(C(=O)O)cc1,1,,,,,,train
CC(NC(=O)C(NC(=O)O)C(C)C)c1nc2ccc(F)cc2s1,1,,,,,,test
CCOc1ccc(NC(=O)OC(C)C)cc1OCC,1,,,,,,train
O=C(O)C(F)F,1,,,,,,train
CC(C)OC(=O)NC(C(=O)NC(C)c1nc2ccc(F)cc2s1)C(C)C,1,,,,,,train
CCN(Cc1ccc(Cl)nc1)C(=C[N+](=O)[O-])NC,1,,,,,,train
CCOC(=O)NC(=S)Nc1ccccc1NC(=S)NC(=O)OCC,1,,,,,,valid
O=C1NC(=O)C2CC=CCC12,1,,,,,,train
CCS(=O)(=O)Oc1ccc2c(c1)C(C)(C)CO2,1,,,,,,train
CNC(=O)c1cc(C#N)cc(C)c1NC(=O)c1cc(Br)nn1-c1ncccc1Cl,1,,,,,,train
CCCC(NOCC(C)Oc1ccc(Cl)cc1)=C1C(=O)CC(C2CCCSC2)CC1=O,1,,,,,,train
CC=C(C)C(=O)OC1CC(OC(C)=O)C2(C(=O)OC)COC3C2C12COC(O)(C(=O)OC)C2C(C)(C12OC1(C)C1CC2OC2OCCC21O)C3O,1,,,,,,test
O=c1cc(Cl)[nH]nc1-c1ccccc1,1,,,,,,train
CCOP(=S)(OCC)SCC(=O)NC(C)C,1,,,,,,train
CON=C(C)c1cccc(Oc2nc(OC)cc(OC)n2)c1C(=O)OC,1,,,,,,train
O=C(Cn1ccnc1)c1ccc(Cl)cc1Cl,1,,,,,,train
Cc1ccc(C(C)NC(=O)C(NC(=O)OC(C)C)C(C)C)cc1,1,,,,,,valid
CC(C)(C)C(O)C(Cc1ccc(Cl)cc1Cl)n1cncn1,1,,,,,,train
CC1=C(C(=O)Nc2ccccc2)S(=O)CCO1,1,,,,,,train
CCSC(C)CC1CC(=O)C(=C(CC)NOCC=CCl)C(=O)C1,1,,,,,,train
CNC(=O)ON=C(C)C(C)SC,1,,,,,,train
Cc1cccc(C)c1N(C(=O)CCl)C1CCOC1=O,1,,,,,,test
COc1cc(OC)n2nc(S(=O)(=O)Nc3c(Cl)ccc(C)c3Cl)nc2n1,1,,,,,,train
CCC1CCCC(OC2CCC(NC)C(C)O2)C(C)C(=O)C2=CC3C(C=CC4CC(OC5OC(C)C(OC)C(OC)C5OC)CC43)C2CC(=O)O1,1,,,,,,train
CCC1CCCC(OC2CCC(N(C)C)C(C)O2)C(C)C(=O)C2CC3C4CC(OC5CC(C)C(OC)C(OC)C5OC)CC4CCC3C2CC(=O)O1,1,,,,,,train
CNC(=O)Nc1ccc(C(C)C)cc1,1,,,,,,train
CC1(C)Cc2cccc(O)c2O1,1,,,,,,valid
COC(=O)C(C)N(C(=O)c1ccco1)c1c(C)cccc1C,1,,,,,,train
COC(=O)C(C)N(C(=O)c1ccc(C(=O)c2ccccc2)cc1)c1c(C)cccc1C,1,,,,,,train
Nc1cccc(NC(=O)C2CCCCC2)c1,1,,,,,,train
Cc1ccc(NS(=O)(=O)N(C)C)cc1,1,,,,,,train
COc1ccc([N+](=O)[O-])cc1O,1,,,,,,test
Nc1c(Cl)c(O)nc(F)c1Cl,1,,,,,,train
NC(=O)Cc1cccc2ccccc12,1,,,,,,train
CC1=C(C(=O)Nc2ccccc2)CCCO1,1,,,,,,train
O=c1c(C2CCCc3ccccc32)c(O)oc2ccccc12,1,,,,,,train
O=C(NCc1ccc(C(F)(F)F)cc1)c1c(Cl)cccc1Cl,1,,,,,,valid
CC1=C(C)S(=O)(=O)CCS1(=O)=O,1,,,,,,train
COc1cc(Cl)nnc1-c1ccccc1,1,,,,,,train
CCCCc1c(C)[nH]c(NCC)nc1=O,1,,,,,,train
CC(=O)CC(c1ccccc1)c1c(O)oc2ccccc2c1=O,1,,,,,,train
O=C(O)C=CCl,1,,,,,,test
CCCC(CC)(CCC)C(=O)NC,1,,,,,,train
Cn1c(-c2ccccc2)cc(-c2ccccc2)[n+]1C,1,,,,,,train
CCOC(=O)CC(SP(=S)(OC)OC)C(=O)O,1,,,,,,train
COc1cc(OC)nc(Sc2cccc3c2C(=O)OC3C)n1,1,,,,,,train
O=[PH2+](O)OCN(CCN(CO[PH2+](=O)O)CO[PH2+](=O)O)CCN(CO[PH2+](=O)O)CO[PH2+](=O)O,1,,,,,,valid
Cc1cnc2c(C(=O)O)c(Cl)ccc2c1,1,,,,,,train
O=c1nc[nH]c2ccccc12,1,,,,,,train
O=C(O)C(=O)Nc1ccccc1,1,,,,,,train
COc1nn(C(O)=NS(=O)(=O)c2ccccc2OC(F)(F)F)c(=O)n1C,1,,,,,,train
COc1cc(OC)nc(N)n1,1,,,,,,test
CCCSP(=O)(OCC)N1CCN(CC)C1=NC#N,1,,,,,,train
COCC(=O)Nc1c(C)cccc1C,1,,,,,,train
O=C(O)c1c(Cl)c(Cl)c(C(=O)O)c(Cl)c1Cl,1,,,,,,train
COc1ncc(F)c2nc(S(=O)(=O)Nc3c(F)cccc3F)nn12,1,,,,,,train
COc1nc(NC(=O)NS(=O)(=O)c2ccccc2C(F)(F)F)nc(C(F)(F)F)n1,1,,,,,,valid
O=C(O)c1cc(Oc2ccc(Cl)cc2Cl)ccc1[N+](=O)[O-],1,,,,,,train
O=C(O)c1c(Cl)ccc(Cl)c1O,1,,,,,,train
CN(C)S(=O)(=O)Nc1ccccc1,1,,,,,,train
CC(Oc1ccc(Oc2ccc(Cl)cc2Cl)cc1)C(=O)O,1,,,,,,train
O=C(O)c1cnccc1C(F)(F)F,1,,,,,,test
O=C(O)c1ncc(C(F)(F)F)cc1Cl,1,,,,,,train
NC(=O)c1ccccc1C(=O)O,1,,,,,,train
O=C1NCCCN1,1,,,,,,train
Cc1cc(C)nc(N)n1,1,,,,,,train
O=C1CC(C(=O)O)CC(=O)C1=C(O)C1CC1,1,,,,,,valid
CC(Oc1ccc(Oc2cnc3cc(Cl)ccc3n2)cc1)C(=O)O,1,,,,,,train
Cn1ncc(N)c(Cl)c1=O,1,,,,,,train
COC(=O)CC(NC(=O)C(NC(=O)OC(C)C)C(C)C)c1ccc(Cl)cc1,1,,,,,,train
C=C1CC23CC1CCC2C12CCC(O)C(C)(C(=O)O1)C2C3C(=O)O,1,,,,,,train
COCC(=O)N(c1c(C)cccc1C)C(C)C(=O)O,1,,,,,,test
COCC(=O)N(c1c(C)cccc1C(=O)O)C(C)C(=O)O,1,,,,,,train
O=C(O)c1cc(C(F)(F)F)[nH]n1,1,,,,,,train
O=C(O)c1cccc(Oc2cccc(C(F)(F)F)c2)n1,1,,,,,,train
CNC(=O)Nc1ccc(Oc2ccc(Cl)cc2)cc1,1,,,,,,train
Cc1ccc(C(=O)O)c(C2=NC(C)(C(C)C)C(=O)N2)c1,1,,,,,,valid
COCCOc1ccccc1S(=O)(=O)NC(=O)Nc1nc(OC)nc(OC)n1,1,,,,,,train
O=C(NC(=O)c1c(F)cccc1F)Nc1ccc(CON=C(c2ccc(Cl)cc2)C2CC2)cc1,1,,,,,,train
COC(=O)c1cc(C)ccc1C1=NC(C)(C(C)C)C(=O)N1.COC(=O)c1ccc(C)cc1C1=NC(C)(C(C)C)C(=O)N1,1,,,,,,train
CCS(=O)(=O)Nc1cc(-n2nc(C(F)(F)F)n(C)c2=O)c(F)cc1C(N)=S,1,,,,,,train
COCCO[Si](CCCl)(OCCOC)OCCOC,1,,,,,,test
Clc1ccc(-c2cc(-c3ccccc3)c(-c3ccccc3)s2)cc1,1,,,,,,train
Cc1cnc(C2=NC(C)(C(C)C)C(=O)N2)c(C(=O)O)c1,1,,,,,,train
COc1cc(OC)nc(NC(=O)NS(=O)(=O)c2ncccc2OCC(F)(F)F)n1,0,,,,,,train
CN=C(NCc1cnc(Cl)s1)N[N+](=O)[O-],0,,,,,,train
CC(=NNC(=O)Nc1cc(F)cc(F)c1)c1ncccc1C(=O)O,0,,,,,,valid
COc1c(Cl)ccc(-c2cc(N)c(Cl)c(C(=O)O)n2)c1F,0,,,,,,train
CC(C)C(C(=O)OC(C(N)=O)c1cccc(Oc2ccccc2)c1)c1ccc(Cl)cc1,0,,,,,,train
NS(=O)(=O)c1cccs1,0,,,,,,train
COc1nc(C)nc(NC(=O)NS(=O)(=O)c2ccsc2C(=O)O)n1,0,,,,,,train
CN1C(=O)c2ccccc2S1(=O)=O,0,,,,,,test
Nc1cc(-c2ccc(Cl)c(O)c2F)nc(C(=O)O)c1Cl,0,,,,,,train
CCO[P](=O)O,0,,,,,,train
O=S(=O)(O)CC(Cl)=C(Cl)Cl,0,,,,,,train
COc1nc(C)nc(N)n1,0,,,,,,train
CSC(=NO)C(=O)N(C)C,0,,,,,,valid
CC(C)(C)c1n[nH]c(=O)n(N)c1=O,0,,,,,,train
CCC(N)P(=O)(O)O,0,,,,,,train
COc1nc(C)nc(NC(=O)NS(=O)(=O)c2ccccc2C(=O)O)n1,0,,,,,,train
COc1cc(OC)nc(NC(=O)NS(=O)(=O)c2c(-c3nnn(C)n3)cnn2C)n1,0,,,,,,train
O=C(O)c1ccccc1C(F)(F)F,0,,,,,,test
CCCC(NOCC)=C1C(=O)CC(CC(C)SCC)CC1=O,0,,,,,,train
CCC(C)OC(=O)N1CCCCC1CCO,0,,,,,,train
CS(=O)(=O)c1ccc(C(=O)O)c(Cl)c1,0,,,,,,train
Cc1nnc(-c2ccccc2)c(=O)n1N,0,,,,,,train
CCOC(=O)c1cnn(C)c1S(=O)(=O)NC(=O)Nc1nc(OC)cc(OC)n1,0,,,,,,valid
CCOC(=O)C(Cl)=Cc1cc(N2C(=O)C3=C(CCCC3)C2=O)ccc1Cl,0,,,,,,train
O=C(O)c1cccc(C(F)(F)F)c1,0,,,,,,train
CCCC(NOCC)=C1C(=O)CC(C2CCCSC2)CC1=O,0,,,,,,train
CS(=O)(=O)c1ccc(C(=O)C2C(=O)CCCC2=O)c(Cl)c1,0,,,,,,train
Cc1cc(S(=O)(=O)c2ccccc2)ccc1NS(=O)(=O)C(F)(F)F,0,,,,,,test
CCS(=O)(=O)c1cccnc1S(N)(=O)=O,0,,,,,,train
CN(C(=O)CNCP(=O)(O)O)S(C)(=O)=O,0,,,,,,train
COC(=O)c1ccc(C(F)(F)F)nc1S(=O)(=O)NC(=O)Nc1nc(OC)cc(OC)n1,0,,,,,,train
COc1nc(C)nc(N(C)C(=O)NS(=O)(=O)c2ccccc2C(=O)O)n1,0,,,,,,train
COCCOc1cccc2c1c(=O)c(C(=O)O)nn2-c1ccc(C)cc1,0,,,,,,valid
Cc1cccc(C(=O)O)c1S(=O)(=O)NC(=O)Nc1nc(OCC(F)(F)F)nc(N(C)C)n1,0,,,,,,train
CCC1OCC(COc2ccc(Oc3ccccc3)cc2)O1,0,,,,,,train
CC(C)=CCNc1ncnc2nc[nH]c12,0,,,,,,train
c1coc(CNc2ncnc3nc[nH]c23)c1,0,,,,,,train
CC(=CCNc1ncnc2[nH]cnc12)CO,0,,,,,,test
CC1(C)C(C=C(Cl)Cl)C1C(=O)OCc1c(F)c(F)cc(F)c1F,1,,,,,,train
C#CC(OC(=O)C1C(C=C(C)C)C1(C)C)C(C)=CCC,1,,,,,,train
O=c1c(C2CC(c3ccc(-c4ccccc4)cc3)Cc3ccccc32)c(O)oc2ccccc12,1,,,,,,train
CC(NC(=O)c1cc(Cl)cc(Br)c1NC(=O)c1cc(Br)nn1-c1ncccc1Cl)C1CC1,1,,,,,,train
CCSC(=O)COc1ccc(Cl)cc1C,1,,,,,,valid
CC(C)OC(=O)c1cc(C(=O)OC(C)C)cc([N+](=O)[O-])c1,1,,,,,,train
COCCOC(=O)C(C#N)(C(=O)c1ccccc1C(F)(F)F)c1ccc(C(C)(C)C)cc1,1,,,,,,train
Nc1c([N+](=O)[O-])ccc(Oc2ccccc2)c1Cl,1,,,,,,train
Cc1cc(C(F)(F)F)nn1CC(=O)N1CCC(c2nc(C3=NOC(c4c(F)cccc4F)C3)cs2)CC1,1,,,,,,train
FC(F)(F)C(=NOCC1OCCO1)c1ccc(Cl)cc1,1,,,,,,test
CC1=CC1,1,,,,,,train
OCC=CCl,1,,,,,,train
O=C(Cc1ccccc1)NC(=NOCC1CC1)c1c(C(F)(F)F)ccc(F)c1F,1,,,,,,train
CCCCCOC(=O)COc1cc(N2C(=O)C3=C(CCCC3)C2=O)c(F)cc1Cl,1,,,,,,train
O=C(O)C1(O)c2ccccc2-c2ccc(Cl)cc21,1,,,,,,valid
CCc1cccc(C)c1N(COC(C)C)C(=O)CCl,1,,,,,,train
CCC(Oc1ccc(F)c(C(F)(F)F)c1)C(=O)NCc1ccccc1,1,,,,,,train
O=C1C(Cl)C(CCl)CN1c1cccc(C(F)(F)F)c1,1,,,,,,train
Fc1ccc(C2(Cn3cncn3)OC2c2ccccc2Cl)cc1,1,,,,,,train
C=C1C(C)C2C(Cc3ccccc3)NC(=O)C23OC(=O)C=CC(O)CCCC(C)CC=CC3C1O,1,,,,,,test
CC(C)CC(=O)C1C(=O)c2ccccc2C1=O,1,,,,,,train
CC(C)(SC(=O)N1CCCCC1)c1ccccc1,1,,,,,,train
CCSCCSP(=O)(OC)OC,1,,,,,,train
Cc1ccccc1COC1CC2(C(C)C)CCC1(C)O2,1,,,,,,train
CNC1=C(c2cccc(C(F)(F)F)c2)C(=O)C(c2ccccc2)O1,1,,,,,,valid
N#CC(=NOCC1OCCO1)c1ccccc1,1,,,,,,train
Cc1cccc(C)c1N(Cn1cccn1)C(=O)CCl,1,,,,,,train
O=c1[nH]c2cc(Cl)ccc2o1,1,,,,,,train
Cc1ccc(N=c2sccn2C)c(C)c1,1,,,,,,train
CNC(=O)N(C)c1nc2ccccc2s1,1,,,,,,test
O=C(O)c1cccnc1Oc1cccc(C(F)(F)F)c1,1,,,,,,train
CC(C)(C)Nc1nc(N)nc(Cl)n1,1,,,,,,train
O=C(O)COC(=O)c1cc(Oc2ccc(C(F)F)cc2Cl)ccc1[N+](=O)[O-],1,,,,,,train
C#CCOc1cc(-n2nc3n(c2=O)CCCC3)c(Cl)cc1Cl,1,,,,,,train
CCOC(=O)Nc1cccc(O)c1,1,,,,,,valid
CCCOc1nn(C(O)=NS(=O)(=O)c2ccccc2C(=O)OC)c(=O)n1C,1,,,,,,train
O=[N+]([O-])NC1=NCCN1Cc1ccc(Cl)nc1,1,,,,,,train
CCC(Oc1ccccc1)C(=O)O,1,,,,,,train
CC(Oc1ccc(Oc2ccc(C#N)cc2F)cc1)C(=O)O,1,,,,,,train
CCOP(=O)(NC(C)C)Oc1ccc(S(C)=O)c(C)c1,1,,,,,,test
CC(C)(C)c1n[nH]c(=O)[nH]c1=O,1,,,,,,train
Nc1cn[nH]c(=O)c1Cl,1,,,,,,train
CCC(=O)C1C(=O)CC(C(=O)O)CC1=O,1,,,,,,train
N#Cc1ccc(C(=O)O)cc1,1,,,,,,train
CC(c1ccc(C(F)(F)F)nc1)S(C)(=O)=NC#N,0,,,,,,valid
Cc1cc(C)cc(C(=O)N(NC(=O)c2ccc3c(c2C)CCCO3)C(C)(C)C)c1,0,,,,,,train
Nc1nc(N)nc(N)n1,0,,,,,,train
CS(=O)(=O)c1ccc(C(=O)O)c([N+](=O)[O-])c1,0,,,,,,train
NS(=O)(=O)c1ccccc1Cl,0,,,,,,train
CON=C(C#N)C(=O)O,0,,,,,,test
COC=C(C(=O)O)c1ccccc1Oc1cc(Oc2ccccc2C#N)ncn1,0,,,,,,train
CNC(=O)ON=C(C)C(C)S(C)(=O)=O,0,,,,,,train
COc1cc(OC)nc(NC(=O)NS(=O)(=O)N(C)S(C)(=O)=O)n1,0,,,,,,train
C=C1CCC(O)CC1=CC=C1CCCC2(C)C1CCC2C(C)CCCC(C)C,0,,,,,,train
CC1C(Cl)(Cl)C(Cl)(Cl)C2(Cl)C(C)(C)C1(Cl)C2(Cl)Cl,1,,,,,,valid
O=C(CCCc1c[nH]c2ccccc12)Sc1ccccc1,1,,,,,,train
CC(C)(C)CCCCCCOC(=O)c1ccccc1C(=O)OCCCCCCC(C)(C)C,1,,,,,,train
O=C1NC(O)N(Cl)C(=O)N1Cl,1,,,,,,train
CCCCCCCCCC(CC)c1ccc(S(=O)(=O)O)cc1,1,,,,,,train
CCCCCCCCCCCCc1ccc(C)c(C[N+](C)(C)C)c1,1,,,,,,test
CCCCCCCCCCCCCOCC,1,,,,,,train
CNC(=O)Oc1cc(C)c(C)cc1Cl,1,,,,,,train
CCC,1,,,,,,train
CNC(=O)OCc1cccc(Cl)c1Cl,1,,,,,,train
CN(C)C(=O)NC1CC2CCC1C2Cl,1,,,,,,valid
CC(C)CCCCCCCCCCCCCCCOCCO,0,,,,,,train
CCN(CC)c1ccc2c(-c3ccccc3C(=O)O)c3ccc(=[N+](CC)CC)cc-3oc2c1,0,,,,,,train
O=c1nccc[nH]1,0,,,,,,train
C=CC=CCC1=CC(OC(=O)C2C(C=C(C)C)C2(C)C)C(C)C1=O,1,,,,,,train
CC=C(C)C(=O)OC1CCC2(C)C3CCC4C5(O)CC(O)C6(O)C(CN7CC(C)CCC7C6(C)O)C5(O)CC42OC13O,1,,,,,,test
CCCCCCCCCC[N+](C)(C)Cc1ccccc1,1,,,,,,train
NC(CCS(=O)CCC(N)C(=O)O)C(=O)O,1,,,,,,train
CC(c1ccccc1CNCCN)[N+](=O)[O-],1,,,,,,train
CCCCCCC(CCCCCC)OCCO,1,,,,,,train
CNc1ccc(C(=C2C=CC(=[N+](C)C)C=C2)c2ccc(N(C)C)cc2)cc1,1,,,,,,valid
ClC1C2(Cl)C=CC1(Cl)C(Cl)(Cl)C2(Cl)Cl,1,,,,,,train
COc1ccc(NC=CC2=[N+](C)c3ccccc3C2(C)C)c(OC)c1,1,,,,,,train
CCOc1cc(N(CC)CC)cc2oc3cc(=[N+](CC)CC)ccc-3nc12,1,,,,,,train
O=[N+]([O-])c1ccc2c(N=Nc3c(O)ccc4ccccc34)c(O)cc(S(=O)(=O)O)c2c1,1,,,,,,train
CC(C)CC(C)CC(C)c1ccc(OP(=O)(Oc2ccccc2)Oc2ccccc2)cc1,1,,,,,,test
CC(C)c1cc(OP(=O)(Oc2ccccc2)Oc2ccccc2)cc(-c2ccccc2)c1,1,,,,,,train
O=C(O)c1cc(N=Nc2ccc(-c3ccc(N=Nc4c(O)ccc(N=Nc5cc(S(=O)(=O)O)ccc5O)c4O)cc3)cc2)ccc1O,0,,,,,,train
O=S(=O)(O)c1ccc(N=Nc2c(O)ccc3cc(S(=O)(=O)O)ccc23)cc1,0,,,,,,train
CCCCCCCCCCCCCCCOCC,1,,,,,,train
O=c1cc2sc3cc4c(cc3nc-2cc1[N+](=O)[O-])Nc1cc([N+](=O)[O-])ccc1S4,0,,,,,,valid
CS(=O)(=O)C1C(Cl)C(Cl)NC(Cl)C1Cl,1,,,,,,train
C=CC1(C)CCC2C(=CCC3C(C)(CO)CCCC23C)C1,1,,,,,,train
COC1NC(Cl)C(Cl)CC1Cl,1,,,,,,train
C[P+]1CCCC[P+](C)(C)C1,1,,,,,,train
CCCCCCCCCC(=O)O,1,,,,,,test
O=C(O)CCCc1c[nH]c2ccccc12,1,,,,,,train
CCCCCCCCCCCCCCCCCCc1cc(C)cc(CCCCCCCCCCCCCCCCCC)c1O,1,,,,,,train
O=C1C(N(CO)C(=O)NCO)N(CO)C(=O)N1CO,0,,,,,,train
O=C(O)COC1CCC(Cl)CC1Cl,0,,,,,,train
CCC(CC)c1cccc(OC(=O)NC)c1,1,,,,,,valid
CC=CC1C(C(=O)OCc2c(F)c(F)c(C)c(F)c2F)C1(C)C,1,,,,,,train
CC(C)(COCc1cccc(Oc2ccccc2)c1)c1ccc(OC(F)(F)Br)cc1,1,,,,,,train
COP(=S)(OC)Oc1ccc(S(C)=O)c(C)c1,1,,,,,,train
CCOP(=S)(OCC)Oc1cc(C)nc(N(CC)CC)n1,1,,,,,,train
CCCSP(=O)(OCC)Oc1cnn(-c2ccc(Cl)cc2)c1,1,,,,,,test
CCCC(C)c1cc([N+](=O)[O-])cc([N+](=O)[O-])c1O,1,,,,,,train
CCCCCCCC(=O)O.N#Cc1cc(I)c(O)c(I)c1,1,,,,,,train
Nc1c(Cl)c(Cl)c(Cl)c(Cl)c1Cl,1,,,,,,train
COP(=S)(OC)Oc1cc(Cl)c(Br)cc1Cl,1,,,,,,train
CC(C)=NOCCOC(=O)C(C)Oc1ccc(Oc2cnc3cc(Cl)ccc3n2)cc1,1,,,,,,valid
COC=C(C(=O)OC)c1ccccc1COc1cc(C(F)(F)F)nc(OC(C)C)n1,1,,,,,,train
CC=CCOCN(C(=O)CCl)c1c(CC)cccc1CC,1,,,,,,train
CC(=O)OC(c1ccc(Cl)c(Cl)c1)C(Cl)(Cl)Cl,1,,,,,,train
O=C(NC(=O)c1c(F)cccc1F)Nc1cc(C(F)(F)F)cc(C(F)(F)F)c1Cl,1,,,,,,train
CC1=NOC(=O)C1=NNc1ccccc1Cl,1,,,,,,test
CCCC=CCCCCCCCO,1,,,,,,train
CCCCCCCCCCCCCCO,1,,,,,,train
COc1ccccc1N1CCSC1=C(C#N)Sc1cc(C(F)(F)F)ccc1F,1,,,,,,train
CCOC(=O)CCN(Cc1ccccc1)SN(C)C(=O)ON=C(C)SC,1,,,,,,train
N#Cc1ccccc1NC(=O)c1snc(Cl)c1Cl,1,,,,,,valid
CCCCC=CCCCCOC(C)=O,1,,,,,,train
CCN(CC)C(=O)n1cnc(S(=O)(=O)c2c(C)cc(C)cc2C)n1,1,,,,,,train
Clc1ccc(SN=Nc2cc(Cl)c(Cl)cc2Cl)cc1,1,,,,,,train
Cc1nn(C)c(Cl)c1C(=O)Nc1cccc2c1C(C)OC2(C)C,1,,,,,,train
CCOP(=O)(Oc1ccc(Cl)cc1Cl)Oc1ccc(Cl)cc1Cl,1,,,,,,test
CCON=C(OC(=O)c1ccccc1)c1c(OC)ccc(Cl)c1OC,1,,,,,,train
CNC(=O)Sc1ccc(OS(C)(=O)=O)cc1,1,,,,,,train
COP(=O)(OC)OC(=CCl)c1ccc(Cl)cc1Cl,1,,,,,,train
CCC=CCCCCCCCCOC(C)=O,1,,,,,,train
CCSCc1ccccc1OC(=O)NC,1,,,,,,valid
CCCCCCCCCCCCCN1CC(C)OC(C)C1,1,,,,,,train
CC(Oc1ccc2ccccc2c1)C(=O)Nc1ccccc1,1,,,,,,train
CCC1(CC2(c3cccc(Cl)c3)CO2)C(=O)c2ccccc2C1=O,1,,,,,,train
CC1=C(c2ccccc2)C(=O)N(C(C)(C)c2cc(Cl)cc(Cl)c2)CO1,1,,,,,,train
CCC1(C(=O)NC(C)c2ccc(Cl)cc2)C(C)C1(Cl)Cl,1,,,,,,test
CC(Oc1ccc(Cl)cc1Cl)C(=O)NC(C)(C#N)C(C)C,1,,,,,,train
CN(C(=O)COc1nc2ccccc2s1)c1ccccc1,1,,,,,,train
Cc1ccc(NC(=O)c2snnc2C)cc1Cl,1,,,,,,train
CCCCNC1(P(=O)(OCCCC)OCCCC)CCCCC1,1,,,,,,train
CC1(C)COC(C)(CCCc2ccc(Cl)cc2)N1C(=O)n1ccnc1,1,,,,,,valid
CN(C)C(=O)SCCCCOc1ccccc1,1,,,,,,train
CN(C)C(CSS(=O)(=O)O)CSS(=O)(=O)O,1,,,,,,train
CC(C)(NC(=O)C(Br)C(C)(C)C)c1ccccc1,1,,,,,,train
Cc1cc(N(C)C)nc(Cl)n1,1,,,,,,train
CS(=O)(=O)c1ccc(C(=O)C2=C(Sc3ccccc3)C3CCC(C3)C2=O)c(Cl)c1,1,,,,,,test
CCCc1ccc2nc(Cl)c(S(=O)(=O)NC(=O)Nc3nc(OC)cc(OC)n3)n2n1,1,,,,,,train
COc1ccc(Oc2ccc(NC(=O)N(C)C)cc2)cc1,1,,,,,,train
Cc1occc1C(=O)Nc1ccccc1,1,,,,,,train
CNC(=O)c1cc(C)cc(Cl)c1NC(=O)c1cc(Br)nn1-c1ncccc1Cl,1,,,,,,train
CCCCCCCCN1CCCC1=O,1,,,,,,valid
O=S(=O)(CCC(F)=C(F)F)c1ncc(Cl)s1,1,,,,,,train
CN(C(=O)NC(C)(C)c1ccccc1)c1ccccc1,1,,,,,,train
CC(C)c1ccc(NC(=O)N(C)C)cc1,1,,,,,,train
CC1=CCC(C(C)C)CC1,1,,,,,,train
CCS(=O)CSP(=S)(OC(C)C)OC(C)C,1,,,,,,test
O=Cc1ccccc1S(=O)(=O)NC(=O)Nc1nc(OC(F)F)cc(OC(F)F)n1,1,,,,,,train
CCOC(=O)C1(C)OC(=O)N(c2cc(Cl)cc(Cl)c2)C1=O,1,,,,,,train
Cc1cccc(C(C)c2c[nH]cn2)c1C,1,,,,,,train
O=C(O)c1c(Cl)c(Cl)c(Cl)c(Cl)c1C(=O)Nc1cccc(Cl)c1Cl,1,,,,,,train
O=C(Nc1ccc(Cl)cc1C(O)c1ccccc1)c1ccncc1,1,,,,,,valid
CC1OC(OC2C(O)C(O)C(O)C(O)C2O)C(N)CC1NC(=N)C(=O)O,1,,,,,,train
CCS(=O)CC(C)SP(=O)(OC)OC,1,,,,,,train
CC(CCl)OC(C)CCl,1,,,,,,train
COc1ccc(C(=CC(=O)N2CCOCC2)c2ccc(F)cc2)cc1OC,1,,,,,,train
CCOP(=O)(N=C1SCC(C)S1)OCC,1,,,,,,test
O=C1C=C(N(Cc2ccc(Cl)nc2)CC(F)F)CO1,1,,,,,,train
CCOc1ccccc1OS(=O)(=O)NC(=O)Nc1nc(OC)cc(OC)n1,1,,,,,,train
Cc1ccc(S(=O)(=O)Oc2c(C(=O)c3ccc(Cl)cc3Cl)c(C)nn2C)cc1,1,,,,,,train
CC(C)=NOC(=O)Nc1ccccc1,1,,,,,,train
O=C(O)c1cccc(Oc2ccccc2)c1,1,,,,,,valid
COP(=S)(OC)SC(CC(=O)O)C(=O)O,1,,,,,,train
CCCCCCCCCCCCCC(=O)OC(C)C,1,,,,,,train
CCCC(C)(C)C(=O)Nc1ccc(Cl)cc1,1,,,,,,train
C[N+](C)(C)CCO,1,,,,,,train
CCCCCCCCCCCCCCOC(C)=O,1,,,,,,test
CCOc1ccc([Si](C)(C)CCCc2ccc(F)c(Oc3ccccc3)c2)cc1,1,,,,,,train
COc1cc(OC)nc(Oc2cccc(Oc3nc(OC)cc(OC)n3)c2C(=O)ON=C(c2ccccc2)c2ccccc2)n1,1,,,,,,train
O=c1c(-c2cccc(C(F)(F)F)c2)c(O)n(Cc2cncnc2)c2cccc[n+]12,1,,,,,,train
COc1ccccc1C(=O)NS(=O)(=O)c1ccc(C(=O)NC2CC2)cc1,0,,,,,,train
CNC(=O)Nc1ccccc1,0,,,,,,valid
COc1cc(Oc2ccc(Cl)cc2Cl)ccc1[N+](=O)[O-],0,,,,,,train
O=C(NC(=O)c1c(F)cccc1F)Nc1cc(Cl)c(Oc2ncc(C(F)(F)F)cc2Cl)c(Cl)c1,0,,,,,,train
Cc1c(Cl)cc(-c2ccc(=O)[nH]n2)cc1Cl,0,,,,,,train
O=C(O)C1(O)c2ccccc2-c2ccccc21,0,,,,,,train
NC(=O)SCC(N)C(=O)O,0,,,,,,test
Fc1cccc(F)c1-c1nnc(-c2ccccc2Cl)nn1,0,,,,,,train
CC[N+](CC)(CC(=O)Nc1c(C)cccc1C)Cc1ccccc1,0,,,,,,train
COCC1OC(OC2C(COC)OC(OC)C(OC)C2OC)C(OC)C(OC)C1OC,0,,,,,,train
CCCCSC(=Nc1cccnc1)SCc1ccc(C(C)(C)C)cc1,0,,,,,,train
COP(=O)(OC)OC1=C(Cl)C2C=CCC12,1,,,,,,valid
NC1=C(Cl)C(=O)c2ccccc2C1=O,1,,,,,,train
O=C(Nc1ccc(F)cc1F)c1cccnc1Oc1cccc(C(F)(F)F)c1,1,,,,,,train
Cc1nn(C)c(F)c1C(=O)Nc1ccccc1C(C)CC(C)C,1,,,,,,train
C#CC(C)Oc1cc(N2C(=O)C3=C(CCCC3)C2=O)c(F)cc1Cl,1,,,,,,train
CCOP(=S)(OCC)SCSc1cc(Cl)ccc1Cl,1,,,,,,test
O=C1C(Cl)=C(Cl)C(=O)N1c1ccc(F)cc1,1,,,,,,train
CCC(C)N(C(=O)SCc1ccccc1)C(C)CC,1,,,,,,train
CC(NC(=O)C(C#N)C(C)(C)C)c1ccc(Cl)cc1Cl,1,,,,,,train
COc1cc(OC)nc(NC(=O)NS(=O)(=O)c2c(Cl)nc3ccccn23)n1,1,,,,,,train
COCC(=O)OC(c1ncccc1S(=O)(=O)NC(=O)Nc1nc(OC)cc(OC)n1)C(C)F,1,,,,,,valid
CCOc1ccc(C(COCc2cccc(Oc3ccc(Cl)cc3)c2)C(F)(F)F)cc1,1,,,,,,train
CCCCCCCCCCCCCCCC(=O)O,1,,,,,,train
CNC(=O)C(=NOC)c1ccccc1Oc1ccccc1,1,,,,,,train
CC(C)=C1OC(=O)N(c2cc(OC3CCCC3)c(Cl)cc2F)C1=O,1,,,,,,train
CC(C)(NC(=O)NCc1ccccc1Cl)c1ccccc1,1,,,,,,test
BrC(Br)c1ccccc1OCC1CO1,1,,,,,,train
Brc1cccc(Br)c1,1,,,,,,train
c1ccc(N(CC2CO2)CC2CO2)cc1,1,,,,,,train
C(CCC1CO1)CC1CO1,1,,,,,,train
c1ccc2c(NCCCN3CCOCC3)cccc2c1,1,,,,,,valid
c1ccc(CNC2NCNC3NCNC32)cc1,1,,,,,,train
c1ccc(CNCc2ccccc2)cc1,1,,,,,,train
C1=CC(c2ccc(C3CC=CCC3)cc2)CCC1,1,,,,,,train
C1CCCC1,1,,,,,,train
C1CCNC1,1,,,,,,test
c1ccc(C(c2ccccc2)N2CCNCC2)cc1,1,,,,,,train
c1ccc2sc(SN3CCOCC3)nc2c1,1,,,,,,train
c1ccc(C2=NCCN2)cc1,1,,,,,,train
C=CC(=O)OCC1CC2CC1C1CCC(COC(=O)C=C)C21,1,,,,,,train
C=CC(=O)OCC1CCC2C3CCC(C3)C12,1,,,,,,valid
C=CC(=O)OCC1CCCO1,1,,,,,,train
C=CC(=O)OCCCCCCCCCCOC(=O)C=C,1,,,,,,train
C=CC(=O)OCCOc1ccccc1-c1ccccc1,1,,,,,,train
C=CC1CC2C=CC1C2,1,,,,,,train
C=CCCC(=O)Oc1ccccc1,1,,,,,,test
C=CCOC(=O)COC1CCCCC1,1,,,,,,train
C=CCOC(=O)COc1ccccc1,1,,,,,,train
C=CCOC(=O)c1cccc(C(=O)OCC=C)c1,1,,,,,,train
C=C(C)C(=O)OC1CC2CCC1(C)C2(C)C,1,,,,,,train
C=C(C)C(=O)OCCCCCCOC(=O)C(=C)C,1,,,,,,valid
C=C(C)C(=O)OCCN1CCOC1,1,,,,,,train
C=C(C)C(=O)OCCOC(=O)C(=C)C,1,,,,,,train
C=C(C)C(=O)OCCOCCOCCOC(=O)C(=C)C,1,,,,,,train
CC(=O)C(C)=CC1C(C)=CCCC1(C)C,1,,,,,,train
CC(=O)C1CCOC1=O,1,,,,,,test
CC(=O)Cc1c(Cl)cc(Cl)cc1Cl,1,,,,,,train
CC(=O)OCC=Cc1ccccc1,1,,,,,,train
CC(=O)OOC(C)(C)C,1,,,,,,train
CC(=O)c1ccc2ccccc2c1,1,,,,,,train
CC(=O)c1cccc(O)c1,1,,,,,,valid
CC(C)(C)C1CCC2(CC1)OCC(CCl)O2,1,,,,,,train
CC(C)(C)CC(C)(C)Nc1nc(Cl)nc(Cl)n1,1,,,,,,train
CC(C)(C)Cc1ccc(O)cc1,1,,,,,,train
CC(C)(C)NC(=O)C1CC2CCCCC2CN1,1,,,,,,train
CC(C)(C)OCC1CO1,1,,,,,,test
CC(C)(C)OOC(C)(C)c1ccccc1,1,,,,,,train
CC(C)(C)c1cc([N+](=O)[O-])c(O)c([N+](=O)[O-])c1,1,,,,,,train
C=Cc1ccc(C(C)(C)C)cc1,1,,,,,,train
CC(C)(C)c1cccc(O)c1,1,,,,,,train
CC(C)(C=O)CC1=CCC2CC1C2(C)C,1,,,,,,valid
C=CC(=O)OCCCOCC(C)(C)COCCCOC(=O)C=C,1,,,,,,train
C=CCOC(=O)C(C)(C)O,1,,,,,,train
CC(C)(O)C(=O)c1ccc(OCCO)cc1,1,,,,,,train
C=CCOC(=O)C(C)(C)OC(=O)c1cc(N)ccc1Cl,1,,,,,,train
C=CCOC(=O)C(C)(C)OC(=O)c1cc([N+](=O)[O-])ccc1Cl,1,,,,,,test
CC(C)(OO)c1ccccc1,1,,,,,,train
CC(C)(c1ccc(OCC2CO2)cc1)c1ccc(OCC2CO2)cc1,1,,,,,,train
CC(=O)OCC=C(C)CCC=C(C)C,1,,,,,,train
CC(=O)OCC=C(C)C,1,,,,,,train
CC(C)C(=O)OCCc1ccccc1,1,,,,,,valid
CC(C)C(=O)OCC(C)(C)C(OC(=O)C(C)C)C(C)C,1,,,,,,train
CC1CCC(C(C)C)C2(C1)OCC(CO)O2,1,,,,,,train
CC1CCC(C(C)C)C(OC(=O)C(C)O)C1,1,,,,,,train
CC1CCC(C(C)C)C(OC(=O)OCCO)C1,1,,,,,,train
CC(C)CC(=O)OCc1ccccc1,1,,,,,,test
CC(C)CC(C)(C#N)N=NC(C)(C#N)CC(C)C,1,,,,,,train
CC(C)CC(C)(O)CCC(C)(O)CC(C)C,1,,,,,,train
CC(CC(C)C)=NNC(=O)c1cc2ccccc2cc1O,1,,,,,,train
CC(C)CCCC(C)(C)O,1,,,,,,train
CC(=O)OCCC(C)CCCC(C)C,1,,,,,,valid
CC(C)CCCCCC(=O)O,1,,,,,,train
CC(C)CCCCCc1c([N+](=O)[O-])cc(O)cc1[N+](=O)[O-],1,,,,,,train
CC(C)CCOC(=O)CC(C)C,1,,,,,,train
CC(C)CNCC(O)C(Cc1ccccc1)NC(=O)OC(C)(C)C,1,,,,,,train
CC(C)COC(=O)C(C)C,1,,,,,,test
CC(C)N(C(=O)CO)c1ccc(F)cc1,1,,,,,,train
CC(C)OC(=O)c1ccc(O)cc1,1,,,,,,train
CC(C)OCC1CO1,1,,,,,,train
CC(C)OCCOC(=O)c1ccccc1O,1,,,,,,train
CC(C)S,1,,,,,,valid
CC(C)Sc1ncccc1OCC(F)(F)F,1,,,,,,train
CC(C)c1ccc2c(c1)OCC(=O)CO2,1,,,,,,train
CC(C)c1cccc(C(C)CC=O)c1,1,,,,,,train
CC(C)c1ccccc1O,1,,,,,,train
CC(C(=O)c1ccc(Cl)cc1)C1CC1,1,,,,,,test
C=CC(C)C(O)c1ccc(Cl)cc1,1,,,,,,train
CC(C=O)=Cc1ccccc1,1,,,,,,train
CC(CC=O)CC(C)(C)C,1,,,,,,train
CC(=Cc1ccc(C)cc1)CCC=O,1,,,,,,train
CC(CCO)CCCC(C)(C)O,1,,,,,,valid
C=CC(=O)OCCC(C)CCOC(=O)C=C,1,,,,,,train
CC(C)=CCCC(C)CCOC=O,1,,,,,,train
CC(=CCC1CC=C(C)C1(C)C)CO,1,,,,,,train
CC(=Cc1ccc(C)cc1)CO,1,,,,,,train
CC(CO)CC(C)c1ccccc1,1,,,,,,test
CC(CO)Oc1ccccc1,1,,,,,,train
CC(COC(=O)c1ccccc1)OC(=O)c1ccccc1,1,,,,,,train
CC(C=O)Cc1ccc2c(c1)OCO2,1,,,,,,train
CC(Cl)C(=O)O,1,,,,,,train
C=CC(C)Cl,1,,,,,,valid
CC(O)CCC1CCCCC1,1,,,,,,train
CC(O)COC(=O)OC1CC(C)CCC1C(C)C,1,,,,,,train
Cc1ccccc1C(C)O,1,,,,,,train
CC(c1ccccc1)c1ccc(O)cc1O,1,,,,,,train
Cc1cccc(C(C)c2cnc[nH]2)c1C,1,,,,,,test
CC1(C)C2C(=O)OC(C(Br)(Br)Br)C21,1,,,,,,train
CC1(C)C2CC=C(CCO)C1C2,1,,,,,,train
CC12C=CC(=O)C=C1CCC1C2CCC2(C)C(=O)CCC12,1,,,,,,train
CC1=NN(c2ccc(C)cc2)C(=O)C1,1,,,,,,train
CC1C(CN)CC2CC1C2(C)C,1,,,,,,valid
CC1C2CC(CC2C2CCC(O)CC2)C1(C)C,1,,,,,,train
C=C(C)C(=O)OC1CC(C)CC(C)(C)C1,1,,,,,,train
C=CC(=O)OC1CC(C)CC(C)(C)C1,1,,,,,,train
CC1Cc2c3c(c4c(c2S(=O)(=O)O1)C1(CC1C)C4C)CC3C,1,,,,,,train
CC1CCC(=O)CC1,1,,,,,,test
CC(=O)OC1CCCCC1C,1,,,,,,train
CC(C)=CC1CC(C)CCO1,1,,,,,,train
CC1CN(c2ccccc2)NC1=O,1,,,,,,train
CC=CC(=O)C1=C(C)C=CCC1(C)C,1,,,,,,train
CC=CC(C)(O)CCC=C(C)C,1,,,,,,valid
CC=CC(=O)O,1,,,,,,train
C=CC=CC,1,,,,,,train
CC=CCCl,1,,,,,,train
CC=C(C=O)CC,1,,,,,,train
CCC(=O)OC1CC2CCC1(C)C2(C)C,1,,,,,,test
CCC(=O)OCC(C)(C)OC(C)C1CCCC(C)(C)C1,1,,,,,,train
CCC(=O)OCCC(C)C,1,,,,,,train
CCC(C)(C)C1CCC(=O)CC1,1,,,,,,train
CCC(C)(C)C1CCCCC1OC(C)=O,1,,,,,,train
CCC(C)(O)CCC=C(C)C,1,,,,,,valid
C#CC(C)(O)CCC=C(C)CC,1,,,,,,train
C=CC(C)(O)CCC=C(C)CC,1,,,,,,train
CCC(C=O)CC,1,,,,,,train
CCC(CC)CC1(C(=O)Cl)CCCCC1,1,,,,,,train
C=CCOCC(CC)(CO)CO,1,,,,,,test
C=C(C)C(=O)OCC(CC)(COC(=O)C(=C)C)COC(=O)C(=C)C,1,,,,,,train
CCC(COC(=O)CCS)(COC(=O)CCS)COC(=O)CCS,1,,,,,,train
CCC(O)CC,1,,,,,,train
CCC(O)COC1CCCCC1C(C)(C)C,1,,,,,,train
CCC1(C)CC(=O)NC1=O,1,,,,,,valid
CCC1CC2CC1CC2OC,1,,,,,,train
CCC=CCC1=C(C)CCC1=O,1,,,,,,train
CCCC(=O)OCCc1ccccc1,1,,,,,,train
CCCC(=O)OCc1ccccc1,1,,,,,,train
CCCC(C)C1(CC)C(=O)NC(=O)NC1=O,1,,,,,,test
CCCC1CCC(=O)CC1,1,,,,,,train
CCCC=CC=O,1,,,,,,train
CCCCC(CC)COC(=O)C1CCC2OC2C1,1,,,,,,train
CCCCC(CC)COC(=O)CCS,1,,,,,,train
CCCCC(CC)COCCO,1,,,,,,valid
CCCCC(CCC)CCCCCOCCCN,1,,,,,,train
CCCCC1CO1,1,,,,,,train
CCCCCC1CCC(=O)CC1,1,,,,,,train
CCCCCC=CCC(CC(=O)O)C(=O)O,1,,,,,,train
CCCCCCC1CO1,1,,,,,,test
CCCCCCCC=O,1,,,,,,train
CCCCCCCCC(C)C=O,1,,,,,,train
CCCCCCCCC(O)CO,1,,,,,,train
CCCCCCCCC=CCCCCCCCC(=O)NCCCN(C)C,1,,,,,,train
CCCCCCCCC=CCCCCCCCCNCCCNCCCN,1,,,,,,valid
CCCCCCCCC=CCCCCCCCCNCCCNCCCNCCCN,1,,,,,,train
CCCCCCCCC=CCCCCCCCCOC(=O)C(CC(=O)O)S(=O)(=O)O,1,,,,,,train
CCCCCCCCC=CCCCCCCCC[N+](C)(CCO)CCO,1,,,,,,train
CCCCCCCCC=O,1,,,,,,train
CCCCCCCCCC=CC=O,1,,,,,,test
CCCCCCCCCCC=CO,1,,,,,,train
CCCCCCCCCCCC(=O)N(C)CCS(=O)(=O)O,1,,,,,,train
CCCCCCCCCCCC(=O)NC(CCCNC(=N)N)C(=O)OCC,1,,,,,,train
CCCCCCCCCCCC(=O)NCCO,1,,,,,,train
CCCCCCCCCCCCC1CC(=O)N(C2CC(C)(C)NC(C)(C)C2)C1=O,1,,,,,,valid
CCCCCCCCCCCCCCCCCCN(CCO)CCCN(CCO)CCO,1,,,,,,train
CCCCCCCCCCCCCCCCCCOC(=O)CCS,1,,,,,,train
CCCCCCCCCCCCCCCCCCOCCC[N+](C)(C)C,1,,,,,,train
CCCCCCCCCCCCCCCCCC[N+](C)(C)CC(O)CCl,1,,,,,,train
CCCCCCCCCCCCCCCCCC[N+](C)(C)[O-],1,,,,,,test
CCCCCCCCCCCCCCCCO,1,,,,,,train
CCCCCCCCCCCCCCCC[N+](C)(C)CC(=O)O,1,,,,,,train
CCCCCCCCCCCCCCC[N+](C)(C)[O-],1,,,,,,train
CCCCCCCCCCCCN(CCC(=O)O)CCC(=O)O,1,,,,,,train
CCCCCCCCCCCC[N+](C)(C)CC(O)CCl,1,,,,,,valid
CCCCCCCCCC[N+](C)(C)[O-],1,,,,,,train
CCCCCCCCCc1cc(CN(CCO)CCO)c(O)c(CN(CCO)CCO)c1,1,,,,,,train
CCCCCCCCCc1nc(N)nc(N)n1,1,,,,,,train
CCCCCCCCN(C)C,1,,,,,,train
C=C(C)C(=O)OCCCCCC,1,,,,,,test
CCCCCCOC(=O)Cl,1,,,,,,train
CCCCCCOC1CCC(C)(C)O1,1,,,,,,train
CCCCCCc1ccc(O)cc1O,1,,,,,,train
CCCCCOC(=O)c1ccccc1O,1,,,,,,train
C=CC(=O)OCCOC(=O)NCCCC,1,,,,,,valid
CCCCNC(=S)NCCCC,1,,,,,,train
CCCCOC(=O)CC,1,,,,,,train
CCCCc1ccc(O)cc1,1,,,,,,train
CCCN(C)C,1,,,,,,train
CCCOC(=O)CC,1,,,,,,test
CCCS,1,,,,,,train
CCCc1ccccc1O,1,,,,,,train
CCN(CC)CCCl,1,,,,,,train
CCN(c1ccccc1)c1nc(Cl)nc(Nc2cc(S(=O)(=O)O)cc3cc(S(=O)(=O)O)c(N=Nc4cc(NC(=O)C(Br)CBr)ccc4S(=O)(=O)O)c(O)c23)n1,1,,,,,,train
CCNC(=S)NCC,1,,,,,,valid
C=C(OCC)C1C(C)(C)CC(=O)CC1(C)C,1,,,,,,train
CCOC(=O)C(C)(C)c1ccccc1,1,,,,,,train
CCOC(=O)C1C2C=CC(C2)C1C(C)C,1,,,,,,train
CCOC(=O)C1OC1(C)c1ccccc1,1,,,,,,train
CCOC(=O)C=Cc1ccccc1,1,,,,,,test
CCOC(=O)CC(C)C,1,,,,,,train
CCOC(=O)CCSP(=S)(OC(C)C)OC(C)C,1,,,,,,train
CCOC(=O)CNC(=O)C1CC(C)CCC1C(C)C,1,,,,,,train
CCOC(=O)Cc1ccccc1,1,,,,,,train
CCOC(=O)OC1CCCCC1C(C)(C)C,1,,,,,,valid
CCOC(=O)c1ccc(N(C)C)cc1,1,,,,,,train
CCOC(=O)c1ccc(N=CN(C)c2ccccc2)cc1,1,,,,,,train
C=COCC,1,,,,,,train
CCOCC(C)OC(C)=O,1,,,,,,train
CCOCCC(=O)OCC,1,,,,,,test
CCOP(=O)(C(=O)c1c(C)cc(C)cc1C)c1ccccc1,1,,,,,,train
CCOS(=O)(=O)OCC,1,,,,,,train
CC[N+]1(C)CCCC1,1,,,,,,train
CCc1cc(Cc2cc(CC)c(N)c(CC)c2)cc(CC)c1N,1,,,,,,train
CCc1ccc(C=O)cc1,1,,,,,,valid
CCc1cccc(N)c1,1,,,,,,train
CCc1ccccc1N,1,,,,,,train
CCc1ncc[nH]1,1,,,,,,train
CN(C)CCO,1,,,,,,train
CN(C)c1ccc(C(c2ccccc2)c2ccc(N(C)C)cc2)cc1,1,,,,,,test
CN(C)c1ccncc1,1,,,,,,train
CN(C1CCCCC1)C1CCCCC1,1,,,,,,train
CN(C=O)c1ccccc1,1,,,,,,train
C#CCN(C)c1ccccc1CNC(=O)O,1,,,,,,train
CN1C(=CC=O)C(C)(C)c2ccccc21,1,,,,,,valid
COC(=O)C(C#N)=Cc1cccc2c1OC(F)(F)O2,1,,,,,,train
C=C(F)C(=O)OC,1,,,,,,train
COC(=O)C=C(C)N,1,,,,,,train
COC(=O)CC(=O)OC,1,,,,,,train
COC(=O)CCCC(=O)OC,1,,,,,,test
COC(=O)Cc1ccccc1,1,,,,,,train
COC(=O)c1ccc(C(=O)OC)c(C(=O)OC)c1,1,,,,,,train
COC(=O)c1ccccc1C(=O)c1ccccc1,1,,,,,,train
COC(=O)CC(OC)c1ccc(OC)cc1,1,,,,,,train
COC1(C)CCC23CC1C(C)(C)C2CCC3C,1,,,,,,valid
C=COC,1,,,,,,train
COCCOCCOC,1,,,,,,train
COCCc1ccc(O)cc1,1,,,,,,train
COP(=S)(OC)Oc1ccc(Cl)cc1C#N,1,,,,,,train
COc1c(O)c(Br)cc(C=O)c1[N+](=O)[O-],1,,,,,,test
COc1cc(Br)c(C=O)cc1O,1,,,,,,train
COc1cc(Br)c2c3c1OC1CC(=O)C=C(CCN(C)C2)C31,1,,,,,,train
COc1cc(C=O)cc([N+](=O)[O-])c1O,1,,,,,,train
COc1cc(C=O)ccc1OC(=O)C(C)C,1,,,,,,train
COc1cc(Cl)c(OC)cc1N,1,,,,,,valid
COc1cc2c(cc1OC)CC(=O)NC=C2,1,,,,,,train
COc1ccc(C=O)cc1O,1,,,,,,train
COc1ccc(CC(C)C=O)cc1,1,,,,,,train
COc1ccc(CCN)cc1OC,1,,,,,,train
COc1ccc(COC(C)=O)cc1,1,,,,,,test
COc1ccc(N)c([N+](=O)[O-])c1,1,,,,,,train
COc1ccc(S(=O)(=O)CCOS(=O)(=O)O)cc1N=Nc1c(S(=O)(=O)O)cc2cc(S(=O)(=O)O)c(N=Nc3ccc(S(=O)(=O)CCOS(=O)(=O)O)cc3)c(N)c2c1O,1,,,,,,train
COc1ccc2ccccc2c1,1,,,,,,train
COc1cccc(C(C)=O)c1,1,,,,,,train
COc1ccccc1C,1,,,,,,valid
CP(=O)(Oc1ccccc1)Oc1ccccc1,1,,,,,,train
CP(=O)(O)O,1,,,,,,train
CS(=O)(=O)OCC1COC(Cn2ccnc2)(c2ccc(Cl)cc2Cl)O1,1,,,,,,train
CSCCC(NC(C)=O)C(=O)O,1,,,,,,train
C[N+]1(CC(=O)NN=Cc2ccccc2O)CCOCC1,1,,,,,,test
Cc1c(CNC(=O)CCl)c(C)c(Nc2cc(S(=O)(=O)O)c(N)c3c2C(=O)c2ccccc2C3=O)c(C)c1CNC(=O)CCl,1,,,,,,train
Cc1c(Cl)c(Cl)c(Cl)c(Cl)c1Cl,1,,,,,,train
Cc1c(Cl)cccc1[N+](=O)[O-],1,,,,,,train
Cc1cc(C)c(C#N)c(=O)[nH]1,1,,,,,,train
Cc1cc(C)c(Cl)c(O)c1,1,,,,,,valid
Cc1cc(Cl)c(Cl)cc1Cl,1,,,,,,train
Cc1cc(O)c(Cl)c(C)c1Cl,1,,,,,,train
Cc1cc(O)c2ccccc2c1OC(=O)c1ccccc1,1,,,,,,train
Cc1ccc(C)[nH]1,1,,,,,,train
C=Cc1ccc(C)cc1,1,,,,,,test
Cc1ccc(C=O)cc1,1,,,,,,train
Cc1ccc(Cl)cc1Cl,1,,,,,,train
Cc1ccc(O)c(Cl)c1,1,,,,,,train
Cc1ccc(C(=O)c2ccccc2)cc1,1,,,,,,train
Cc1ccc([N+](=O)[O-])cc1C,1,,,,,,valid
Cc1cccc(C)c1OCC(=O)O,1,,,,,,train
Cc1cccc(C)c1OS(=O)(=O)c1ccc(O)cc1,1,,,,,,train
Cc1cccc(CC(C)(C)CO)c1,1,,,,,,train
Cc1cccc(Cl)c1,1,,,,,,train
Cc1cccc(Cl)c1C,1,,,,,,test
Cc1cccc([N+](=O)[O-])c1C,1,,,,,,train
Cc1ccccc1CCl,1,,,,,,train
Cc1ccccc1N=C(N)Nc1ccccc1C,1,,,,,,train
Cc1cnc(-c2ccccc2)[nH]1,1,,,,,,train
Cc1coc2ccc(O)cc12,1,,,,,,valid
C=C(Cl)CCl,1,,,,,,train
ClCC=Cc1ccccc1,1,,,,,,train
O=c1[nH]c2ccccc2n1CCCCl,1,,,,,,train
ClCc1ccc(Cl)cc1Cl,1,,,,,,train
ClCc1cccc(CCl)c1,1,,,,,,test
O=c1ccc(Cl)c[nH]1,1,,,,,,train
Clc1ccc(Oc2cccc(Cl)c2)cc1,1,,,,,,train
O=c1ccn(-c2ccc(Cl)cc2)[nH]1,1,,,,,,train
O=c1cccc(Cl)[nH]1,1,,,,,,train
C=C(F)C(F)(F)F,1,,,,,,valid
FC(C(F)C(F)(F)C(F)(F)F)C(F)(F)F,1,,,,,,train
FC(F)(F)C=CC(F)(F)F,1,,,,,,train
FC(F)(F)C=CCl,1,,,,,,train
FC(F)(F)COc1cccnc1Cl,1,,,,,,train
O=S(=O)(NS(=O)(=O)C(F)(F)F)C(F)(F)F,1,,,,,,test
FC(F)(F)c1cccc(C(F)(F)F)c1,1,,,,,,train
O=Cc1ccc(F)cc1,1,,,,,,train
Fc1ccc(C(F)(F)F)cc1Cl,1,,,,,,train
N#CNC#N,1,,,,,,train
c1ccc2c(c1)Nc1ccccc1S2,1,,,,,,valid
N=C(NCCCCCCN(C(=N)N)C(=N)Nc1ccc(Cl)cc1)NC(=N)Nc1ccc(Cl)cc1,1,,,,,,train
NC(=O)CCc1ccccc1O,1,,,,,,train
NC(=O)c1ccc(Cl)c(N)c1,1,,,,,,train
NC(=Nc1ccccc1)Nc1ccccc1,1,,,,,,train
N=C1N=C(N)c2ccccc21,1,,,,,,test
NCCCOCCOCCO,1,,,,,,train
NCCNCCO,1,,,,,,train
NCCOCCN,1,,,,,,train
NNC(N)=O,1,,,,,,train
NS(=O)(=O)c1ccc(NC(=S)Nc2ccc(F)cc2)cc1,1,,,,,,valid
Nc1c(Cl)cc(C(F)(F)F)cc1Cl,1,,,,,,train
Nc1c(Cl)ccc(Cl)c1Cl,1,,,,,,train
Nc1cc(Cl)c(Cl)c(Cl)c1Cl,1,,,,,,train
Nc1cc(Cl)ccc1Oc1ccc(Cl)cc1Cl,1,,,,,,train
Nc1ccc(CCNCC(O)c2ccccc2)cc1,1,,,,,,test
Nc1ccc(Cl)cc1O,1,,,,,,train
Nc1ccc(F)cc1F,1,,,,,,train
Nc1ccc(N)c(S(=O)(=O)O)c1,1,,,,,,train
Nc1ccc([N+](=O)[O-])c([N+](=O)[O-])c1,1,,,,,,train
Nc1ccc2c3c(cccc13)C(=O)NC2=O,1,,,,,,valid
Nc1cccc(C(F)(F)F)c1,1,,,,,,train
O=C(Cc1ccccc1)OCCc1ccccc1,1,,,,,,train
O=C(OCC1CCC2OC2C1)C1CCC2OC2C1,1,,,,,,train
O=C(OCCc1ccccc1)c1ccccc1,1,,,,,,train
N#CC1SC2=C(SC1C#N)C(=O)c1ccccc1C2=O,1,,,,,,test
O=C1C=CC(=O)c2ccccc21,1,,,,,,train
O=C1C=CC(=NNc2ccccc2)C=C1,1,,,,,,train
O=C1CCC=CCCC=CCCC1,1,,,,,,train
O=CC1CCCCC1,1,,,,,,train
O=CC1CCCSC1,1,,,,,,valid
O=Cc1cccc(Oc2ccccc2)c1,1,,,,,,train
O=Cc1cccs1,1,,,,,,train
O=c1c2ccccc2oc2ccccc12,1,,,,,,train
N#CO,1,,,,,,train
O=C(O)CCCCCCCCC=CCCCCCCCOP(=O)(O)O,1,,,,,,test
O=C(O)COc1ccc(Cl)c2cccnc12,1,,,,,,train
O=C(O)CSc1nc2ccccc2s1,1,,,,,,train
O=C(O)c1cc([N+](=O)[O-])ccc1O,1,,,,,,train
O=c1oc2ccccc2c(O)c1C(CC(O)C1(Br)C=CC(c2ccccc2)=CC1)c1ccccc1,1,,,,,,train
C=CC(=O)OCC(O)COCCCCOCC(O)COC(=O)C=C,1,,,,,,valid
OC1CCc2[nH]c3ccccc3c2C1,1,,,,,,train
OCC(CBr)(CBr)CBr,1,,,,,,train
OCC1CO1,1,,,,,,train
OCC1COC(Cn2ccnc2)(c2ccc(Cl)cc2Cl)O1,1,,,,,,train
OCC=Cc1ccccc1,1,,,,,,test
OCCCCCCCCCCO,1,,,,,,train
O=S(=O)(N(CCO)CCO)C(F)(F)C(F)(F)C(F)(F)C(F)(F)F,1,,,,,,train
O=S(=O)(O)c1cccc(N=Nc2ccc(N=Nc3ccc(N(CCO)CCO)cc3)c3ccccc23)c1,1,,,,,,train
OCCNc1ccc2c(c1)OCO2,1,,,,,,train
OCCOc1ccc2ccccc2c1,1,,,,,,valid
OCc1ccc(Cl)cc1Cl,1,,,,,,train
O=C1c2ccccc2C(=O)N1O,1,,,,,,train
O=C(OO)c1cccc(Cl)c1,1,,,,,,train
O=S(O)(=NCl)c1ccccc1,1,,,,,,train
O=c1oc2ccccc2c(O)c1C1CC(C2(Br)C=CC(c3ccccc3)=CC2)Cc2ccccc21,1,,,,,,test
O=c1sc2ccccc2c(O)c1C1CC(C2(Br)C=CC(c3ccccc3)=CC2)Cc2ccccc21,1,,,,,,train
Oc1cc(Cl)cc(Br)c1,1,,,,,,train
C=Cc1ccc(O)cc1,1,,,,,,train
O=S(=O)(O)c1cc(O)ccc1O,1,,,,,,train
O=C(OCc1ccccc1)c1ccc(O)cc1,1,,,,,,valid
O=C(c1ccccc1)c1ccc(O)cc1,1,,,,,,train
N#Cc1ccc(O)c(O)c1,1,,,,,,train
Oc1nc2ccccc2[nH]1,1,,,,,,train
O=c1ccccn1O,1,,,,,,train
O=C(CCS)OCCn1c(=O)n(CCOC(=O)CCS)c(=O)n(CCOC(=O)CCS)c1=O,1,,,,,,test
SCCOCCOCCS,1,,,,,,train
SCCSCC(CS)SCCS,1,,,,,,train
O=[N+]([O-])C1(Br)COCOC1,1,,,,,,train
O=[N+]([O-])N1CC([N+](=O)[O-])([N+](=O)[O-])CC([N+](=O)[O-])([N+](=O)[O-])C1,1,,,,,,train
O=[N+]([O-])c1cc(Cl)cc(Cl)c1,1,,,,,,valid
O=[N+]([O-])c1cc(Cl)cc(Cl)c1[N+](=O)[O-],1,,,,,,train
O=[N+]([O-])c1ccc(Cl)cc1Cl,1,,,,,,train
O=[N+]([O-])c1ccc(Nc2ccccc2)cc1,1,,,,,,train
O=[N+]([O-])c1ccccc1-c1ccc(Cl)cc1,1,,,,,,train
c1ccc(-c2noc(-c3cccs3)n2)cc1,1,,,,,,test
CN(C)C=O,,0,,,,,train
CCCO,,0,,,,,train
CC(=O)OC(C)(C)C,,0,,,,,train
COc1ccc(C(=O)O)cc1OC,,0,,,,,train
CC(O)C(=O)O,,0,,,,,valid
CC(C)OC(=O)C(C)O,,0,,,,,train
CNC(=N[N+](=O)[O-])NCC1CCOC1,,0,,,,,train
CCc1cnc(C2=NC(C)(C(C)C)C(=O)N2)c(C(=O)O)c1,,0,,,,,train
O=C(O)CC(=O)O,,0,,,,,train
COC(=O)c1ccccc1S(=O)(=O)NC(=O)N(C)c1nc(C)nc(OC)n1,,0,,,,,test
ClCCCl,,0,,,,,train
O=C(O)C(=O)O,,0,,,,,train
Cc1cc(C)cc(C(=O)N(NC(=O)c2ccc3c(c2C)CCCO3)C(C)(C)C)c1,,0,,,,,train
CCS(=O)(=O)c1cccnc1S(=O)(=O)NC(=O)Nc1nc(OC)cc(OC)n1,,0,,,,,train
CCOc1cc(NC(C)=O)ccc1C(=O)OC,,0,,,,,valid
O=C(O)COc1ccc(Cl)cc1Cl,,0,,,,,train
O=C(O)c1cn[nH]c1C(F)F,,1,,,,,train
O=C(O)c1nc(Cl)ccc1Cl,,0,,,,,train
CCC(=O)C1C(=O)CC(C(=O)O)CC1=O,,0,,,,,train
CC1OC(C)OC(C)OC(C)O1,,1,,,,,test
COc1nc(C)nc(NC(=O)NS(=O)(=O)c2ccccc2C(=O)O)n1,,0,,,,,train
COCc1cnc(C2=NC(C)(C(C)C)C(=O)N2)c(C(=O)O)c1,,0,,,,,train
COc1nc(C)nc(NC(=O)NS(=O)(=O)c2ccccc2Cl)n1,,0,,,,,train
O=C(O)CCCc1c[nH]c2ccccc12,,1,,,,,train
Cc1[nH]n(C)c(=O)c1C(=O)c1ccc(C(F)(F)F)cc1S(C)(=O)=O,,1,,,,,valid
CN(C)C(=O)C(c1ccccc1)c1ccccc1,,1,,,,,train
C=CC(C)(O)CCC=C(C)C,,1,,,,,train
CSc1nnc(C(C)(C)C)c(=O)n1N,,1,,,,,train
CCCC(=NOCC)C1=C(O)CC(C2CCCSC2)CC1=O,,1,,,,,train
COc1cnc(OC)n2nc(NS(=O)(=O)c3c(OCC(F)F)cccc3C(F)(F)F)nc12,,0,,,,,test
CCNc1nc(NC(C)(C)C)nc(OC)n1,,1,,,,,train
CON(C)C(=O)Nc1ccc(Br)cc1,,1,,,,,train
COCCCNc1nc(NC(C)C)nc(SC)n1,,1,,,,,train
C1CN(CN2CCOCC2)CCO1,,1,,,,,train
CCOC(=O)OC1=C(c2cc(C)ccc2C)C(=O)NC12CCC(OC)CC2,,1,,,,,valid
Cc1nn(C)c(OCC(=O)c2ccccc2)c1C(=O)c1ccc(Cl)cc1Cl,,1,,,,,train
CCNc1nc(Cl)nc(NC(C)(C)C)n1,,1,,,,,train
CCCCCCCCCCCC(=O)O,,1,,,,,train
CCCCC(C#N)(Cn1cncn1)c1ccc(Cl)cc1,,1,,,,,train
CNc1cnn(-c2cccc(C(F)(F)F)c2)c(=O)c1Cl,,1,,,,,test
CCCCCCCCN1CCCC1=O,,1,,,,,train
N#Cc1c(Cl)cccc1Cl,,1,,,,,train
Cc1ccc2c(c1)C(Nc1nc(N)nc(C(C)F)n1)C(C)C2,,1,,,,,train
CCCC1COC(Cn2cncn2)(c2ccc(Cl)cc2Cl)O1,,1,,,,,train
COc1ccc(C(=CC(=O)N2CCOCC2)c2ccc(Cl)cc2)cc1OC,,1,,,,,valid
CC(C)(C)C(=O)C(Oc1ccc(Cl)cc1)n1cncn1,,1,,,,,train
Clc1ccc(C2(Cn3cncn3)CC(Br)CO2)c(Cl)c1,,1,,,,,train
CCCc1ccc2nc(Cl)c(S(=O)(=O)NC(=O)Nc3nc(OC)cc(OC)n3)n2n1,,1,,,,,train
OC(c1ccc(Cl)cc1)(c1cncnc1)c1ccccc1Cl,,1,,,,,train
O=C(O)Cc1c(Cl)ccc(Cl)c1Cl,,1,,,,,test
C=CCOC(=O)C(C)(C)OC(=O)c1cc(-n2c(=O)cc(C(F)(F)F)n(C)c2=O)ccc1Cl,,1,,,,,train
O=C(Nc1ccccc1-c1ccc(Cl)cc1)c1cccnc1Cl,,1,,,,,train
Cc1nn(C)c(F)c1C(=O)Nc1ccccc1C(C)CC(C)C,,1,,,,,train
COc1cccc(C(=O)NN(C(=O)c2cc(C)cc(C)c2)C(C)(C)C)c1C,,1,,,,,train
c1ccc2ccccc2c1,,1,,,,,valid
c1ccc(Nc2ccccc2)cc1,,1,,,,,train
CC12CC1(C)C(=O)N(c1cc(Cl)cc(Cl)c1)C2=O,,1,,,,,train
CCOC(=O)C(C)Oc1ccc(Oc2cnc3cc(Cl)ccc3n2)cc1,,1,,,,,train
O=C1c2ccccc2C(=O)C1C(=O)C(c1ccccc1)c1ccccc1,,1,,,,,train
CCCC(=NOCC)C1=C(O)CC(CC(C)SCC)CC1=O,,1,,,,,test
CCC1(C)C(=O)N(Cl)C(=O)N1Cl,,1,,,,,train
O=C(Cc1ccccc1)NC(=NOCC1CC1)c1c(C(F)(F)F)ccc(F)c1F,,1,,,,,train
CCC(C)(CC)c1cc(NC(=O)c2c(OC)cccc2OC)on1,,1,,,,,train
CCNc1nc(NC(C)C(C)C)nc(SC)n1,,1,,,,,train
CCCN(CCC)c1c([N+](=O)[O-])cc(S(N)(=O)=O)cc1[N+](=O)[O-],,1,,,,,valid
Cc1nc(C(F)(F)F)c(C(=O)Nc2c(Br)cc(OC(F)(F)F)cc2Br)s1,,1,,,,,train
CC1(C)C(=O)N(Br)C(=O)N1Br,,1,,,,,train
CC(C)NC(=O)N1CC(=O)N(c2cc(Cl)cc(Cl)c2)C1=O,,1,,,,,train
CCCN(CCC)c1c([N+](=O)[O-])cc(C(F)(F)F)c(N)c1[N+](=O)[O-],,1,,,,,train
Oc1c(Cl)c(Cl)c(Cl)c(Cl)c1Cl,,1,,,,,test
N#Cc1c[nH]cc1-c1cccc2c1OC(F)(F)O2,,1,,,,,train
CNC(=O)ON=C(SC)C(=O)N(C)C,,1,,,,,train
O=C(O)COc1ccc(Cl)cc1CO,,1,,,,,train
CC(COc1ccc(Oc2ccccc2)cc1)Oc1ccccn1,,1,,,,,train
O=C(Nc1cccc(Cl)c1)OCC#CCCl,,1,,,,,valid
CON=C(C1=NOCCO1)c1ccccc1Oc1ncnc(Oc2ccccc2Cl)c1F,,1,,,,,train
CCCCC=CCCC=CCCCCCCOC(C)=O,,1,,,,,train
CNC(=O)Oc1ccc(N(C)C)c(C)c1,,1,,,,,train
CCCSP(=O)(OCC)SCCC,,1,,,,,train
CCCN(CCC)c1c([N+](=O)[O-])cc(C(F)(F)F)cc1[N+](=O)[O-],,1,,,,,test
CC(=O)N1C(=O)N(NCc2cccnc2)Cc2cc(C(F)(C(F)(F)F)C(F)(F)F)ccc21,,1,,,,,train
CCCC(=O)Oc1c(Br)cc(C#N)cc1Br,,1,,,,,train
Nc1c(Cl)c(Cl)cc(Cl)c1Cl,,1,,,,,train
CCCCSP(=O)(SCCCC)SCCCC,,1,,,,,train
CCCCCCC(C)OC(=O)COc1nc(F)c(Cl)c(N)c1Cl,,1,,,,,valid
Cc1cc(C)c(C2=C(OC(=O)CC(C)(C)C)C3(CCCC3)OC2=O)c(C)c1,,1,,,,,train
CC(COc1ccc(C(C)(C)C)cc1)OS(=O)OCCCl,,1,,,,,train
c1ccc2c(c1)-c1cccc3cccc-2c13,,1,,,,,train
CCCCCCCCCCCCN,,1,,,,,train
CNC(=O)Oc1cccc2c1OC(C)(C)O2,,1,,,,,test
O=[N+]([O-])C(Br)=Cc1ccccc1,,1,,,,,train
COc1c(Cl)c(Cl)c(Cl)c(Cl)c1Cl,,1,,,,,train
Cc1c(Br)c2ccc(F)cc2n1S(=O)(=O)c1ncn(S(=O)(=O)N(C)C)n1,,1,,,,,train
C#CC(OC(=O)C1C(C=C(C)C)C1(C)C)C(C)=CCC,,1,,,,,train
COC=C(C(=O)OC)c1ccccc1COc1cccc(C(F)(F)F)n1,,1,,,,,valid
Cc1nn(C)c(Oc2ccccc2)c1C=NOCc1ccc(C(=O)OC(C)(C)C)cc1,,1,,,,,train
CNC(=O)Oc1cccc2c1OC(C)(C)C2,,1,,,,,train
C#CCOS(=O)OC1CCCCC1Oc1ccc(C(C)(C)C)cc1,,1,,,,,train
CON=C(C(=O)OC)c1ccccc1CON=C(C)c1cccc(C(F)(F)F)c1,,1,,,,,train
CCOc1cc(C(C)(C)C)ccc1C1COC(c2c(F)cccc2F)=N1,,1,,,,,test
CCOCn1c(-c2ccc(Cl)cc2)c(C#N)c(Br)c1C(F)(F)F,,1,,,,,train
CC1(C)C(C=C(Cl)C(F)(F)F)C1C(=O)OC(C#N)c1cccc(Oc2ccccc2)c1,,1,,,,,train
FC(F)(F)c1ccc(OCCCOc2c(Cl)cc(OCC=C(Cl)Cl)cc2Cl)nc1,,1,,,,,train
CCOP(=O)(NC(C)C)Oc1ccc(SC)c(C)c1,,1,,,,,train
COP(=O)(OC)OC(=CCl)c1cc(Cl)c(Cl)cc1Cl,,1,,,,,valid
CCCCN(CCCC)SN(C)C(=O)Oc1cccc2c1OC(C)(C)C2,,1,,,,,train
CN(c1c(Br)cc(Br)cc1Br)c1c([N+](=O)[O-])cc([N+](=O)[O-])cc1C(F)(F)F,,1,,,,,train
CCCCCCCCCCCCc1ccc(N)cc1,,1,,,,,train
CC(C)=CC1C(C(=O)OCc2coc(Cc3ccccc3)c2)C1(C)C,,1,,,,,train
COP(=S)(OC)Oc1nc(Cl)c(Cl)cc1Cl,,1,,,,,test
COP(=O)(OC)OC(Br)C(Cl)(Cl)Br,,1,,,,,train
CC1(C)C(C=C(Cl)Cl)C1C(=O)OC(C#N)c1cccc(Oc2ccccc2)c1,,1,,,,,train
CCOP(=O)(OCC)Oc1ccc([N+](=O)[O-])cc1,,1,,,,,train
CCN(CC)c1nc(C)cc(OP(=S)(OC)OC)n1,,1,,,,,train
CCOP(=S)(OCC)Oc1nc(Cl)c(Cl)cc1Cl,,1,,,,,valid
Cc1c(F)c(F)c(COC(=O)C2C(C=C(Cl)C(F)(F)F)C2(C)C)c(F)c1F,,1,,,,,train
OCCOCCOCCO,,0,,,,,train
C1OCOCO1,,0,,,,,train
O=C1CCCCCN1,,0,,,,,train
CC(=O)OCCC(C)C,,0,,,,,test
COC(=O)C(C)O,,0,,,,,train
Cc1ncc([N+](=O)[O-])n1CCO,,0,,,,,train
c1coc(CNc2ncnc3nc[nH]c23)c1,,0,,,,,train
c1ccc2cnncc2c1,,0,,,,,train
OC(O)C(Cl)(Cl)Cl,,0,,,,,valid
CS(=O)(=O)c1ccc(C(=O)C2C(=O)CCCC2=O)c(Cl)c1,,0,,,,,train
OCC(Cl)(Cl)Cl,,0,,,,,train
Nc1ccc2c(c1)C(=O)c1ccccc1C2=O,,0,,,,,train
CCCCCOC(=O)C(C)O,,0,,,,,train
Cc1cc(Cl)ccc1OC(C)C(=O)O,,0,,,,,test
COc1ncc(F)c2nc(S(=O)(=O)Nc3c(F)cccc3F)nn12,,0,,,,,train
CCOc1ccccc1OS(=O)(=O)NC(=O)Nc1nc(OC)cc(OC)n1,,0,,,,,train
CCCCCCCCC(=O)O,,1,,,,,train
Cn1cc(C(=O)O)c(C(F)F)n1,,1,,,,,train
O=C(O)COc1nc(Cl)c(Cl)cc1Cl,,0,,,,,valid
N#CCNC(=O)c1cnccc1C(F)(F)F,,0,,,,,train
Nc1c(Cl)c(F)nc(OCC(=O)O)c1Cl,,1,,,,,train
COP(=O)(NC(C)=O)SC,,1,,,,,train
COc1nc(C)nc(NC(=O)NS(=O)(=O)c2ccsc2C(=O)O)n1,,0,,,,,train
Cc1[nH]c(=O)n(C(C)(C)C)c(=O)c1Cl,,1,,,,,test
Clc1ccc(C2(Cn3cncn3)OCCO2)c(Cl)c1,,1,,,,,train
CC(Oc1ccc(Oc2ncc(C(F)(F)F)cc2Cl)cc1)C(=O)O,,1,,,,,train
CCOc1nc(NC)nc(NC(=O)NS(=O)(=O)c2ccccc2C(=O)OC)n1,,0,,,,,train
Cc1cc(C)n(CO)n1,,1,,,,,train
CC1=C(C(=O)Nc2ccccc2)SCCO1,,1,,,,,valid
COc1cc(OC)nc(NC(=O)NS(=O)(=O)Nc2ccccc2C(=O)N(C)C)n1,,1,,,,,train
COc1nc(NC(=O)NS(=O)(=O)c2ccccc2C(F)(F)F)nc(C(F)(F)F)n1,,0,,,,,train
CC(C)OC(=O)C(C(=O)OC(C)C)=C1SCCS1,,1,,,,,train
O=[N+]([O-])C=C1NCCCS1,,1,,,,,train
COC(=O)c1ccc(CNS(C)(=O)=O)cc1S(=O)(=O)NC(=O)Nc1nc(OC)cc(OC)n1,,1,,,,,test
CCOc1nc(F)cc2nc(S(=O)(=O)Nc3c(Cl)cccc3Cl)nn12,,1,,,,,train
CC(C)c1nn(C(=O)NC(C)(C)C)c(=O)n1N,,1,,,,,train
COP(=S)(OC)SCC(=O)N(c1ccc(Cl)cc1)C(C)C,,1,,,,,train
CCOC(=O)C1=NN(c2ccc(Cl)cc2Cl)C(C)(C(=O)OCC)C1,,1,,,,,train
O=c1cc(Cl)[nH]nc1-c1ccccc1,,1,,,,,valid
Cc1cccc(C)c1N(Cn1cccn1)C(=O)CCl,,1,,,,,train
COc1nc(NC(C)C)nc(NC(C)C)n1,,1,,,,,train
CCCCCCCC1CCC(=O)O1,,1,,,,,train
c1ccc(CNc2ncnc3nc[nH]c23)cc1,,1,,,,,train
CC(C1CC1)C(O)(Cn1cncn1)c1ccc(Cl)cc1,,1,,,,,test
O=C(O)COC(=O)c1cc(Oc2ccc(C(F)(F)F)cc2Cl)ccc1[N+](=O)[O-],,1,,,,,train
COCC(C)N(C(=O)CCl)c1c(C)csc1C,,1,,,,,train
CSc1nc(NC(C)C)nc(NC(C)C)n1,,1,,,,,train
CCc1cccc(C)c1N(COC(C)C)C(=O)CCl,,1,,,,,train
N#Cc1cc(Br)c(O)c(Br)c1,,1,,,,,valid
CC(C)C(O)(c1ccc(OC(F)(F)F)cc1)c1cncnc1,,1,,,,,train
O=c1[nH]c2c(c(=O)n1C1CCCCC1)CCC2,,1,,,,,train
CCCCN(CC)C(=O)SCCC,,1,,,,,train
Fc1ccc(C2(Cn3cncn3)OC2c2ccccc2Cl)cc1,,1,,,,,train
CCC1(CC2(c3cccc(Cl)c3)CO2)C(=O)c2ccccc2C1=O,,1,,,,,test
C#CC(C)(C)NC(=O)c1cc(Cl)cc(Cl)c1,,1,,,,,train
COCC(=O)OC(c1ncccc1S(=O)(=O)NC(=O)Nc1nc(OC)cc(OC)n1)C(C)F,,1,,,,,train
COC(=O)C1(O)c2ccccc2-c2ccc(Cl)cc21,,1,,,,,train
CCC=CCCCCCCCCCCOC(C)=O,,1,,,,,train
CCOC(=O)NC(=S)Nc1ccccc1NC(=S)NC(=O)OCC,,1,,,,,valid
CC(C)(C)C(O)C(Oc1ccc(-c2ccccc2)cc1)n1cncn1,,1,,,,,train
COCC(=O)N(c1c(C)cccc1C)C(C)C(=O)OC,,1,,,,,train
CSC(=O)c1cccc2nnsc12,,1,,,,,train
C[Si](Cn1cncn1)(c1ccc(F)cc1)c1ccc(F)cc1,,1,,,,,train
Nc1c(Cl)cc([N+](=O)[O-])cc1Cl,,1,,,,,test
Clc1cccc(C(Cl)(Cl)Cl)n1,,1,,,,,train
Cn1sc2c(c1=O)CCC2,,1,,,,,train
O=[N+]([O-])C(Br)(CO)CO,,1,,,,,train
CCCOCC(=Nc1ccc(Cl)cc1C(F)(F)F)n1ccnc1,,1,,,,,train
c1ccc(-c2noc(-c3cccs3)n2)cc1,,1,,,,,valid
Cn1c(=O)on(-c2ccc(Cl)c(Cl)c2)c1=O,,1,,,,,train
CON(C)C(=O)Nc1ccc(Cl)c(Cl)c1,,1,,,,,train
CS(=O)(=O)c1cc(C(F)(F)F)ccc1C(=O)c1cnoc1C1CC1,,1,,,,,train
CCOC(=O)C(C)Oc1ccc(Oc2nc3ccc(Cl)cc3o2)cc1,,1,,,,,train
O=[N+]([O-])c1c(Cl)c(Cl)c(Cl)c(Cl)c1Cl,,1,,,,,test
CCC(C)(NC(=O)c1cc(Cl)c(C)c(Cl)c1)C(=O)CCl,,1,,,,,train
CCCCCCCCc1c(CC)nc2ncnn2c1N,,1,,,,,train
CCOc1cc(Oc2ccc(C(F)(F)F)cc2Cl)ccc1[N+](=O)[O-],,1,,,,,train
O=c1oc2ccccc2c(O)c1C1CC(c2ccc(-c3ccc(Br)cc3)cc2)Cc2ccccc21,,1,,,,,train
CC1C(c2ccc(Cl)cc2)SC(=O)N1C(=O)NC1CCCCC1,,1,,,,,valid
Cc1cc(C(F)(F)F)nn1CC(=O)N1CCC(c2nc(C3=NOC(c4c(F)cccc4F)C3)cs2)CC1,,1,,,,,train
COC(C)(C)CCCC(C)CC=CC(C)=CC(=O)OC(C)C,,1,,,,,train
CN=C=S,,1,,,,,train
CCOP(=O)(SC(C)CC)N1CCSC1=O,,1,,,,,train
O=C(Nc1ccccc1)N(Cc1ccc(Cl)cc1)C1CCCC1,,1,,,,,test
COC(=O)Nc1nc2ccccc2[nH]1,,1,,,,,train
O=S1(=O)OCC2C(CO1)C1(Cl)C(Cl)=C(Cl)C2(Cl)C1(Cl)Cl,,1,,,,,train
COC(=O)C(C)Oc1ccc(Oc2ccc(Cl)cc2Cl)cc1,,1,,,,,train
Cc1ccc(N(SC(F)(Cl)Cl)S(=O)(=O)N(C)C)cc1,,1,,,,,train
CCC(C)Nc1c([N+](=O)[O-])cc(C(C)(C)C)cc1[N+](=O)[O-],,1,,,,,valid
OC(c1ccc(Cl)cc1)(c1ccc(Cl)cc1)C(Cl)(Cl)Cl,,1,,,,,train
COCc1c(F)c(F)c(COC(=O)C2C(C=C(C)C#N)C2(C)C)c(F)c1F,,1,,,,,train
CCN(Cc1c(F)cccc1Cl)c1c([N+](=O)[O-])cc(C(F)(F)F)cc1[N+](=O)[O-],,1,,,,,train
Cc1ccc(N=CN(C)C=Nc2ccc(C)cc2C)c(C)c1,,1,,,,,train
CC(C)CCCCCOC(=O)c1ccccc1C(=O)OCCCCCC(C)C,,1,,,,,test
Cc1nc(N(C)C)nc(OC(=O)N(C)C)c1C,,1,,,,,train
O=c1ssc(Cl)c1Cl,,1,,,,,train
CNC(=O)c1cc(C#N)cc(C)c1NC(=O)c1cc(Br)nn1-c1ncccc1Cl,,1,,,,,train
COC(=O)C(Cl)Cc1ccc(Cl)cc1,,1,,,,,train
C=CCC1=C(C)C(OC(=O)C2C(C=C(C)C)C2(C)C)CC1=O,,1,,,,,valid
CCN(CC)C(=O)C(Cl)=C(C)OP(=O)(OC)OC,,1,,,,,train
CCc1nn(C)c(C(=O)NCc2ccc(Oc3ccc(C)cc3)cc2)c1Cl,,1,,,,,train
CC(C)C(C(=O)OC(C#N)c1cccc(Oc2ccccc2)c1)c1ccc(OC(F)F)cc1,,1,,,,,train
CCCCCCCCCCCCCCCCN,,1,,,,,train
CC(C)=CC1C(C(=O)OCc2cccc(Oc3ccccc3)c2)C1(C)C,,1,,,,,test
O=C(NC(=O)c1c(F)cccc1F)Nc1ccc(Cl)cc1,,1,,,,,train
COP(=S)(OC)Oc1nc(Cl)n(C(C)C)n1,,1,,,,,train
CCOP(=S)(OCC)OP(=S)(OCC)OCC,,1,,,,,train
COP(=S)(Oc1cc(Cl)c(Br)cc1Cl)c1ccccc1,,1,,,,,train
COP(=O)(OC)C(O)C(Cl)(Cl)Cl,,1,,,,,valid
CCOP(=S)(OCC)Oc1cc(C)nc(C(C)C)n1,,1,,,,,train
CCOP(=S)(OCC)Oc1cnc2ccccc2n1,,1,,,,,train
CCOP(=S)(OCC)OC(Cl)C(Cl)(Cl)Cl,,1,,,,,train
COP(=O)(OC)OC=C(Cl)Cl,,1,,,,,train
CC(C)C(C(=O)OC(C#N)c1cccc(Oc2ccccc2)c1)c1ccc(Cl)cc1,,1,,,,,test
Cc1c(COC(=O)C2C(C=C(Cl)C(F)(F)F)C2(C)C)cccc1-c1ccccc1,,1,,,,,train
CCOP(=S)(OCC)SCSP(=S)(OCC)OCC,,1,,,,,train
C1N2CN3CN1CN(C2)C3,,0,,,,,train
OCCCO,,0,,,,,train
CCC(C)=O,,0,,,,,valid
CCOCCOCCO,,0,,,,,train
ClCCl,,0,,,,,train
COC(C)CCO,,0,,,,,train
O=C(O)c1ccccc1,,0,,,,,train
CC(=O)N(CCN(C(C)=O)C(C)=O)C(C)=O,,0,,,,,test
O=C(O)c1cccc(O)c1O,,0,,,,,train
COCC(=O)N(c1c(C)cccc1C)N1CCOC1=O,,0,,,,,train
CCCN,,1,,,,,train
c1nc[nH]n1,,0,,,,,train
CC(C)CCOC(=O)C(C)O,,0,,,,,valid
O=C(O)C(Cl)(Cl)Cl,,0,,,,,train
CN(C)S(N)(=O)=O,,0,,,,,train
O=CC(Cl)(Cl)Cl,,0,,,,,train
CC(Oc1cccc(Cl)c1)C(=O)O,,0,,,,,train
Nc1nc(N)nc(NC2CC2)n1,,1,,,,,test
CN(C)C(=O)Nc1ccc(Cl)cc1,,0,,,,,train
CCC(C)n1c(=O)[nH]c(C)c(Br)c1=O,,0,,,,,train
CC(Oc1ccc(Cl)cc1Cl)C(=O)O,,1,,,,,train
CC1=NNC(=O)N(N=Cc2cccnc2)C1,,1,,,,,train
COc1ccc(C(O)(c2cncnc2)C2CC2)cc1,,0,,,,,valid
Cc1cnc(C2=NC(C)(C(C)C)C(=O)N2)c(C(=O)O)c1,,1,,,,,train
CCNC(=O)C(C)OC(=O)Nc1ccccc1,,1,,,,,train
CC(C)C1(C)N=C(c2nc3ccccc3cc2C(=O)O)NC1=O,,1,,,,,train
CCCCN(CC)c1c([N+](=O)[O-])cc(C(F)(F)F)cc1[N+](=O)[O-],,0,,,,,train
COc1nc(C)nc(NC(=O)NS(=O)(=O)c2ccccc2CCC(F)(F)F)n1,,0,,,,,test
COC(=O)CC(NC(=O)C(NC(=O)OC(C)C)C(C)C)c1ccc(Cl)cc1,,0,,,,,train
Cc1cc(Cl)ccc1OCCCC(=O)O,,1,,,,,train
COc1cc(OC)nc(NC(=O)NS(=O)(=O)c2cc(CNS(C)(=O)=O)ccc2C(=O)O)n1,,0,,,,,train
CC(C)N(C)S(=O)(=O)NC(=O)c1cc(-n2c(=O)cc(C(F)(F)F)n(C)c2=O)c(F)cc1Cl,,1,,,,,train
CCS(=O)(=O)Oc1ccc2c(c1)C(C)(C)CO2,,1,,,,,valid
O=[N+]([O-])c1ccc(Oc2c(Cl)cc(Cl)cc2Cl)cc1,,1,,,,,train
NC(N)=S,,1,,,,,train
COCCN(C(=O)CCl)c1c(C)cccc1C,,1,,,,,train
CCc1cccc(C)c1N(C(=O)CCl)C(C)COC,,1,,,,,train
Cc1nn(C)c(Cl)c1C(=O)Nc1cccc2c1C(C)OC2(C)C,,1,,,,,test
COC(=O)C(C)N(C(=O)Cc1ccccc1)c1c(C)cccc1C,,1,,,,,train
O=CNC(N1CCN(C(NC=O)C(Cl)(Cl)Cl)CC1)C(Cl)(Cl)Cl,,1,,,,,train
C=CCNC(=O)c1c([Si](C)(C)C)sc(C)c1C,,1,,,,,train
Cc1cc(O)cc(C)c1Cl,,1,,,,,train
CC(=NNC(=O)Nc1cc(F)cc(F)c1)c1ncccc1C(=O)O,,1,,,,,valid
CSC(=O)c1c(C(F)F)nc(C(F)(F)F)c(C(=O)SC)c1CC(C)C,,1,,,,,train
CCOCN(C(=O)CCl)c1c(C)cccc1CC,,1,,,,,train
CC1(C)CCC(=Cc2ccc(Cl)cc2)C1(O)Cn1cncn1,,1,,,,,train
CCOC(=O)C(Cl)Cc1cc(-n2nc(C)n(C(F)F)c2=O)c(F)cc1Cl,,1,,,,,train
CC(C)Nc1nc(Cl)nc(NC(C)C)n1,,1,,,,,test
ClC1C(Cl)C(Cl)C(Cl)C(Cl)C1Cl,,1,,,,,train
OC(Cc1ccccc1Cl)(Cn1cncn1)C1(Cl)CC1,,1,,,,,train
O=C1C(Cl)C(CCl)CN1c1cccc(C(F)(F)F)c1,,1,,,,,train
CC=CC=CCCCCCCCO,,1,,,,,train
CC1(C)CCC(Cc2ccc(Cl)cc2)C1(O)Cn1cncn1,,1,,,,,valid
CC(C)OC(=O)Nc1cccc(Cl)c1,,1,,,,,train
Cn1nc(C(F)(F)F)c(CS(=O)(=O)C2=NOC(C)(C)C2)c1OC(F)F,,1,,,,,train
CCCCc1c(C)nc(NCC)nc1OS(=O)(=O)N(C)C,,1,,,,,train
CC(C)=CCCC(C)=CCCC(C)=CCO,,1,,,,,train
CCCCC(O)(Cn1cncn1)c1ccc(Cl)cc1Cl,,1,,,,,test
CCCCC(CC)CN1C(=O)C2C3C=CC(C3)C2C1=O,,1,,,,,train
CCCCOC(=O)C(C)Oc1ccc(Oc2ccc(C#N)cc2F)cc1,,1,,,,,train
CC(C)Oc1cc(-n2nc(C(C)(C)C)oc2=O)c(Cl)cc1Cl,,1,,,,,train
Cc1cc([N+](=O)[O-])cc([N+](=O)[O-])c1O,,1,,,,,train
ClNc1nc(NCl)nc(NCl)n1,,1,,,,,valid
CCCCC(CC)COC(=O)C(C)Oc1ccc(Cl)cc1Cl,,1,,,,,train
CC(C)OP(=O)(OC(C)C)SCc1ccccc1,,1,,,,,train
CNC(=O)C(OC)c1ccccc1COc1cc(C)ccc1C,,1,,,,,train
N#Cc1ccccc1NC(=O)c1snc(Cl)c1Cl,,1,,,,,train
Cn1cc(C(=O)Nc2ccc(F)cc2-c2ccc(Cl)c(Cl)c2)c(C(F)F)n1,,1,,,,,test
ClC1=C(Cl)C(Cl)(C2(Cl)C(Cl)=C(Cl)C(Cl)=C2Cl)C(Cl)=C1Cl,,1,,,,,train
CC1(C)CN=C(NN=C(C=Cc2ccc(C(F)(F)F)cc2)C=Cc2ccc(C(F)(F)F)cc2)NC1,,1,,,,,train
Clc1nc(Cl)nc(Nc2ccccc2Cl)n1,,1,,,,,train
COc1ccc(-c2ccccc2)cc1NNC(=O)OC(C)C,,1,,,,,train
CC(C)CCCCCOC(=O)COc1ccc(Cl)cc1Cl,,1,,,,,valid
COC(=O)Nc1cccc(OC(=O)Nc2cccc(C)c2)c1,,1,,,,,train
CCCCCCCCSC(=O)Oc1cc(Cl)nnc1-c1ccccc1,,1,,,,,train
Cn1sc(Cl)cc1=O,,1,,,,,train
C#CCOc1cc(-n2nc(C(C)(C)C)oc2=O)c(Cl)cc1Cl,,1,,,,,train
CCCCNC(=O)n1c(NC(=O)OC)nc2ccccc21,,1,,,,,test
CCCCC(CC)COC(=O)COc1ccc(Cl)cc1C,,1,,,,,train
CCNS(=O)(=O)C(F)(F)C(F)(F)C(F)(F)C(F)(F)C(F)(F)C(F)(F)C(F)(F)C(F)(F)F,,1,,,,,train
O=Cc1ccccc1C=O,,1,,,,,train
Cc1ccc(-c2c(Cl)nc(C#N)n2S(=O)(=O)N(C)C)cc1,,1,,,,,train
N#CSCSC#N,,1,,,,,valid
CCCCn1sc2ccccc2c1=O,,1,,,,,train
CCCc1nc(C)cc(OC(=O)N(C)C)n1,,1,,,,,train
CCOC(=O)COc1cc(-c2nn(C)c(OC(F)F)c2Cl)c(F)cc1Cl,,1,,,,,train
O=C(O)c1cccc(Oc2ccccc2)c1,,1,,,,,train
O=C(O)c1ccc(C(=O)O)cc1,,1,,,,,test
CCc1nn(C)c(C(=O)NCc2ccc(C(C)(C)C)cc2)c1Cl,,1,,,,,train
CNC(=O)Oc1ccccc1C(C)C,,1,,,,,train
O=C(NC(=O)c1c(F)cccc1F)Nc1ccc(OC(F)(F)C(F)OC(F)(F)F)c(Cl)c1,,1,,,,,train
CNC(=O)CSP(=O)(OC)OC,,1,,,,,train
CC1(c2ccc(Oc3ccccc3)cc2)OC(=O)N(Nc2ccccc2)C1=O,,1,,,,,valid
ClC1=C(Cl)C2(Cl)C3C4C=CC(C4)C3C1(Cl)C2(Cl)Cl,,1,,,,,train
CCCN(CCC)c1c([N+](=O)[O-])cc(C(C)C)cc1[N+](=O)[O-],,1,,,,,train
CCc1ccc(C(c2ccc(CC)cc2)C(Cl)Cl)cc1,,1,,,,,train
COP(N)(=S)Oc1ccccc1C(=O)OC(C)C,,1,,,,,train
CC(C)CCCCCCCOC(=O)c1ccccc1C(=O)OCCCCCCCC(C)C,,1,,,,,test
CC=Cc1ccc(OC)cc1,,1,,,,,train
CCCCCCCCn1sc(Cl)c(Cl)c1=O,,1,,,,,train
C#CCC1=C(C)C(OC(=O)C2C(C=C(C)C)C2(C)C)CC1=O,,1,,,,,train
CCCC(=O)OC(C(Cl)(Cl)Cl)P(=O)(OC)OC,,1,,,,,train
CC=CC(=O)Oc1c(CCCCCC(C)C)cc([N+](=O)[O-])cc1[N+](=O)[O-],,1,,,,,valid
CCCCCCCCCCCCC1=C(OC(C)=O)C(=O)c2ccccc2C1=O,,1,,,,,train
CCOP(=S)(OCC)Oc1ncn(-c2ccccc2)n1,,1,,,,,train
CCOc1cc(OP(=S)(OC)OC)nc(CC)n1,,1,,,,,train
CCCN(CCC)c1c([N+](=O)[O-])cc(S(C)(=O)=O)cc1[N+](=O)[O-],,1,,,,,train
Clc1ccc(Cl)cc1,,1,,,,,test
CCOc1ccc(C(C)(C)COCc2cccc(Oc3ccccc3)c2)cc1,,1,,,,,train
Clc1ccccc1-c1nnc(-c2ccccc2Cl)nn1,,1,,,,,train
CCOC(=O)CC(SP(=S)(OC)OC)C(=O)OCC,,1,,,,,train
O=C(NC(=O)c1c(F)cccc1F)Nc1cc(Cl)c(Oc2ncc(C(F)(F)F)cc2Cl)c(Cl)c1,,1,,,,,train
CCOP(=S)(OCC)SCn1nnc2ccccc2c1=O,,1,,,,,valid
CCOP(=S)(Oc1cnc(C(C)(C)C)nc1)OC(C)C,,1,,,,,train
CCOP(=O)(Sc1ccccc1)Sc1ccccc1,,1,,,,,train
CCC(CO)(CO)CO,,0,,,,,train
CC(O)CC(C)(C)O,,0,,,,,train
CC(O)CO,,0,,,,,test
CCOP(=O)(O)C(N)=O,,0,,,,,train
CCC1COC(=O)O1,,0,,,,,train
COc1cc(C(=O)O)ccc1O,,0,,,,,train
O=C(O)c1cc(O)cc(O)c1,,0,,,,,train
O=CO,,0,,,,,valid
CS(=O)(=O)c1ccc(C(=O)C2C(=O)CCCC2=O)c([N+](=O)[O-])c1,,0,,,,,train
CC(c1ccc(C(F)(F)F)nc1)S(C)(=O)=NC#N,,0,,,,,train
CNC(=O)N(C)c1nnc(C(C)(C)C)s1,,0,,,,,train
O=c1ccc(=O)[nH][nH]1,,0,,,,,train
O=C(O)CNCP(=O)(O)O,,0,,,,,test
CS(=O)(=O)NC(=O)c1cc(Oc2ccc(C(F)(F)F)cc2Cl)ccc1[N+](=O)[O-],,0,,,,,train
C=CCN(CC=C)C(=O)C(Cl)Cl,,0,,,,,train
Nc1cnn(-c2ccccc2)c(=O)c1Cl,,0,,,,,train
COC(=O)c1ccccc1S(=O)(=O)NC(=O)Nc1nc(OC(F)F)cc(OC(F)F)n1,,0,,,,,train
Nc1cc(Cl)nc(C(=O)O)c1Cl,,1,,,,,valid
Cc1cnc2c(C(=O)O)c(Cl)ccc2c1,,0,,,,,train
CC(CN1COC(C)C1)OCOCOCO,,1,,,,,train
Nc1ccc(S(=O)(=O)Nc2cnc3ccccc3n2)cc1,,0,,,,,train
CN1COCN(Cc2cnc(Cl)s2)C1=N[N+](=O)[O-],,1,,,,,train
Cc1ccc(NC(=O)N(C)C)cc1Cl,,1,,,,,test
CCC(=O)O,,1,,,,,train
O=C1C=C(N(Cc2ccc(Cl)nc2)CC(F)F)CO1,,1,,,,,train
CC1=C(C(=O)Nc2ccccc2)S(=O)(=O)CCO1,,1,,,,,train
COc1nc(C)nc(NC(=O)NS(=O)(=O)c2ccccc2OCCCl)n1,,1,,,,,train
CN(C)C(=O)Nc1cccc(C(F)(F)F)c1,,1,,,,,valid
OC(Cn1cncn1)(c1ccc(F)cc1)c1ccccc1F,,1,,,,,train
CNc1nc(NC(C)C)nc(SC)n1,,1,,,,,train
Nc1c(Cl)c(Cl)nc(C(=O)O)c1Cl,,1,,,,,train
O=C(O)C1C2CCC(O2)C1C(=O)O,,1,,,,,train
COP(=S)(OC)Oc1c(Cl)cc(C)cc1Cl,,1,,,,,test
CCOC(=O)C(Cl)=Cc1cc(N2C(=O)C3=C(CCCC3)C2=O)ccc1Cl,,1,,,,,train
CC(=O)OC1CC(C)OC(C)O1,,1,,,,,train
CCNc1nc(NC(C)C)nc(SC)n1,,1,,,,,train
CN1CSC(=S)N(C)C1,,1,,,,,train
CS(=O)(=O)c1ccc(C(=O)C2C(=O)CCCC2=O)c(Cl)c1COCC(F)(F)F,,1,,,,,valid
COC(=O)c1nc(C2CC2)nc(N)c1Cl,,1,,,,,train
CCOc1ccc(NC(=O)OC(C)C)cc1OCC,,1,,,,,train
CCCN(CCC)C(=O)SCC,,1,,,,,train
CC1(C(=O)Nc2ccc(O)c(Cl)c2Cl)CCCCC1,,1,,,,,train
O=CC=Cc1ccccc1,,1,,,,,test
O=C1C(Cl)=C(Cl)C(=O)N1c1ccc(F)cc1,,1,,,,,train
O=C(NCCc1ncc(C(F)(F)F)cc1Cl)c1ccccc1C(F)(F)F,,1,,,,,train
CC(C)N(C(=O)CCl)c1ccccc1,,1,,,,,train
c1coc(-c2nc3ccccc3[nH]2)c1,,1,,,,,train
CCCC(Cn1cncn1)c1ccc(Cl)cc1Cl,,1,,,,,valid
CC(C)Oc1cccc(NC(=O)c2ccccc2C(F)(F)F)c1,,1,,,,,train
CCCCOCCOC(=O)COc1ccc(Cl)cc1Cl,,1,,,,,train
CC(Oc1ccc(Cl)cc1Cl)C(=O)NC(C)(C#N)C(C)C,,1,,,,,train
C#CCOc1ccc(CCNC(=O)C(OCC#C)c2ccc(Cl)cc2)cc1OC,,1,,,,,train
Cc1cc(O)ccc1Cl,,1,,,,,test
CC1(COC(=O)C2CC2)C(OC(=O)C2CC2)CCC2(C)C1CC(O)C1(C)Oc3cc(-c4cccnc4)oc(=O)c3C(O)C21,,1,,,,,train
COP(=S)(OC)Oc1ccc([N+](=O)[O-])c(Cl)c1,,1,,,,,train
Cc1cc(OC(C)C)ccc1C(=O)C(C)(C)NC(=O)c1sccc1C,,1,,,,,train
CC1CN(C2CCCCCCCCCCC2)CC(C)O1,,1,,,,,train
CCNc1nc(NC(C)(C)C)nc(SC)n1,,1,,,,,valid
NC1=C(Cl)C(=O)c2ccccc2C1=O,,1,,,,,train
CCOc1ccc2c(c1)C(C)=CC(C)(C)N2,,1,,,,,train
C=CC(C)(O)CCC=C(C)CCC=C(C)C,,1,,,,,train
CC(Cc1ccc(C(C)(C)C)cc1)CN1CC(C)OC(C)C1,,1,,,,,train
CC1CCCCN1CCCOC(=O)c1ccc(Cl)c(Cl)c1,,1,,,,,test
N#Cc1c[nH]cc1-c1cccc(Cl)c1Cl,,1,,,,,train
CCC(Oc1ccc(F)c(C(F)(F)F)c1)C(=O)NCc1ccccc1,,1,,,,,train
CCN(CC)c1c([N+](=O)[O-])cc(C(F)(F)F)c(N)c1[N+](=O)[O-],,1,,,,,train
O=c1oc2ccccc2c(O)c1C(CC(O)c1ccc(-c2ccc(Br)cc2)cc1)c1ccccc1,,1,,,,,train
CNC(=O)C(=NOC)c1ccccc1CON=C(C)C(=NOC)C(C)=NOC,,1,,,,,valid
O=C1c2ccccc2C(=O)N1SC(Cl)(Cl)Cl,,1,,,,,train
COC(=O)c1cc(Oc2ccc(Cl)cc2Cl)ccc1[N+](=O)[O-],,1,,,,,train
CCOC(=O)NCCOc1ccc(Oc2ccccc2)cc1,,1,,,,,train
CCOC(=O)Nc1cccc(OC(=O)Nc2ccccc2)c1,,1,,,,,train
CCCCCCCCCC(C)=O,,1,,,,,test
O=C(Nc1ccc(F)cc1)c1cccc(Oc2cccc(C(F)(F)F)c2)n1,,1,,,,,train
O=C1c2ccccc2C(=O)C1C(=O)C(c1ccccc1)c1ccc(Cl)cc1,,1,,,,,train
Cc1cc(Cl)ccc1OCC(=O)OCCCCCC(C)C,,1,,,,,train
N#Cc1ccc(CC(=NNC(=O)Nc2ccc(OC(F)(F)F)cc2)c2cccc(C(F)(F)F)c2)cc1,,1,,,,,train
CC(C)c1ccc(NC(=O)N(C)C)cc1,,1,,,,,valid
CCC(CC)Nc1c([N+](=O)[O-])cc(C)c(C)c1[N+](=O)[O-],,1,,,,,train
N#Cc1nn(-c2c(Cl)cc(C(F)(F)F)cc2Cl)c(N)c1S(=O)C(F)(F)F,,1,,,,,train
N#Cc1c(Cl)c(Cl)c(Cl)c(C#N)c1Cl,,1,,,,,train
Fc1ccc(Oc2ccnc3cc(Cl)cc(Cl)c23)cc1,,1,,,,,train
CCCCOC(=O)c1ccccc1C(=O)OCC(CC)CCCC,,1,,,,,test
ClC1(Cl)C2(Cl)C3(Cl)C4(Cl)C(Cl)(Cl)C5(Cl)C3(Cl)C1(Cl)C5(Cl)C24Cl,,1,,,,,train
CCOC(=O)CSc1nc(C(C)(C)C)nn1C(=O)N(C)C,,1,,,,,train
CC(C)=CC1C(C(=O)OCN2C(=O)C3=C(CCCC3)C2=O)C1(C)C,,1,,,,,train
CCC(C)(C)C(=O)OC1=C(c2ccc(Cl)cc2Cl)C(=O)OC12CCCCC2,,1,,,,,train
CCCCCCCC(=O)Oc1c(Br)cc(C#N)cc1Br,,1,,,,,valid
c1cc2ccc3cccc4ccc(c1)c2c34,,1,,,,,train
CC(C)OC(=O)c1cc(-c2nn(C)c(C(F)(F)F)c2Br)c(F)cc1Cl,,1,,,,,train
CSC(C)=NOC(=O)N(C)SN(C)C(=O)ON=C(C)SC,,1,,,,,train
CCOP(=S)(OCC)SCCSCC,,1,,,,,train
COC(=O)N(OC)c1ccccc1COc1ccn(-c2ccc(Cl)cc2)n1,,1,,,,,test
CCCCCCCCCCc1ccc(N)cc1,,1,,,,,train
Clc1ccc(C(c2ccc(Cl)cc2)C(Cl)Cl)cc1,,1,,,,,train
COP(=S)(OC)Oc1ccc(SC)c(C)c1,,1,,,,,train
CC(C)(C)c1ccc(CCOc2ncnc3ccccc23)cc1,,1,,,,,train
CCCCCCCCCCCCCCCN,,1,,,,,valid
C=C(C)C1Cc2c(ccc3c2OC2COc4cc(OC)c(OC)cc4C2C3=O)O1,,1,,,,,train
O=c1c(C2CC(c3ccc(-c4ccc(Br)cc4)cc3)Cc3ccccc32)c(O)sc2ccccc12,,1,,,,,train
O=C(NC(=O)c1c(F)cccc1F)Nc1cc(Cl)c(F)c(Cl)c1F,,1,,,,,train
COP(=S)(OC)SCn1nnc2ccccc2c1=O,,1,,,,,train
CCCSP(=S)(OCC)Oc1ccc(SC)cc1,,1,,,,,test
CCOP(=S)(OCC)SCn1c(=O)oc2cc(Cl)ccc21,,1,,,,,train
CC1(C)C(C=C(Cl)Cl)C1C(=O)OCc1cccc(Oc2ccccc2)c1,,1,,,,,train
CC1(C)C(C=C(Br)Br)C1C(=O)OC(C#N)c1cccc(Oc2ccccc2)c1,,1,,,,,train
COC(=O)C=C(C)OP(=O)(OC)OC,,1,,,,,train
CCOP(=S)(OCC)Oc1ccc2c(C)c(Cl)c(=O)oc2c1,,1,,,,,valid
O=C(NC(=O)c1c(F)cccc1F)Nc1cc(Cl)c(OC(F)(F)C(F)F)c(Cl)c1,,1,,,,,train
O=C(NC(=O)c1c(F)cccc1F)Nc1ccc(Oc2ccc(C(F)(F)F)cc2Cl)cc1F,,1,,,,,train
CCO,,0,,,,,train
CCCCO,,0,,,,,train
O=C(O)c1cccc(O)c1,,0,,,,,test
O=c1[nH]c(=O)[nH]c(=O)[nH]1,,0,,,,,train
COc1ccc(C(=O)O)cc1,,0,,,,,train
C=CC(=O)OCCN(C)C,,1,,,,,train
CCCOC(=O)C(C)O,,0,,,,,train
COc1nc(C)nc(N(C)C(=O)NS(=O)(=O)c2ccccc2C(=O)O)n1,,0,,,,,valid
OCC(Br)CBr,,0,,,,,train
O=C(O)Cc1cccc2ccccc12,,0,,,,,train
COc1cc(OC)nc(NC(=O)NS(=O)(=O)c2c(-c3nnn(C)n3)cnn2C)n1,,0,,,,,train
CCC(N)P(=O)(O)O,,1,,,,,train
CCON=C(CC)C1=C(O)CC(c2c(C)cc(C)cc2C)CC1=O,,0,,,,,test
CCNc1nc(Cl)nc(NC(C)C)n1,,1,,,,,train
CC(C)C1(C)N=C(c2ncccc2C(=O)O)NC1=O,,0,,,,,train
CC(=O)c1ccccc1O,,1,,,,,train
O=[N+]([O-])N=C1NCCN1Cc1ccc(Cl)nc1,,1,,,,,train
COC(=O)c1ccccc1S(=O)(=O)NC(=O)Nc1nc(C)nc(OC)n1,,0,,,,,valid
CCC(=NOCC=CCl)C1=C(O)CC(C2CCOCC2)CC1=O,,1,,,,,train
Cc1cc(=O)[nH]o1,,1,,,,,train
COC(=O)c1csc(C)c1S(=O)(=O)NC(=O)n1nc(OC)n(C)c1=O,,1,,,,,train
COC(=O)c1c(Cl)nn(C)c1S(=O)(=O)NC(=O)Nc1nc(OC)cc(OC)n1,,0,,,,,train
CCCCc1c(C)nc(NCC)[nH]c1=O,,1,,,,,test
COc1cc(OC)n2nc(NS(=O)(=O)c3c(C(F)(F)F)ccnc3OC)nc2n1,,1,,,,,train
COc1cc(OC)nc(NC(=O)NS(=O)(=O)c2cc(NC=O)ccc2C(=O)N(C)C)n1,,1,,,,,train
O=C1C(N(CO)C(=O)NCO)N(CO)C(=O)N1CO,,1,,,,,train
COc1cc(Cl)nnc1-c1ccccc1,,1,,,,,train
Cc1cccc2sc3nncn3c12,,1,,,,,valid
CC(C)(C)C(O)C(Oc1ccc(Cl)cc1)n1cncn1,,1,,,,,train
Cc1nn(-c2cc(NS(C)(=O)=O)c(Cl)cc2Cl)c(=O)n1C(F)F,,1,,,,,train
Cc1ccc(NS(=O)(=O)N(C)C)cc1,,1,,,,,train
CCNC(=O)NC(=O)C(C#N)=NOC,,1,,,,,train
COCCOCc1nc(C(F)(F)F)ccc1C(O)=C1C(=O)C2CCC(C2)C1=O,,1,,,,,test
O=C(O)CCCOc1ccc(Cl)cc1Cl,,1,,,,,train
CNC(=O)Oc1cc(C)c(C)c(C)c1,,1,,,,,train
CCOCCN(C(=O)CCl)C(=C(C)C)c1ccccc1,,1,,,,,train
Nc1ncn[nH]1,,1,,,,,train
CC1CCCCC1NC(=O)Nc1ccccc1,,1,,,,,valid
CCOCCOCCOC(=O)Nc1nc2ccccc2[nH]1,,1,,,,,train
CCOC1Oc2ccc(OS(C)(=O)=O)cc2C1(C)C,,1,,,,,train
CNC1=C(c2cccc(C(F)(F)F)c2)C(=O)C(c2ccccc2)O1,,1,,,,,train
CC(C)(C)C(O)C(=Cc1ccc(Cl)cc1)n1cncn1,,1,,,,,train
O=C(CBr)c1ccc(O)cc1,,1,,,,,test
COc1cc(Cl)c(OC)cc1Cl,,1,,,,,train
CN(C)C(=O)Nc1ccc(Cl)c(Cl)c1,,1,,,,,train
O=C1C2CC=CCC2C(=O)N1SC(Cl)(Cl)Cl,,1,,,,,train
CC(C)(C)C(O)C(=Cc1ccc(Cl)cc1Cl)n1cncn1,,1,,,,,train
Cn1cc(-c2ccccc2)c(=O)c(-c2cccc(C(F)(F)F)c2)c1,,1,,,,,valid
CCOC(=O)C(C)OC(=O)c1cc(Oc2ccc(C(F)(F)F)cc2Cl)ccc1[N+](=O)[O-],,1,,,,,train
C#CCN1C(=O)COc2cc(F)c(N3C(=O)C4=C(CCCC4)C3=O)cc21,,1,,,,,train
COC(=O)NC(=S)Nc1ccccc1NC(=S)NC(=O)OC,,1,,,,,train
Oc1ccccc1-c1ccccc1,,1,,,,,train
COC(=O)c1c(Cl)c(Cl)c(C(=O)OC)c(Cl)c1Cl,,1,,,,,test
C=CC1(C)OC(=O)N(c2cc(Cl)cc(Cl)c2)C1=O,,1,,,,,train
C=CCOC(Cn1ccnc1)c1ccc(Cl)cc1Cl,,1,,,,,train
CCC(=O)Nc1ccc(Cl)c(Cl)c1,,1,,,,,train
CN(C)C(=O)Nc1ccc(Oc2ccc(Cl)cc2)cc1,,1,,,,,train
O=C1C2CC=CCC2C(=O)N1SC(Cl)(Cl)C(Cl)Cl,,1,,,,,valid
CC(C)(C)C(O)(CCc1ccc(Cl)cc1)Cn1cncn1,,1,,,,,train
FC(F)C(F)(F)OCC(Cn1cncn1)c1ccc(Cl)cc1Cl,,1,,,,,train
CCOC(=O)COc1cc(-n2ncc(C(F)(F)F)c(C)c2=O)c(F)cc1Cl,,1,,,,,train
CCCCCCCCC=CCCCOC(C)=O,,1,,,,,train
COC(=O)CSc1cc(N=c2sc(=O)n3n2CCCC3)c(F)cc1Cl,,1,,,,,test
CCNc1nc(Cl)nc(NCC)n1,,1,,,,,train
CC(C)C1CCC(Cc2ccc(Cl)cc2)C1(O)Cn1cncn1,,1,,,,,train
Nc1c([N+](=O)[O-])ccc(Oc2ccccc2)c1Cl,,1,,,,,train
COc1cc(C)c(C(=O)c2c(OC)ncc(Cl)c2C)c(OC)c1OC,,1,,,,,train
OC(Cc1ccccc1Cl)(Cn1[nH]cnc1=S)C1(Cl)CC1,,1,,,,,valid
CCCCC=CCCCCCCCCCC=O,,1,,,,,train
Oc1ccc(Cl)cc1Cc1ccccc1,,1,,,,,train
CCSC(=O)COc1ccc(Cl)cc1C,,1,,,,,train
CNC(=O)ON=CC(C)(C)SC,,1,,,,,train
CC(C)=NOCCOC(=O)C(C)Oc1ccc(Oc2cnc3cc(Cl)ccc3n2)cc1,,1,,,,,test
CC1COC(Cn2cncn2)(c2ccc(Oc3ccc(Cl)cc3)cc2Cl)O1,,1,,,,,train
CCCSP(=O)(OCC)N1CCN(CC)C1=NC#N,,1,,,,,train
CCCCOC(=O)C(C)Oc1ccc(Oc2ccc(C(F)(F)F)cn2)cc1,,1,,,,,train
CC(C)OP(=S)(OC(C)C)SCCNS(=O)(=O)c1ccccc1,,1,,,,,train
Oc1cc(Cl)ccc1Oc1ccc(Cl)cc1Cl,,1,,,,,valid
CNC(=O)ON=CC(C)(C)S(C)(=O)=O,,1,,,,,train
O=S1OCC2C(CO1)C1(Cl)C(Cl)=C(Cl)C2(Cl)C1(Cl)Cl,,1,,,,,train
O=C(CBr)OCc1ccccc1,,1,,,,,train
CCCCCCCCn1sccc1=O,,1,,,,,train
O=[N+]([O-])c1c(Cl)c(Cl)cc(Cl)c1Cl,,1,,,,,test
Clc1cc(Cl)cc(C2(CC(Cl)(Cl)Cl)CO2)c1,,1,,,,,train
COC=C(C(=O)OC)c1ccccc1Oc1cc(Oc2ccccc2C#N)ncn1,,1,,,,,train
Cc1ccc2nc3sc(=O)sc3nc2c1,,1,,,,,train
O=C(CBr)OCC=CCOC(=O)CBr,,1,,,,,train
CCCCCCCCCCCCN=C(N)N,,1,,,,,valid
CCSCCSP(=S)(OC)OC,,1,,,,,train
OCc1cccc(Oc2ccccc2)c1,,1,,,,,train
ClC1=C(Cl)C2(Cl)C3C4CC(C5OC45)C3C1(Cl)C2(Cl)Cl,,1,,,,,train
C=C(C)CN(CC)c1c([N+](=O)[O-])cc(C(F)(F)F)cc1[N+](=O)[O-],,1,,,,,train
COCCOC(=O)C(C#N)(C(=O)c1ccccc1C(F)(F)F)c1ccc(C(C)(C)C)cc1,,1,,,,,test
CC(C)C1C2CCC1c1c(NC(=O)c3cn(C)nc3C(F)F)cccc12,,1,,,,,train
O=C1C(Cl)=C(Cl)C(=O)c2ccccc21,,1,,,,,train
CCCCCCCCc1ccc(N)cc1,,1,,,,,train
CCCCCCC(=O)Oc1c(Br)cc(C#N)cc1Br,,1,,,,,train
CCNP(=S)(OC)OC(C)=CC(=O)OC(C)C,,1,,,,,valid
CNC(=O)ON=C(C)SC,,1,,,,,train
CNC(=O)Oc1cc(C)c(SC)c(C)c1,,1,,,,,train
COP(=S)(OC)Oc1ccc([N+](=O)[O-])cc1,,1,,,,,train
CNC(=O)c1cc(Cl)cc(C)c1NC(=O)c1cc(Br)nn1-c1ncccc1Cl,,1,,,,,train
Clc1cc(Cl)c(Cl)c(Cl)c1Cl,,1,,,,,test
CCOP(=S)(OCC)SCSCC,,1,,,,,train
CCOP(=S)(NC(C)C)Oc1ccccc1C(=O)OC(C)C,,1,,,,,train
CC=CC(=O)Oc1c(C(C)CCCCCC)cc([N+](=O)[O-])cc1[N+](=O)[O-],,1,,,,,train
CNC(=O)Oc1cc(C)c(N(C)C)c(C)c1,,1,,,,,train
CCOC(=O)C(SP(=S)(OC)OC)c1ccccc1,,1,,,,,valid
O=C(NC(=O)c1ccccc1Cl)Nc1ccc(OC(F)(F)F)cc1,,1,,,,,train
CCOP(=S)(OCC)SCSc1cc(Cl)ccc1Cl,,1,,,,,train
CC(C)(C)c1ccc(CSc2cnn(C(C)(C)C)c(=O)c2Cl)cc1,,1,,,,,train
O=C(NC(=O)c1c(F)cccc1F)Nc1cc(Cl)c(OC(F)(F)C(F)C(F)(F)F)cc1Cl,,1,,,,,train
CC1(C)C(C(=O)OC(C#N)c2cccc(Oc3ccccc3)c2)C1(C)C,,1,,,,,test
CCOP(=S)(OCC)SCSC(C)(C)C,,1,,,,,train
OCC(CO)(CO)CO,,0,,,,,train
CCOC(=O)C(C)O,,0,,,,,train
O=C(O)c1ccc(O)c(O)c1,,0,,,,,train
O=C(O)c1ccc(O)cc1,,0,,,,,valid
O=C(O)c1ccc(O)cc1O,,0,,,,,train
O=C1N(CO)C2C(N1CO)N(CO)C(=O)N2CO,,0,,,,,train
CON=C(C)c1cccc(Oc2nc(OC)cc(OC)n2)c1C(=O)OC,,1,,,,,train
CC1=C(C)S(=O)(=O)CCS1(=O)=O,,1,,,,,train
Cc1cc(C)nc(Nc2ccccc2)n1,,1,,,,,test
CCN(CC)C(=O)SCc1ccc(Cl)cc1,,1,,,,,train
CN(C)S(=O)(=O)N(SC(F)(Cl)Cl)c1ccccc1,,1,,,,,train
CC(O)(c1ccc(Cl)cc1)c1ccc(Cl)cc1,,1,,,,,train
CCCCCCCCCCCCN1CCCC1=O,,1,,,,,train
O=[N+]([O-])c1cc(C(F)(F)F)c(Cl)c([N+](=O)[O-])c1Nc1ncc(C(F)(F)F)cc1Cl,,1,,,,,valid
CCOP(=S)(OCC)SCCS(=O)CC,,1,,,,,train
CCCSP(=S)(OCC)Oc1ccc(Cl)cc1Cl,,1,,,,,train
Clc1cc(Cl)c(Cl)c(Cl)c1,,1,,,,,train
CCOC(=O)CCN(SN(C)C(=O)Oc1cccc2c1OC(C)(C)C2)C(C)C,,1,,,,,train
CC1(C)C(C=C(Cl)Cl)C1C(=O)OCc1c(F)c(F)cc(F)c1F,,1,,,,,test
CCOP(=O)(SC(C)CC)SC(C)CC,,1,,,,,train
CCOP(=S)(Oc1ccc([N+](=O)[O-])cc1)c1ccccc1,,1,,,,,train
COP(=S)(OC)Oc1ccc(Sc2ccc(OP(=S)(OC)OC)cc2)cc1,,1,,,,,train
C1COCO1,,0,,,,,train
CC(C)(C)O,,0,,,,,valid
CCCCCl,,0,,,,,train
COc1cc(C(=O)O)cc(OC)c1OC,,0,,,,,train
CCCCOCCO,,0,,,,,train
CCCCOCCOC,,0,,,,,train
OCCCl,,0,,,,,test
CP(=O)(O)CCC(N)C(=O)O,,0,,,,,train
CCCCOC(=O)C(C)O,,0,,,,,train
CCOC(=O)c1cnn(C)c1S(=O)(=O)NC(=O)Nc1nc(OC)cc(OC)n1,,0,,,,,train
Cc1cc(Cl)ccc1OCC(=O)O,,0,,,,,train
Cc1ccn2nc(S(=O)(=O)Nc3c(F)cccc3F)nc2n1,,0,,,,,valid
COCCOc1cccc2c1c(=O)c(C(=O)O)nn2-c1ccc(Cl)cc1,,0,,,,,train
O=C(Nc1nc(OC(F)F)cc(OC(F)F)n1)NS(=O)(=O)c1ccccc1C(=O)O,,0,,,,,train
CCOC(=O)C1CC(=O)C(=C(O)C2CC2)C(=O)C1,,0,,,,,train
CN(C)NC(=O)CCC(=O)O,,1,,,,,train
CCC(C)OC(=O)N1CCCCC1CCO,,0,,,,,test
CC(C)N1C(=O)c2ccccc2NS1(=O)=O,,0,,,,,train
O=C(O)c1ccccc1C(=O)Nc1cccc2ccccc12,,0,,,,,train
CCN(CC)C(=O)c1cccc(C)c1,,1,,,,,train
CCCCC(CC)COC1OC(CO)C(O)C(O)C1O,,0,,,,,train
CC(=O)Nc1cc(NS(=O)(=O)C(F)(F)F)c(C)cc1C,,1,,,,,valid
CCC12COCN1COC2,,1,,,,,train
COCc1cccc(C(O)c2nc(OC)cc(OC)n2)c1NS(=O)(=O)C(F)F,,0,,,,,train
Cc1c(C(=O)c2c[nH]n(C)c2=O)ccc(S(C)(=O)=O)c1C1=NOCC1,,0,,,,,train
COc1cc(OC)nc(NC(=O)NS(=O)(=O)c2ncccc2C(F)(F)F)n1,,0,,,,,train
COC(=O)NS(=O)(=O)c1ccc(N)cc1,,1,,,,,test
COc1cc(OC)n2nc(S(=O)(=O)Nc3c(Cl)ccc(C)c3Cl)nc2n1,,0,,,,,train
CCNc1nc(NCC)nc(SC)n1,,1,,,,,train
CC(=NC#N)N(C)Cc1ccc(Cl)nc1,,1,,,,,train
O=Cc1ccco1,,1,,,,,train
CCS(=O)(=O)c1nc2ccccn2c1S(=O)(=O)NC(=O)Nc1nc(OC)cc(OC)n1,,1,,,,,valid
CCNc1nc(Cl)nc(NC(C)(C)C#N)n1,,1,,,,,train
Cc1cccc(C)c1N(C(=O)CCl)C1CCOC1=O,,1,,,,,train
CON(C)C(=O)Nc1ccc(Cl)cc1,,1,,,,,train
COc1nc(OC)nc(C(=O)c2cccc(F)c2N(C)S(=O)(=O)C(F)F)n1,,1,,,,,train
COC(=O)c1ccccc1N,,1,,,,,test
CCSC(=O)N(CC)C1CCCCC1,,1,,,,,train
COc1cc(OC)nc(NC(=O)NS(=O)(=O)N(C)S(C)(=O)=O)n1,,1,,,,,train
CC(C)N(C(=O)COc1nnc(C(F)(F)F)s1)c1ccc(F)cc1,,1,,,,,train
CCSC(=O)N1CCCCCC1,,1,,,,,train
N#CN,,1,,,,,valid
CCCOC(=O)c1ccc(C(=O)OCCC)nc1,,1,,,,,train
CC1(C)CON(Cc2ccccc2Cl)C1=O,,1,,,,,train
CCN(CC)C(=O)C(C)Oc1cccc2ccccc12,,1,,,,,train
O=C(O)C1(C(=O)Nc2ccc(Cl)cc2Cl)CC1,,1,,,,,train
O=C(Nc1ccccc1)Nc1cnns1,,1,,,,,test
CCc1cccc(CC)c1N(COC)C(=O)CCl,,1,,,,,train
COC(=O)c1ccccc1S(=O)(=O)NC(=O)Nc1nc(C)cc(C)n1,,1,,,,,train
O=C(Nc1ccccc1)Nc1ccnc(Cl)c1,,1,,,,,train
Cc1nnc(-c2ccccc2)c(=O)n1N,,1,,,,,train
CC(C)OC(=O)NC(C(=O)NC(C)c1nc2ccc(F)cc2s1)C(C)C,,1,,,,,valid
CCOC(=O)c1ccccc1S(=O)(=O)NC(=O)Nc1nc(Cl)cc(OC)n1,,1,,,,,train
Oc1ccc(Cl)cc1Cc1cc(Cl)ccc1O,,1,,,,,train
CSc1nc(NC2CC2)nc(NC(C)(C)C)n1,,1,,,,,train
CCCN(CC)CC1COC2(CCC(C(C)(C)C)CC2)O1,,1,,,,,train
Cc1ccccc1C(=O)Nc1cccc(OC(C)C)c1,,1,,,,,test
Cn1cc(C(=O)Nc2ccccc2-c2cc(F)c(F)c(F)c2)c(C(F)F)n1,,1,,,,,train
C=CCSC(=O)n1c(N)c(-c2ccccc2C)c(=O)n1C(C)C,,1,,,,,train
COC(=O)c1c(C(F)F)nc(C(F)(F)F)c(C2=NCCS2)c1CC(C)C,,1,,,,,train
O=c1c2cc(F)ccc2nc(-n2cncn2)n1-c1ccc(Cl)cc1Cl,,1,,,,,train
CCOc1nc(C(Cl)(Cl)Cl)ns1,,1,,,,,valid
CCCN(CCOc1c(Cl)cc(Cl)cc1Cl)C(=O)n1ccnc1,,1,,,,,train
CCc1ccc(C(=O)NN(C(=O)c2cc(C)cc(C)c2)C(C)(C)C)cc1,,1,,,,,train
CC(C)OC(=O)COc1ccc(Cl)cc1Cl,,1,,,,,train
CC(C)(C)N(NC(=O)c1ccc(Cl)cc1)C(=O)c1ccccc1,,1,,,,,train
CNC(=O)CSP(=S)(OC)OC,,1,,,,,test
CCCCOCN(C(=O)CCl)c1c(CC)cccc1CC,,1,,,,,train
N#CC(CCc1ccc(Cl)cc1)(Cn1cncn1)c1ccccc1,,1,,,,,train
Cc1ccsc1C1=NOC(C)(COCc2c(F)cccc2F)C1,,1,,,,,train
Cn1sc2ccccc2c1=O,,1,,,,,train
COc1ccc(C(c2ccc(OC)cc2)C(Cl)(Cl)Cl)cc1,,1,,,,,valid
O=C(NCc1ncc(C(F)(F)F)cc1Cl)c1c(Cl)cccc1Cl,,1,,,,,train
c1ccc2[nH]c(-c3cscn3)nc2c1,,1,,,,,train
CC(C)CC(C)c1sccc1NC(=O)c1cn(C)nc1C(F)(F)F,,1,,,,,train
O=c1n(Cl)c(=O)n(Cl)c(=O)n1Cl,,1,,,,,train
CC#Cc1cc(C)nc(Nc2ccccc2)n1,,1,,,,,test
COc1ccccc1N1CCSC1=C(C#N)Sc1cc(C(F)(F)F)ccc1F,,1,,,,,train
CCCN(CCC)C(=O)SCc1ccccc1,,1,,,,,train
CC(Cc1ccc(C(C)(C)C)cc1)CN1CCCCC1,,1,,,,,train
CCC1OCC(COc2ccc(Oc3ccccc3)cc2)O1,,1,,,,,train
CCCN(CCCl)c1c([N+](=O)[O-])cc(C(F)(F)F)cc1[N+](=O)[O-],,1,,,,,valid
CC(C)N1C(=O)N(c2ccccc2)CSC1=NC(C)(C)C,,1,,,,,train
O=c1oc2ccccc2c(O)c1C1CC(c2ccc(-c3ccccc3)cc2)Cc2ccccc21,,1,,,,,train
COC(=O)N(C(=O)N1COC2(C(=O)OC)Cc3cc(Cl)ccc3C2=N1)c1ccc(OC(F)(F)F)cc1,,1,,,,,train
O=[N+]([O-])C(Cl)(Cl)Cl,,1,,,,,train
N#Cc1sc2c(=O)c3ccccc3c(=O)c=2sc1C#N,,1,,,,,test
CCC1OC2(CCC1C)CC1CC(CC=C(C)CC(C)C=CC=C3COC4C(O)C(C)=CC(C(=O)O1)C34O)O2,,1,,,,,train
O=[N+]([O-])c1ccc(NS(=O)(=O)c2ccc(Cl)c(C(F)(F)F)c2)c(Cl)c1,,1,,,,,train
O=C(Nc1ccc(F)cc1F)c1cccnc1Oc1cccc(C(F)(F)F)c1,,1,,,,,train
CON=C(C(=O)OC)c1ccccc1COc1ccccc1C,,1,,,,,train
COP(=S)(OC)Oc1ccc(C#N)cc1,,1,,,,,valid
C#CCOC(=O)C=C(C)C=CCC(C)CCCC(C)C,,1,,,,,train
CCCCCCCCCCCCN(CCCN)CCCN,,1,,,,,train
C#CCN1CC(=O)N(COC(=O)C2C(C=C(C)C)C2(C)C)C1=O,,1,,,,,train
O=C(CCCc1c[nH]c2ccccc12)Sc1ccccc1,,1,,,,,train
CC(C)CCCCCCOC(=O)c1ccccc1C(=O)OCCCCCCC(C)C,,1,,,,,test
CNC(=O)C(=NOC)c1ccccc1COc1cc(C)ccc1C,,1,,,,,train
N#CSCSc1nc2ccccc2s1,,1,,,,,train
CCCCCCCCCCCCCN,,1,,,,,train
CCCCCCCCCCCCCCN,,1,,,,,train
COP(=O)(OC)OC(C)=CC(=O)N(C)C,,1,,,,,valid
C=C1C(CCl)(CCl)C2(Cl)C(Cl)C(Cl)C1(Cl)C2(Cl)Cl,,1,,,,,train
COP(=S)(OC)Oc1ccc([N+](=O)[O-])c(C)c1,,1,,,,,train
COc1nn(CSP(=S)(OC)OC)c(=O)s1,,1,,,,,train
CC(C)C(Nc1ccc(C(F)(F)F)cc1Cl)C(=O)OC(C#N)c1cccc(Oc2ccccc2)c1,,1,,,,,train
Clc1ccc(C(c2ccc(Cl)cc2)C(Cl)(Cl)Cl)cc1,,1,,,,,test
CC=CC1C(C(=O)OCc2c(F)c(F)c(COC)c(F)c2F)C1(C)C,,1,,,,,train
CCOP(=S)(CC)Sc1ccccc1,,1,,,,,train
CCOP(=S)(OCC)Oc1ccc([N+](=O)[O-])cc1,,1,,,,,train
COP(=S)(OC)SCN1C(=O)c2ccccc2C1=O,,1,,,,,train
CCOP(=S)(OCC)Oc1ccc(Cl)cc1Cl,,1,,,,,valid
CCOP(=S)(OCC)Oc1ccc(=O)n(-c2ccccc2)n1,,1,,,,,train
CCCOP(=S)(OCCC)OP(=S)(OCCC)OCCC,,1,,,,,train
CC(C)=CC1C(C(=O)OC(C#N)c2cccc(Oc3ccccc3)c2)C1(C)C,,1,,,,,train
CCOP(=S)(OCC)SC1OCCOC1SP(=S)(OCC)OCC,,1,,,,,train
CCOP(=O)(OCC)OC(=CCl)c1ccc(Cl)cc1Cl,,1,,,,,test
CC1(C)C(C=C(Cl)Cl)C1C(=O)OC(C#N)c1ccc(F)c(Oc2ccccc2)c1,,1,,,,,train
C=CC=CCC1=C(C)C(OC(=O)C2C(C=C(C)C(=O)OC)C2(C)C)CC1=O,,1,,,,,train
c1ccc2c(c1)Nc1ccccc1S2,,1,,,,,train
CNC(=O)Oc1cccc2ccccc12,,1,,,,,train
NC(=NN=Cc1ccc(Cl)cc1)NN=Cc1ccc(Cl)cc1,,1,,,,,valid
CCOP(=S)(OCC)Oc1cc(-c2ccccc2)on1,,1,,,,,train
CCOP(=S)(OCC)SCSc1ccc(Cl)cc1,,1,,,,,train
Cc1c(C(N)=O)cc([N+](=O)[O-])cc1[N+](=O)[O-],,0,,,,,train
ClC1=C(Cl)C2(Cl)C3C4OC4C(Cl)C3C1(Cl)C2(Cl)Cl,,1,,,,,train
CN(C)C(=S)SSC(=S)N(C)C,,1,,,,,test
Cc1cc(Cl)c(Cl)cc1Cl,,1,,,,,train
Clc1ccc(Cl)c(Cl)c1,,1,,,,,train
Clc1cccc(Cl)c1Cl,,1,,,,,train
Cc1cc(Cl)ccc1Cl,,1,,,,,train
Clc1ccc(Br)cc1,,1,,,,,valid
Brc1ccc(Br)cc1,,1,,,,,train
Brc1cccc(Br)c1,,1,,,,,train
Clc1cccc(Cl)c1,,1,,,,,train
Clc1ccccc1Cl,,1,,,,,train
Cc1ccc(Cl)cc1,,1,,,,,test
Brc1ccccc1,,1,,,,,train
Clc1ccccc1,,1,,,,,train
Cc1ccc(C)cc1,,1,,,,,train
Cc1cccc(C)c1,,1,,,,,train
Cc1ccccc1C,,1,,,,,valid
Cc1ccccc1,,1,,,,,train
c1ccccc1,,1,,,,,train
ClC(Cl)=C(Cl)Cl,,1,,,,,train
ClC(Cl)(Cl)C(Cl)(Cl)Cl,,1,,,,,train
ClC(Cl)C(Cl)Cl,,1,,,,,test
ClC(Cl)Cl,,1,,,,,train
ClC(Cl)(Cl)Cl,,1,,,,,train
CC[N+](CC)(CC)Cc1ccccc1,,1,,,,,train
CCCCCCCCCCCCCCCC[N+](C)(C)C,,1,,,,,train
CN(C)N,,1,,,,,valid
CC1=CC(=O)c2ccccc2C1=O,,1,,,,,train
Oc1c(Cl)cc(Cl)c(Cl)c1Cl,,1,,,,,train
Nc1ccc(N=Nc2ccccc2)cc1,,1,,,,,train
OCCS,,1,,,,,train
CNN,,1,,,,,test
Nc1ccccc1,,1,,,,,train
Nc1ccc(S(N)(=O)=O)cc1,,1,,,,,train
C[N+](C)(C)CCO,,0,,,,,train
O=C(O)CS,,1,,,,,train
CC=O,,1,,,,,valid
CCSSCC,,1,,,,,train
CSC,,1,,,,,train
CC(C)Br,,1,,,,,train
ClC(Cl)Br,,1,,,,,train
CC(Cl)Cl,,1,,,,,test
C=C(Cl)Cl,,1,,,,,train
CN(C)C,,1,,,,,train
CC(C)(C)OO,,1,,,,,train
CC(C)(C)C(=O)O,,1,,,,,train
FC(F)(Cl)C(F)(Cl)Cl,,1,,,,,valid
ClC1=C(Cl)C(Cl)(Cl)C(Cl)=C1Cl,,1,,,,,train
CCCCOCCOP(=O)(OCCOCCCC)OCCOCCCC,,1,,,,,train
CC1=CC(=O)CC(C)(C)C1,,0,,,,,train
C=CC(=C)C,,1,,,,,train
CC(Cl)CCl,,1,,,,,test
ClC=C(Cl)Cl,,1,,,,,train
C=CC(=O)O,,1,,,,,train
O=C(O)CO,,1,,,,,train
NNC(N)=S,,1,,,,,train
CC(C)(c1cc(Br)c(O)c(Br)c1)c1cc(Br)c(O)c(Br)c1,,1,,,,,valid
CC(C)(C1CCC(O)CC1)C1CCC(O)CC1,,1,,,,,train
CC(C)(c1ccc(O)cc1)c1ccc(O)cc1,,1,,,,,train
O=S(=O)(c1ccc(O)cc1)c1ccc(O)cc1,,1,,,,,train
CC(C)(OOC(C)(C)c1ccccc1)c1ccccc1,,1,,,,,train
NNS(=O)(=O)c1ccc(Oc2ccc(S(=O)(=O)NN)cc2)cc1,,1,,,,,test
C=C(C)C(=O)OC,,1,,,,,train
c1cc2c3c(cccc3c1)CC2,,1,,,,,train
c1ccc(-c2ccccc2-c2ccccc2)cc1,,1,,,,,train
CC(C)COC(=O)c1ccccc1C(=O)OCC(C)C,,1,,,,,train
CCCCOC(=O)c1ccccc1C(=O)OCCCC,,1,,,,,valid
c1ccc2c(c1)ccc1ccccc12,,1,,,,,train
O=C1NC(=O)c2ccccc21,,1,,,,,train
O=C1OC(=O)c2ccccc21,,1,,,,,train
O=NN(c1ccccc1)c1ccccc1,,1,,,,,train
c1ccc2c(c1)Cc1ccccc1-2,,1,,,,,test
Cc1cccc(N)c1C,,1,,,,,train
Cc1cccc(C)c1N,,1,,,,,train
Cc1cc(C)c(N)c(C)c1,,1,,,,,train
CCC(CC)C(=O)O,,1,,,,,train
CC(C)(C)c1ccccc1O,,1,,,,,valid
Cc1ccccc1S(N)(=O)=O,,0,,,,,train
Cc1ccc(C(C)(C)C)c(O)c1,,1,,,,,train
Nc1ccccc1[N+](=O)[O-],,1,,,,,train
O=[N+]([O-])c1ccccc1O,,1,,,,,train
CCC(C)c1cc([N+](=O)[O-])cc([N+](=O)[O-])c1O,,1,,,,,test
O=C1NC(=O)c2cc([N+](=O)[O-])ccc21,,1,,,,,train
Nc1ccc(Cl)cc1[N+](=O)[O-],,1,,,,,train
O=[N+]([O-])c1cc(Cl)ccc1O,,1,,,,,train
CCC(C)c1ccccc1O,,1,,,,,train
Cc1ccc(C(C)C)c(O)c1,,1,,,,,valid
O=Cc1ccccc1O,,1,,,,,train
COc1ccccc1N,,1,,,,,train
COc1ccccc1O,,1,,,,,train
Cc1cccc2ccccc12,,1,,,,,train
Clc1cccc2ccccc12,,1,,,,,test
c1ccc(Nc2cccc3ccccc23)cc1,,1,,,,,train
O=Cc1cc(Cl)cc(Cl)c1O,,1,,,,,train
N#Cc1ccccc1C#N,,0,,,,,train
C1CCC2CCCCC2C1,,1,,,,,train
c1ccc2ncccc2c1,,1,,,,,valid
COc1ccccc1[N+](=O)[O-],,1,,,,,train
Cc1ccc2ccccc2c1,,1,,,,,train
Nc1ccc2ccccc2c1,,1,,,,,train
CCN(CC)c1ccccc1,,1,,,,,train
Nc1nc(N)nc(-c2ccccc2)n1,,1,,,,,test
Nc1ccc(-c2ccc(N)c(Cl)c2)cc1Cl,,1,,,,,train
c1ccc(-c2cccc(-c3ccccc3)c2)cc1,,1,,,,,train
c1ccc(-c2ccccc2)cc1,,1,,,,,train
Oc1ccc(-c2ccccc2)cc1,,1,,,,,train
O=C(O)c1cc2ccccc2cc1O,,1,,,,,valid
Oc1ccc(-c2ccc(O)cc2)cc1,,1,,,,,train
C=CCc1ccc(OC)c(OC)c1,,1,,,,,train
CC(=O)CC(=O)Nc1ccccc1C,,0,,,,,train
CCCCCCCCC=CCCCCCCCC(=O)N(CCO)CCO,,1,,,,,train
CCC(CC)C(=O)OCCOCCOCCOC(=O)C(CC)CC,,1,,,,,test
c1ccc2scnc2c1,,1,,,,,train
CC(C)(C)NSc1nc2ccccc2s1,,1,,,,,train
c1ccc2sc(SSN3CCOCC3)nc2c1,,1,,,,,train
c1ccc2sc(SNC3CCCCC3)nc2c1,,1,,,,,train
Cc1ccccc1Cl,,1,,,,,valid
Nc1ccccc1Cl,,1,,,,,train
Cc1ccccc1N,,1,,,,,train
Nc1ccccc1N,,1,,,,,train
Nc1ccccc1O,,1,,,,,train
Cc1ccc(N)cc1C,,1,,,,,test
Cc1cc(N)ccc1N,,1,,,,,train
Cc1ccc(Cl)c(Cl)c1,,1,,,,,train
Nc1ccc(Cl)c(Cl)c1,,1,,,,,train
Cc1ccc(C)c(N)c1,,1,,,,,train
Cc1ccc(N)cc1N,,1,,,,,valid
Cc1ccc(Cl)c(N)c1,,1,,,,,train
Nc1cc(Cl)ccc1Cl,,1,,,,,train
Cc1ccc(C)c(O)c1,,1,,,,,train
Oc1cc(Cl)c(Cl)cc1Cl,,1,,,,,train
c1ccc(C2CO2)cc1,,1,,,,,test
ClCC(Br)CBr,,1,,,,,train
OC(CCl)CCl,,0,,,,,train
CCC(C)=NO,,0,,,,,train
C=CC(=O)OC,,1,,,,,train
CC(C)(C)c1ccc(O)c(C(C)(C)C)c1,,1,,,,,valid
COc1ccc(N)c([N+](=O)[O-])c1,,1,,,,,train
O=[N+]([O-])c1ccc(Cl)c([N+](=O)[O-])c1,,1,,,,,train
Cc1ccccc1N=C(N)Nc1ccccc1C,,1,,,,,train
C=C(C)C(=O)OCCCC,,1,,,,,train
C[N+](C)(C)c1ccccc1,,1,,,,,test
O=[As](O)(O)c1ccccc1,,1,,,,,train
FC(F)(F)c1ccccc1,,1,,,,,train
Cc1ccc(C(C)(C)C)cc1,,1,,,,,train
Cc1ccc(S(=O)(=O)Cl)cc1,,1,,,,,train
C=C(Br)c1ccccc1,,1,,,,,valid
C=C(C)c1ccccc1,,1,,,,,train
ClC(Cl)c1ccccc1,,1,,,,,train
Cc1cccc(C(=O)O)c1,,1,,,,,train
Nc1cccc([N+](=O)[O-])c1,,1,,,,,train
O=[N+]([O-])c1ccc(Cl)c(Cl)c1,,1,,,,,test
O=[N+]([O-])c1cccc([N+](=O)[O-])c1,,1,,,,,train
CCC(C)c1ccc(O)cc1,,1,,,,,train
COC(=O)c1ccc(O)cc1,,1,,,,,train
CC1CCC(C(C)C)CC1,,1,,,,,train
Cc1ccc(C(C)C)cc1,,1,,,,,valid
CC(C)c1ccc(N)cc1,,1,,,,,train
Cc1ccc(C(=O)O)cc1,,1,,,,,train
Cc1ccc([N+](=O)[O-])cc1,,1,,,,,train
Nc1ccc([N+](=O)[O-])cc1,,1,,,,,train
O=[N+]([O-])c1ccc(CCl)cc1,,1,,,,,test
O=[N+]([O-])c1ccc([N+](=O)[O-])cc1,,1,,,,,train
C=CC1CC=CCC1,,1,,,,,train
C=Cc1ccncc1,,1,,,,,train
OCc1ccccc1,,0,,,,,train
N#Cc1cccnc1,,1,,,,,valid
OCc1cccnc1,,0,,,,,train
CNc1ccccc1,,1,,,,,train
NNc1ccccc1,,1,,,,,train
ON=C1CCCCC1,,1,,,,,train
C=Cc1ccccn1,,1,,,,,test
c1ccc(OP(Oc2ccccc2)Oc2ccccc2)cc1,,1,,,,,train
Nc1ccc(Cc2ccc(N)c(Cl)c2)cc1Cl,,1,,,,,train
O=C(Nc1ccc(Cl)cc1)Nc1ccc(Cl)c(Cl)c1,,1,,,,,train
Nc1ccc(Cc2ccc(N)cc2)cc1,,1,,,,,train
Nc1ccc(Oc2ccc(N)cc2)cc1,,1,,,,,valid
C1CCC(NC2CCCCC2)CC1,,1,,,,,train
c1ccc(Oc2ccccc2)cc1,,1,,,,,train
CCC(C)Nc1ccc(NC(C)CC)cc1,,1,,,,,train
NC(=Nc1ccccc1)Nc1ccccc1,,1,,,,,train
CC(=O)OCC(COC(C)=O)OC(C)=O,,0,,,,,test
c1ccc(COCc2ccccc2)cc1,,1,,,,,train
CCNc1ccccc1,,1,,,,,train
CN(C)Cc1ccccc1,,1,,,,,train
CC(=O)Nc1ccc(O)cc1,,1,,,,,train
CCCCc1ccccc1,,1,,,,,valid
COc1ccc(N)cc1,,1,,,,,train
C=C(C)C(=O)OCCN(CC)CC,,0,,,,,train
CCOC(=O)CC(=O)OCC,,0,,,,,train
Cc1ccc(O)c(C)c1,,1,,,,,train
Oc1ccc(Br)cc1,,1,,,,,test
Cc1ccc(O)cc1,,1,,,,,train
Nc1ccc(Cl)cc1,,1,,,,,train
Oc1ccc(Cl)cc1,,1,,,,,train
Cc1ccc(N)cc1,,1,,,,,train
Nc1ccc(N)cc1,,1,,,,,valid
C1CC2OC2CC1C1CO1,,1,,,,,train
C=C(C)C(=O)OCC1CO1,,1,,,,,train
C=CC#N,,1,,,,,train
C=CCO,,1,,,,,train
C=COC(C)=O,,1,,,,,test
Nc1cccc(Cl)c1,,1,,,,,train
Nc1cccc(N)c1,,1,,,,,train
COCC(C)OC(C)=O,,0,,,,,train
Cc1cc(C)cc(N)c1,,1,,,,,train
Clc1cc(Cl)cc(Cl)c1,,1,,,,,valid
CC1CCCCC1,,1,,,,,train
NC1CCCCC1,,1,,,,,train
Oc1ccccc1,,1,,,,,train
Sc1ccccc1,,1,,,,,train
Cc1cccnc1,,1,,,,,test
BrCCCBr,,1,,,,,train
CCNCC,,1,,,,,train
c1ccoc1,,0,,,,,train
c1ccsc1,,1,,,,,train
CC(=O)OCC(C)C,,1,,,,,valid
CC=CC=CC(=O)O,,1,,,,,train
CCCCC=O,,1,,,,,train
CCCCCS,,1,,,,,train
C1=CCCCC1,,1,,,,,train
C1CNCCN1,,0,,,,,test
c1ccncc1,,0,,,,,train
C1COCCN1,,1,,,,,train
CCCCCCCCC=CCCCCCCCC(=O)OCC(O)CO,,1,,,,,train
CCCCCCC(=O)O,,1,,,,,train
CCOCCOC(C)=O,,0,,,,,valid
O=C(O)CCSCCC(=O)O,,1,,,,,train
CN(C)CCCCCCN(C)C,,1,,,,,train
O=CCCCC=O,,1,,,,,train
ClCCOCCCl,,0,,,,,train
CCCCCCCC,,1,,,,,test
CCCCCCCO,,1,,,,,train
C1=CCCC=CCC1,,1,,,,,train
CCCCCCCCCCCC(=O)OC,,1,,,,,train
CCCCCCCCCl,,1,,,,,train
CCCCCCCCS,,1,,,,,valid
CCCCCCCCCCO,,1,,,,,train
C=CCCCCCCCCCC,,1,,,,,train
NCCNCCNCCNCCN,,1,,,,,train
CCCCCCCCCCCCCO,,1,,,,,train
O=P(Oc1ccccc1)(Oc1ccccc1)Oc1ccccc1,,1,,,,,test
O=P(OCCCl)(OCCCl)OCCCl,,0,,,,,train
Cc1c(Cl)cccc1Cl,,1,,,,,train
Oc1c(Br)cc(Br)cc1Br,,1,,,,,train
Nc1ccc(O)c([N+](=O)[O-])c1,,1,,,,,train
Cc1cc(-c2ccc(N)c(C)c2)ccc1N,,1,,,,,valid
Oc1ccc(Cl)cc1Cl,,1,,,,,train
CCC(C)(C)c1ccc(O)c(C(C)(C)CC)c1,,1,,,,,train
Cc1ccc([N+](=O)[O-])cc1S(=O)(=O)O,,0,,,,,train
CCN(CC)CC,,1,,,,,train
CCCCCC(C=O)=Cc1ccccc1,,1,,,,,test
CC(=O)C=Cc1ccccc1,,1,,,,,train
c1ccc(NNc2ccccc2)cc1,,1,,,,,train
COc1ccc(C=O)cc1,,1,,,,,train
CCCC(C)C=O,,1,,,,,train
Nc1ccc(O)cc1,,1,,,,,valid
Oc1ccc(O)cc1,,1,,,,,train
C=CC(=C)CCC=C(C)C,,1,,,,,train
C[N+](C)(C)CC(=O)NN,,0,,,,,train
O=C(O)CCCCC(=O)O,,1,,,,,train
CCCCCCCC(=O)O,,1,,,,,test
NCCCCCCN,,1,,,,,train
CCCCCCCCCCCCCCCCCCN(C)C,,1,,,,,train
ClC(Br)Br,,1,,,,,train
O=S1(=O)CCCC1,,0,,,,,train
O=P(OCC(Br)CBr)(OCC(Br)CBr)OCC(Br)CBr,,1,,,,,valid
CCCCOP(=O)(OCCCC)OCCCC,,1,,,,,train
C=C(C)C#N,,0,,,,,train
ClC(COCC(Cl)C(Cl)(Cl)Cl)C(Cl)(Cl)Cl,,1,,,,,train
Cc1cc(C(C)(C)C)c(O)c(C(C)(C)C)c1,,1,,,,,train
C=CCOC(=O)c1ccccc1C(=O)OCC=C,,1,,,,,test
COc1ccc(C(=O)c2ccccc2)c(O)c1,,1,,,,,train
c1ccc2c(c1)sc1ccccc12,,1,,,,,train
COc1cc(C=O)cc(OC)c1O,,1,,,,,train
Oc1ccc2ccccc2c1,,1,,,,,train
C=C(C)C1CC=C(C)CC1,,1,,,,,valid
O=C(O)CN(CC(=O)O)CC(=O)O,,0,,,,,train
C=CC(=O)OCC,,1,,,,,train
C=CC(=O)OCCCC,,1,,,,,train
NCCO,,1,,,,,train
CCCCOCCCC,,1,,,,,test
CCCCCCCCCO,,1,,,,,train
CCCCCCCCCCS,,1,,,,,train
CCCCCCCCC=CCCCCCCCC(=O)O,,1,,,,,train
Oc1cccc2cccnc12,,1,,,,,train
S=c1[nH]c2ccccc2s1,,1,,,,,valid
ClC=CCl,,1,,,,,train
c1ccc2c(c1)-c1ccc3ccc4cccc5cc-2c1c3c45,,1,,,,,train
c1ccc2c3c(ccc2c1)-c1cccc2cccc-3c12,,1,,,,,train
C1CCCC2OC2CC1,,1,,,,,train
CCOP(=S)(S)OCC,,1,,,,,test
CCCCC(CC)COP(=O)(O)OCC(CC)CCCC,,1,,,,,train
O=CC(=O)O,,1,,,,,train
Nc1ccccc1F,,1,,,,,train
Fc1ccc(Br)cc1F,,1,,,,,train
O=[N+]([O-])c1ccc(F)c(Cl)c1,,1,,,,,valid
C=C(C)C(=O)OCC(F)(F)F,,1,,,,,train
Nc1cccc(F)c1,,1,,,,,train
C=CC(F)(Cl)C(F)(F)Br,,1,,,,,train
O=Cc1cccc(F)c1O,,1,,,,,train
FC(F)(F)c1cccc(C(F)(F)F)c1,,1,,,,,test
N#CC=CC(F)(F)F,,1,,,,,train
Nc1cccnc1,,1,,,,,train
OC(c1ccccc1)(c1ccccc1)C(O)(c1ccccc1)c1ccccc1,,1,,,,,train
CC12CCC(CC1)C(C)(C)O2,,0,,,,,train
Nc1cccc2cccc(N)c12,,1,,,,,valid
Cc1cc(C)c(C=O)c(C)c1,,1,,,,,train
NNC(=O)NN,,1,,,,,train
Nc1ccncc1,,1,,,,,train
Nc1ccccn1,,1,,,,,train
C=CC(C)(O)CCCC(C)CCCC(C)CCCC(C)C,,1,,,,,test
CCOC(=O)C(Cl)(Cl)Cl,,0,,,,,train
Cc1cccc(C)c1C,,1,,,,,train
O=[N+]([O-])c1ccccc1[N+](=O)[O-],,1,,,,,train
CCOC(=O)C(C)Cl,,1,,,,,train
ClC=CCCl,,1,,,,,valid
CC(C)CCOCCC(C)C,,1,,,,,train
N#CC(Cl)(Cl)Cl,,1,,,,,train
Nc1ccc(Cl)cc1Cl,,1,,,,,train
COc1cccc([N+](=O)[O-])c1,,1,,,,,train
CC(C)=CCO,,0,,,,,test
CN(C)c1ccc(C(=C2C=CC(=[N+](C)C)C=C2)c2ccccc2)cc1,,1,,,,,train
Cc1ccc2ccccc2c1C,,1,,,,,train
Cc1cc(C)c2ccccc2c1,,1,,,,,train
Cc1cccc(C)c1O,,1,,,,,train
CCCCC(CC)COC(=O)CC(C(=O)OCC(CC)CCCC)S(=O)(=O)O,,1,,,,,valid
Cc1ccc2cc(C)ccc2c1,,1,,,,,train
Cc1ccc2ccc(C)cc2c1,,1,,,,,train
Nc1cccc(O)c1,,1,,,,,train
CCCCCCCCCCCC(C)=O,,1,,,,,train
CC(C)(c1ccccc1)c1ccc(O)cc1,,1,,,,,test
Cc1c([N+](=O)[O-])cccc1[N+](=O)[O-],,1,,,,,train
ClCc1ccccc1Cl,,1,,,,,train
Oc1ccc(Br)cc1Br,,1,,,,,train
N#Cc1cccc([N+](=O)[O-])c1,,1,,,,,train
Oc1ccc(Cc2ccc(O)cc2)cc1,,1,,,,,valid
Cc1ccc(Nc2ccc(C)cc2)cc1,,1,,,,,train
CC(=O)C=Cc1ccco1,,1,,,,,train
CSSC,,1,,,,,train
N#CCCCCCCC#N,,0,,,,,train
Nc1c(Cl)cc(Cl)cc1Cl,,1,,,,,test
S=c1[nH]c(=S)[nH]c(=S)[nH]1,,1,,,,,train
C=C1CC(=O)O1,,1,,,,,train
CCCCCCCCCCCC[N+](C)(C)CC(=O)O,,1,,,,,train
C=C(C)C(=O)OCC(CC)CCCC,,1,,,,,train
CCCCCCCCC(C)=O,,1,,,,,valid
Cc1ncc[nH]1,,0,,,,,train
c1ccc(-c2nc3ccccc3[nH]2)cc1,,1,,,,,train
CC(C)(C)c1cc(C(C)(C)C)c(O)c(C(C)(C)C)c1,,1,,,,,train
C=CC(Cl)CCl,,1,,,,,train
CC(C)=CC=C(C)C,,1,,,,,test
N#CC=CC#N,,1,,,,,train
Clc1ccccc1NNc1ccccc1Cl,,1,,,,,train
CC(C)CC(C)Nc1ccc(Nc2ccccc2)cc1,,1,,,,,train
C=CC(=O)OCCO,,1,,,,,train
CCCCCCCCCCCCCCCCCC(=O)O,,1,,,,,valid
Cc1cnc(-c2ccccc2)[nH]1,,1,,,,,train
c1ccc(C2CCCCC2)cc1,,1,,,,,train
Oc1ccc(C2(c3ccc(O)cc3)CCCCC2)cc1,,1,,,,,train
C=C(C)C(=O)OCCO,,0,,,,,train
N#Cc1ccccc1Cl,,1,,,,,test
c1ccc(SSc2ccccc2)cc1,,1,,,,,train
C=C(Cl)C#N,,1,,,,,train
C=CCC(O)C=C,,1,,,,,train
O=C1CCCCCCCCCCCN1,,1,,,,,train
c1ccc(-c2cc3ccccc3[nH]2)cc1,,1,,,,,valid
CCCCCCCCN(CCCCCCCC)CCCCCCCC,,1,,,,,train
CC(N)=CC#N,,1,,,,,train
CCCCCCCCCCC,,1,,,,,train
O=[N+]([O-])c1ccc(Cc2ccccn2)c([N+](=O)[O-])c1,,1,,,,,train
C=Cc1ccccc1C=C,,1,,,,,test
Cc1ccc(OP(=O)(Oc2ccc(C)cc2)Oc2ccc(C)cc2)cc1,,1,,,,,train
CCC(=O)C=CC1C(C)=CCCC1(C)C,,1,,,,,train
NCc1cccc(CN)c1,,1,,,,,train
C=Cn1c2ccccc2c2ccccc21,,1,,,,,train
O=C1CCCCC1C1=CCCCC1,,1,,,,,valid
CCCCCCCCCCCC[N+](C)(C)[O-],,1,,,,,train
CCC1CCCCC1,,1,,,,,train
CCCCCCCCc1ccc(O)cc1,,1,,,,,train
N#CC1=CCCCC1,,1,,,,,train
Cc1cc(C)c(O)c(C(C)(C)C)c1,,1,,,,,test
N#Cc1c(Cl)c(Cl)c(Cl)c(Cl)c1C#N,,1,,,,,train
COc1ccc(OC)c(Cl)c1,,1,,,,,train
Cc1cccc(C(C)(C)C)c1O,,1,,,,,train
O=c1c2ccccc2ccc2ccccc12,,1,,,,,train
Cc1ccc(S(=O)(=O)n2ccnc2)cc1,,1,,,,,valid
Nc1cccc2c(N)cccc12,,1,,,,,train
Cc1ccc(O)c(C(C)(C)C)c1,,1,,,,,train
C(CCOCC1CO1)COCC1CO1,,1,,,,,train
CCCCCCCCCCCC#N,,1,,,,,train
CN(C)c1ccc(C(=N)c2ccc(N(C)C)cc2)cc1,,1,,,,,test
Nc1ccc(Oc2cccc(Oc3ccc(N)cc3)c2)cc1,,1,,,,,train
Nc1cc(C(=O)O)ccc1Cl,,1,,,,,train
C=C(C)C(=O)OCCN(C)C,,1,,,,,train
CCCCC(CC)C(=O)OOC(C)(C)C,,1,,,,,train
CN(C)CCN(C)CCN(C)C,,1,,,,,valid
C1=CCC2CC=CC2C1,,1,,,,,train
CSCCC=O,,1,,,,,train
C=CCOCCCCCC,,1,,,,,train
CC(CCO)CC(C)(C)C,,1,,,,,train
CCCCCCCOC(=O)c1ccccc1C(=O)OCCCCCCC,,1,,,,,test
CCC(C)c1ccccc1OC(=O)NC,,1,,,,,train
CCCCCCCCCCCCCCC(C(=O)OC)S(=O)(=O)O,,1,,,,,train
CC=CC=O,,1,,,,,train
C=C(C)c1ccc(O)cc1,,1,,,,,train
Nc1nn[nH]n1,,1,,,,,valid
C=CC(O)CCC,,0,,,,,train
NNc1c(Cl)cc(Cl)cc1Cl,,1,,,,,train
O=C1c2ccccc2C(=O)N1CCCCBr,,1,,,,,train
CCCCCCOC(C)OCCCCCC,,1,,,,,train
CCC(C)c1cccc(C(C)CC)c1O,,1,,,,,test
C=C(C)C(=O)O,,1,,,,,train
CCc1ccc(-c2ccccc2)cc1,,1,,,,,train
CCC(C)c1cc([N+](=O)[O-])cc([N+](=O)[O-])c1OC,,1,,,,,train
CC=CCO,,1,,,,,train
Cc1cc(C)c(S(=O)(=O)O)c(C)c1,,0,,,,,valid
Cc1ccc(C)c(C(C)c2ccccc2)c1,,1,,,,,train
C=C(CC(C)(C)c1ccccc1)c1ccccc1,,1,,,,,train
CC(C)CC(C)(c1ccc(O)cc1)c1ccc(O)cc1,,1,,,,,train
C=CCC=CCC=CCC=CC,,1,,,,,train
CC1CC(CC2CCC(N)C(C)C2)CCC1N,,1,,,,,test
CC(C)(C)CC(C)(C)c1ccc(OCCO)cc1,,1,,,,,train
CCCCCCCCCc1ccccc1Oc1ccccc1CCCCCCCCC,,1,,,,,train
c1cnc2c(c1)CCCC2,,1,,,,,train
CC12CCCC=C1C(=O)OC2=O,,0,,,,,train
C=CC(=O)OCCCCCCOC(=O)C=C,,1,,,,,valid
N#Cc1nccnc1C#N,,1,,,,,train
C[As](=O)(O)c1ccccc1,,1,,,,,train
CCCCC(CC)COP(=O)(O)CC(CC)CCCC,,1,,,,,train
CCCCCc1ccc(O)cc1,,1,,,,,train
CC1(C)CCC(C)(C)O1,,0,,,,,test
CC=C1CC2C=CC1C2,,1,,,,,train
Nc1nc(=S)[nH][nH]1,,1,,,,,train
CC(C)(C)c1cc(C(=O)O)c(O)c(C(C)(C)C)c1,,1,,,,,train
CCCCC(CC)C(=O)O,,0,,,,,train
Nc1cc(Cl)c(N)cc1Cl,,1,,,,,valid
CC(=O)C=Cc1cccc(Cl)c1,,1,,,,,train
CC(=O)c1cc2ccccc2s1,,1,,,,,train
COc1ccc(O)c(C(C)(C)C)c1,,1,,,,,train
CC(C)C(C)(C)C(C)(C)C(C)(C)S,,1,,,,,train
Cc1cc(C)cc(OP(=O)(Oc2cc(C)cc(C)c2)Oc2cc(C)cc(C)c2)c1,,1,,,,,test
CC(C)c1ccccc1C(C)C,,1,,,,,train
CC(C)CCCCCCCO,,1,,,,,train
CCCCCCCCCCC=CC1CC(=O)OC1=O,,1,,,,,train
Cc1cccc(C(C)O)c1,,1,,,,,train
CCCCCCCCCCCCc1ccccc1S(=O)(=O)O,,1,,,,,valid
O=S(=O)(O)c1ccccc1C=Cc1ccc(-c2ccc(C=Cc3ccccc3S(=O)(=O)O)cc2)cc1,,1,,,,,train
ClC(Cl)=C(Cl)c1c(Cl)c(Cl)c(Cl)c(Cl)c1Cl,,1,,,,,train
CC(C)c1cccc2ccccc12,,1,,,,,train
BrC(Br)c1ccccc1OCC1CO1,,1,,,,,train
O=C(c1ccc(O)cc1)c1ccc(O)c(O)c1O,,1,,,,,test
CC(C)c1cccc2c(C(C)C)cccc12,,1,,,,,train
CCCCCCc1ccc(-c2ccc(C#N)cc2)cc1,,1,,,,,train
CC(C)CCCCOC(=O)c1ccccc1C(=O)OCCCCC(C)C,,1,,,,,train
CC(C)c1ccc2occ(C=O)c(=O)c2c1,,1,,,,,train
CCCOCCN(C(=O)CCl)c1c(CC)cccc1CC,,1,,,,,valid
CCOc1cc(N2CCOCC2)c(OCC)cc1N,,1,,,,,train
CC1(C)CC(OC(=O)CCCCCCCCC(=O)OC2CC(C)(C)NC(C)(C)C2)CC(C)(C)N1,,1,,,,,train
CSSCc1ccco1,,1,,,,,train
C(=CCOCc1ccccc1)COCc1ccccc1,,1,,,,,train
C=C(Br)CCO,,1,,,,,test
NCc1cc(C(F)(F)F)cc(C(F)(F)F)c1,,1,,,,,train
CCN(C(=O)SCc1ccccc1)C(C)C(C)C,,1,,,,,train
CC(C)CC(NC(=O)CNC(=O)C1CCCN1C(=O)C1CCCN1C(=O)CNC(=O)C(CO)NC(=O)C(N)CCCN=C(N)N)C(=O)NC(CCC(N)=O)C(=O)NCC(=O)NC(CCCN=C(N)N)C(=O)NC(CC(C)C)C(=O)NC(CCC(N)=O)C(=O)NC(CCCN=C(N)N)C(=O)NC(CC(C)C)C(=O)NC(CC(C)C)C(=O)NC(CCC(N)=O)C(=O)O,,1,,,,,train
Cc1cccc(Cl)c1C,,1,,,,,train
COC12CC(CO)CN(C)C1Cc1cn(C)c3cccc2c13,,1,,,,,valid
COC1C(NC(=O)CC2OC(COCc3ccccc3)C(OCc3ccccc3)C(OCc3ccccc3)C2OCc2ccccc2)CCC2C3Cc4ccc(O)cc4C21CCN3C,,1,,,,,train
Nc1ccc(O)cc1[N+](=O)[O-],,1,,,,,train
Cc1ccc(NCCO)cc1O,,1,,,,,train
Cc1nc(C=C(CO)C2CC=CCCCC(C)C(O)C(C)C(=O)C(C)(C)C(O)CC(=O)O2)cs1,,1,,,,,train
CC(C)S,,1,,,,,test
Oc1cc(Cl)cc(Br)c1,,1,,,,,train
C=CC(=O)OC1CC(C)CC(C)(C)C1,,1,,,,,train
C=CCOCC(CC)(CO)CO,,0,,,,,train
CC1C(=O)CCC1=O,,1,,,,,train
CC(N)CCc1ccccc1,,1,,,,,valid
CN(Cc1cnc2nc(N)nc(N)c2n1)c1ccc(C(=O)NC(CCC(=O)NCCCCCCCCCCCCNC(=O)CCC(NC(=O)c2ccc(N(C)Cc3cnc4nc(N)nc(N)c4n3)cc2)C(=O)O)C(=O)O)cc1,,1,,,,,train
CCCCCCCCCCCCO,,1,,,,,train
CCCCNC(=S)NCCCC,,1,,,,,train
CC(CO)CC(C)c1ccccc1,,1,,,,,train
O=[N+]([O-])C1(Br)COCOC1,,1,,,,,test
COc1ccc2c(c1)CC(=O)CC2,,0,,,,,train
C[N+](C)(C)C1CCCCC1,,0,,,,,train
NC(CC1c2ccccc2Oc2ccccc21)(C(=O)O)C1CC1(F)C(=O)O,,1,,,,,train
CCCC[P+](CCCC)(CCCC)CCCCCCCCCC[P+](CCCC)(CCCC)CCCC,,1,,,,,train
Nc1ccc(CCNCC(O)c2ccccc2)cc1,,1,,,,,valid
Nc1cc(N)c(N)cc1N,,1,,,,,train
CC12CCC3C(CCC4CC5OC5CC43C)C1CC(N1CCCC1)C2=O,,1,,,,,train
CCOc1ccc(Cc2cc(C3OC(COC(C)=O)C(OC(C)=O)C(OC(C)=O)C3OC(C)=O)ccc2Cl)cc1,,1,,,,,train
BrCC(CBr)(COCC1CO1)COCC1CO1.ClCC(COCC(CBr)(CBr)COCC1CO1)OCC1CO1,,1,,,,,train
O=C(c1ccccc1)c1ccccc1,,1,,,,,test
CN(CCO)S(=O)(=O)C(F)(F)C(F)(F)C(F)(F)C(F)(F)F,,1,,,,,train
CCCCC(N)C(=O)O,,1,,,,,train
N#Cc1ncc(NC(=O)C2(N)CCC2)cc1C(F)(F)F,,1,,,,,train
CC(C)Cc1ccc(C(C)C(=O)O)cc1,,1,,,,,train
CC1(C)OC2CC3C4CCC5=CC(=O)C=CC5(C)C4(F)C(O)CC3(C)C2(C(=O)CO)O1.COC12C(COC(N)=O)C3=C(C(=O)C(C)=C(N)C3=O)N1CC1NC12,,1,,,,,valid
O=C1COC(=O)CO1,,0,,,,,train
CCCCC(CC)CNS(=O)(=O)c1ccc(N)cc1,,1,,,,,train
C1CCC(NC2CCCCC2)CC1.CCCCCCCCC=CCCCCCCCC(=O)O,,1,,,,,train
CCCCCCCCCCCCCCCCCCOC(=O)C=Cc1ccc(O)c(O)c1,,1,,,,,train
c1scc2c1OCCO2,,1,,,,,test
O=c1[nH]c2cc(Cl)ccc2n1C1CCNCC1,,1,,,,,train
O=C1CCCCCCCCCCOCCCCO1,,1,,,,,train
CCCCC(CC)COCCO,,1,,,,,train
CC1CCC(C(C)C)C(OC(=O)C2OC(O)CS2)C1,,0,,,,,train
CSc1c(C)cc(O)cc1C,,1,,,,,valid
Cc1ccc2c(c1)C(N)C(C)C2,,1,,,,,train
CC(=O)C(C)=CC1C(C)=CCCC1(C)C,,1,,,,,train
CC(C)=CCCC(C)(O)C1CC=C(C)CC1,,1,,,,,train
C=CC(=O)OCCOC(=O)NCCCC,,1,,,,,train
O=C1c2ccccc2C2=Nc3cccc4cccc(c34)N12,,1,,,,,test
CCCCC(C#N)c1ccccc1,,1,,,,,train
CN1[C+]=[C+]C(=C2[C+]=[C+]N(C)C=C2)C=C1,,1,,,,,train
CCCCCCCC(C)C(=O)O,,1,,,,,train
CCc1ccccc1CC,,1,,,,,train
On1nnc2ccccc21,,1,,,,,valid
CC(=O)c1cccnc1,,0,,,,,train
Oc1ccc(C(O)CNCCCCCCNCC(O)c2ccc(O)c(O)c2)cc1O,,1,,,,,train
O=Cc1c[nH]nc1-c1ccccc1,,1,,,,,train
CCC(=O)OC1CC2CCC1(C)C2(C)C,,1,,,,,train
CCCN(CCc1ccccc1)CCc1cccc(O)c1,,1,,,,,test
COc1ccc(C(=O)Nc2ccc(C3=NNC(=O)CC3C)cc2N)cc1,,1,,,,,train
N#Cc1ccc(NC(=N)N)cc1,,1,,,,,train
O=C(O)CCNC(=O)c1ccc(N=Nc2ccc(O)c(C(=O)O)c2)cc1,,0,,,,,train
CCCCCCCCCCCC(=O)OC(C)C(=O)OC(C)C(=O)O,,1,,,,,train
Fc1ccc2c(c1)CCC(C1CO1)O2,,1,,,,,valid
Nc1ccc(N=Nc2ccc(S(=O)(=O)O)cc2)cc1,,0,,,,,train
OC(c1ccccc1)c1nc2ccccc2[nH]1,,1,,,,,train
CCC(CCCO)(C(=O)O)C(=O)O,,0,,,,,train
CCCCCCCCCCC(CO)CCCCCCCC,,1,,,,,train
CCOC(=O)C1=C(COCCNC(=O)c2ccccc2C(=O)O)NC(C)=C(C(=O)OC)C1c1ccccc1Cl,,1,,,,,test
CCOc1ccc(F)c(CCNC(=S)Nc2ccc(Br)cn2)c1Cl,,1,,,,,train
c1ccc(-c2[nH]c(-c3ccccc3)c3c2C2CCC3C2)cc1,,1,,,,,train
Cn1c(COc2ccc(CC3SC(=O)N(C4OC(C(=O)O)C(O)C(O)C4O)C3=O)cc2)nc2ccc(O)cc21,,1,,,,,train
CC=CC(C)(O)CCC=C(C)C,,1,,,,,train
CCCCCCC(CCCC)C(=O)O,,1,,,,,valid
C=COC(=O)CCCCC(C)(C)C,,1,,,,,train
CCCCCN(CCCCC)C(=S)S.CCCCCNCCCCC,,1,,,,,train
O=C1C=CC(=O)O1,,1,,,,,train
CC(=O)Oc1cc(OC(C)=O)cc(C(C)=O)c1,,1,,,,,train
CC(NCc1ccn(Cc2ccccc2)c(=O)c1O)c1ccccc1,,1,,,,,test
c1ccc2[nH]cnc2c1,,1,,,,,train
CCO[Si](OCC)(OCC)N(CC)CC,,1,,,,,train
CCCCOCc1ccc(O)c(OC)c1,,1,,,,,train
CCCCCCCCCCCC1=NCCN1CCO,,1,,,,,train
CC[N+](CC)(CC)CC,,1,,,,,valid
CC12CCC(CC1=O)C2(C)C,,1,,,,,train
CCOCOC1CCCCCCCCCCC1,,1,,,,,train
C[N+](C)(C)CC(O)CSCCC(F)(F)C(F)(F)C(F)(F)C(F)(F)C(F)(F)C(F)(F)F,,1,,,,,train
CCCCN(c1nc(N(CCCC)C2CC(C)(C)NC(C)(C)C2)nc(N(CCCCCCN(c2nc(N(CCCC)C3CC(C)(C)NC(C)(C)C3)nc(N(CCCC)C3CC(C)(C)NC(C)(C)C3)n2)C2CC(C)(C)NC(C)(C)C2)C2CC(C)(C)NC(C)(C)C2)n1)C1CC(C)(C)NC(C)(C)C1,,1,,,,,train
CCC1CC2CC1CC2OC,,1,,,,,test
CN(C)CCCN(CCCN)CCCN(C)C,,1,,,,,train
CC(C)(N=NC(C)(C)C(=N)N)C(=N)N,,1,,,,,train
CC(=O)CSc1ccc(Cl)cc1,,1,,,,,train
CN(C)c1ccc(C(=C2C=CC(=[N+](C)C)C=C2)c2ccc(N(C)C)cc2)cc1,,1,,,,,train
COCCOC,,0,,,,,valid
CCOC(=O)c1ccc(N=CN(C)c2ccccc2)cc1,,1,,,,,train
Cc1cc(O)ccc1N,,1,,,,,train
N#CC1(N)CC1,,1,,,,,train
C=CC(C)CCCCC,,1,,,,,train
COc1ccc(C(C)N)cc1,,1,,,,,test
CCCCCCCCCCCC(=O)N(C)C,,1,,,,,train
CCCCCCCCNc1ccncc1,,1,,,,,train
C=CCOCC(CC)(CO)COCC=C,,0,,,,,train
CCCNC1CCc2c(cccc2OC)C1,,1,,,,,train
C=Cc1ccc(C)cc1,,1,,,,,valid
OCC(O)C(O)C(O)C(O)C(c1c[nH]c2ccccc12)c1c[nH]c2ccccc12,,1,,,,,train
CN1C(C)(C)CC(NC(=O)C(=O)Nc2ccc(Cl)c(F)c2)CC1(C)C,,0,,,,,train
CCCCCCCCCCCC(=O)OCC(C)(C)C=NC(C)COCC(CC)(COCC(C)N=CC(C)(C)COC(=O)CCCCCCCCCCC)COCC(C)N=CC(C)(C)COC(=O)CCCCCCCCCCC,,1,,,,,train
CC(C)CC(C)CC(O)CC(C)C,,1,,,,,train
CC(C)(C1CCC(OCC2CO2)CC1)C1CCC(OCC2CO2)CC1,,1,,,,,test
OCCN(CCO)C1CCCCC1,,0,,,,,train
CC1=CCC2C(C1)C2(C)C,,1,,,,,train
CCCCn1c2ccccc2c2cc(C(=O)OCCCCCCOC(=O)c3cc4c5ccccc5n(CCCC)c4cn3)ncc21,,1,,,,,train
Cc1cc(C=NN(C)c2ccccc2)cc[n+]1C,,1,,,,,train
CCCCCCC=CC(=O)OC,,1,,,,,valid
C=CCCCCCCCCO,,1,,,,,train
Cc1cc(-c2ccc(N=C=O)c(C)c2)ccc1N=C=O,,1,,,,,train
N#CC(c1ccccc1)c1ccccc1,,1,,,,,train
Nc1ccc(N2CCOCC2=O)cc1,,1,,,,,train
CCC1CCC(c2ccc(O)cc2)OC1,,1,,,,,test
O=C(C#Cc1ccccc1)c1ccc2c(c1)C(=O)OC2=O,,0,,,,,train
C#CC(C)(O)CCC=C(C)CC,,1,,,,,train
C=CCC#CCCCCC,,1,,,,,train
CCOC(=O)C1=C(C)C=CCC1(C)C,,1,,,,,train
CC=CC(=O)C1CCC(C)(C)C=C1C,,1,,,,,valid
CC(C)CCC1CCC(O)CC1,,1,,,,,train
CCN(CC)c1ccc(N=Nc2c(C#N)cc([N+](=O)[O-])cc2[N+](=O)[O-])c(NC(C)=O)c1,,1,,,,,train
Nc1ccc(S(=O)(=O)O)cc1,,1,,,,,train
C=CC(=O)OCC(CC)CCCC,,1,,,,,train
CCCCCC1(C)CCC(C)(C)C1=O,,1,,,,,test
N=C(N)SCCN1C(=O)c2ccccc2C1=O,,1,,,,,train
CC=CC(=O)OC(CC)C(C)C,,1,,,,,train
O=C1C=CC(=O)N1c1ccc([Se][Se]c2ccc(N3C(=O)C=CC3=O)cc2)cc1,,1,,,,,train
CCCCCCCC[N+](C)(C)CCCCCCCC,,1,,,,,train
O=C(O)CCCCC(S)CCS,,1,,,,,valid
O=C1CC=CCCC=CCCCC1.O=C1CCC=CCCC=CCCC1.O=C1CCC=CCCC=CCCC1,,1,,,,,train
CC(=O)OCCC(C)CCC=C(C)C,,1,,,,,train
CCC(C)(C#N)N=NC(C)(C#N)CC,,1,,,,,train
CCCCC(C)C,,1,,,,,train
COC(=O)C1NC(=O)C2NC(=O)C(NC(=O)C3NC(=O)C4NC(=O)C(NC(=O)C(N)c5ccc(O)c(c5)Oc5cc4cc(O)c5C)C(O)c4ccc(cc4)Oc4cc3cc(c4O)Oc3ccc(cc3)C2OC2CC(N)(O)C(C)CO2)c2ccc(O)c(c2)-c2c(O)cc(O)cc21,,1,,,,,test
C[N+](C)(C)Cc1ccc(C[N+](C)(C)C)cc1,,1,,,,,train
CCCCCCCCC=CCCCCCCCC(O)=NCCN1CCN(CCC(=O)O)C1CCCCCCCC=CCCCCCCCC.CCCCCCCCC=CCCCCCCCC(O)=NCCN1CCN=C1CCCCCCCC=CCCCCCCCC.CCCCCCCCC=CCCCCCCCC1N(CCC(=O)O)CCN1CCN(CCC(=O)O)CCC(=O)O,,0,,,,,train
C=COC(=O)CCCCCC(C)(C)C,,1,,,,,train
C=CCCCC,,1,,,,,train
O=C1CCCCCCCC=CCCCCCCO1,,1,,,,,valid
CCN(CCC#N)c1ccc(N=Nc2nc3ccc(Cl)c(Cl)c3s2)cc1,,1,,,,,train
C=C(C)C(=O)OC(C)(C)C,,1,,,,,train
CC(C)(C)C1CCC(OC(=O)OOC(=O)OC2CCC(C(C)(C)C)CC2)CC1,,1,,,,,train
CCC(C)C=O,,1,,,,,train
CCCCOCC(C)O,,1,,,,,test
CC(=O)OC1C2(C)CCC(C2)C1(C)C,,1,,,,,train
CCN=C1C=CC(=C(c2ccc(NCC)c(C)c2)c2ccc(NCC)c(C)c2)C=C1C,,1,,,,,train
COC(=O)c1cccc(C(=O)OC)c1,,1,,,,,train
Cc1ccc(S(=O)(=O)O)cc1.Cc1ccc(S(=O)(=O)O)cc1.NCCCCCCCCCCN,,1,,,,,train
CN1CCN(C(=O)Cc2ccc(Cl)c(Cl)c2)C2C1CCCC2N1CCCC1,,1,,,,,valid
CC12CCC(C1)C(C)(C)C2=O,,1,,,,,train
CN(C)CCOCCN(C)CCO,,0,,,,,train
FC(C(F)C(F)(F)C(F)(F)F)C(F)(F)F,,1,,,,,train
COC(=O)C(C)Oc1ccc(Oc2ncc(C(F)(F)F)cc2Cl)cc1,,1,,,,,train
Sc1nc2ccccc2s1,,1,,,,,test
NC(=S)N=C(N)N,,1,,,,,train
C=CC(C)CCC=C(C)CCC=O,,1,,,,,train
N#CN=C1NCCS1,,1,,,,,train
CC(C)CC(NC(=O)C(O)COS(=O)(=O)O)C(=O)NC1C(=O)NC(CCCN=C(N)N)C(=O)NC2CCC(O)N(C2=O)C(CC(C)C)C(=O)N(C)C(Cc2ccc(O)cc2)C(=O)NC(C(C)C)C(=O)OC1C,,1,,,,,train
C=CCOc1ccc(S(=O)(=O)c2ccc(O)cc2)cc1,,1,,,,,valid
CC(C)CC(C)c1ccccc1N,,1,,,,,train
COC(C=CC(OC)OC)OC,,0,,,,,train
CC(C)c1ccc2ccccc2c1.CC(C)c1cccc2ccccc12,,1,,,,,train
CCOc1ccc(CC(N)CNCCN)cc1,,1,,,,,train
C1CCC(COCC2CCCCC2)CC1,,1,,,,,test
NCCOCCOCCN,,1,,,,,train
O=Cc1c(F)cccc1F,,1,,,,,train
C1=COCCC1,,1,,,,,train
CCC1(O)CC2CC(c3cc4c(cc3OC)N(C)C3C(O)(C(N)=O)C(O)C5(CC)C=CCN6CCC43C65)c3[nH]c4ccccc4c3CCN(C2)C1,,1,,,,,train
Cc1cc(O)c(C)c(C)c1O,,1,,,,,valid
CO[Si](CCCNCCN)(OC)OC,,1,,,,,train
CCCCCCCC(=O)OCC,,1,,,,,train
CC12CC=C3C(CCC45CC6(CCC34O5)OCCO6)C1CCC2=O,,0,,,,,train
FC(F)(F)COc1cccnc1Cl,,1,,,,,train
NCCNCc1ccccc1,,1,,,,,test
CCS(=O)c1c(C#N)nn(-c2c(Cl)cc(C(F)(F)F)cc2Cl)c1N,,1,,,,,train
CC1CCC(C(C)C)C(=O)C1,,1,,,,,train
CC(=CCC1CC=C(C)C1(C)C)CO,,1,,,,,train
CCCCCCCCCC[N+](C)(C)CCCCCCCCCC.CCCCCCCCCC[N+](C)(C)CCCCCCCCCC.O=C(O)CCCCC(=O)O,,1,,,,,train
C=CS(=O)(=O)C(=C)S(C)(=O)=O,,1,,,,,valid
Cc1cc(N)n(-c2ccccc2)n1,,1,,,,,train
C=COC(=O)CC,,1,,,,,train
Nc1ccc2cc(S(=O)(=O)O)cc(O)c2c1,,0,,,,,train
CCCCCCCCCCCCCCC(CO)CCCCCCCCCCCC,,1,,,,,train
CCCC[P+](c1ccccc1)(c1ccccc1)c1ccccc1,,1,,,,,test
CCON,,1,,,,,train
O=C(O)C1=NN(c2ccc(S(=O)(=O)O)cc2)C(=O)C1N=Nc1ccc(S(=O)(=O)CCOS(=O)(=O)O)cc1,,1,,,,,train
COCc1cc(N)ccc1N,,1,,,,,train
CNC(CC(=O)O)C(=O)O,,1,,,,,train
[C-]#N,,1,,,,,valid
C1CCC(NC2CCCCC2)CC1.CC(C)(F)CC(NC(c1ccc(-c2ccc(S(C)(=O)=O)cc2)cc1)C(F)(F)F)C(=O)O,,1,,,,,train
C1=CC2C(C1)C1CC2C2C3C=CC(C3)C12,,1,,,,,train
NCc1ccc(CN)cc1,,1,,,,,train
CC(C)CC(C)(O)C#CC(C)(O)CC(C)C,,1,,,,,train
COc1cccc(Br)c1,,1,,,,,test
c1ccc(C[P+](c2ccccc2)(c2ccccc2)c2ccccc2)cc1,,1,,,,,train
C#CC(C)(O)CCCC(C)CCCC(C)C,,1,,,,,train
CCn1c(O)c(N=Nc2ccc(S(=O)(=O)c3ccc(N=Nc4c(C)c(CS(=O)(=O)O)c(=O)n(CC)c4O)cc3)cc2)c(C)c(CS(=O)(=O)O)c1=O,,1,,,,,train
O=CC1CCC2C3CCC(C3)C12,,1,,,,,train
OC1CNCC1O,,1,,,,,valid
CCC=CCCOC(=O)C1CC1,,1,,,,,train
CC(C)COC(C)(C)C,,1,,,,,train
C=C[Si](OC)(OC)OC,,0,,,,,train
CC(=O)c1cccc2ccccc12,,1,,,,,train
COc1nc(OC)nc(-c2c(O)n(S(=O)(=O)C(F)F)c3c(F)cccc23)n1,,1,,,,,test
CCCCOC(=O)OCCCC,,1,,,,,train
C[N+](C)(Cc1ccccc1)Cc1ccccc1,,1,,,,,train
O=S(=O)(O)c1ccccc1Nc1ccc(C(=C2C=CC(=NOS(=O)(=O)c3ccccc3)C=C2)c2ccc(Nc3ccccc3S(=O)(=O)O)cc2)cc1,,0,,,,,train
O=C(c1ccccc1)c1ccc(O)c(O)c1O,,1,,,,,train
C=CN1C=CN(C)C1,,1,,,,,valid
COc1cccc(C(C)=O)c1,,1,,,,,train
CC(N)COCC1CCC(CN)CC1.CC(N)COCC1CCC(COCC(C)N)CC1.CC(N)COCC1CCC(COCC(C)OCC(C)N)CC1,,1,,,,,train
CC(=O)OC(C)c1ccccc1,,1,,,,,train
C=COC(=O)c1ccc(C(C)(C)C)cc1,,1,,,,,train
CCOc1ccc(Nc2ccc(C(=C3C=CC(=[N+](CC)Cc4cccc(S(=O)(=O)O)c4)C=C3C)c3ccc(N(CC)Cc4cccc(S(=O)(=O)O)c4)cc3C)cc2)cc1,,1,,,,,test
Cc1ccc(CC(C)C=O)cc1,,1,,,,,train
O=C1NC(=O)C(c2ccc(O)cc2)N1,,1,,,,,train
CCC(C)(C)c1ccccc1O,,1,,,,,train
CC(C)(c1ccc(NC(=O)CN2CCCC2)cc1)c1cccc(C(C)(C)c2ccc(NC(=O)CN3CCCC3)cc2)c1,,1,,,,,train
CCCN(C)C,,1,,,,,valid
CCC=CCCOC(=O)C(C)C,,1,,,,,train
OCCSSCCO,,1,,,,,train
CC(=O)Nc1ccc(N=Nc2c(N)ccc3cc(S(=O)(=O)O)cc(O)c23)c(C(F)(F)F)c1,,1,,,,,train
CC1=CCC(C=CC(C)C(C)O)C1(C)C,,1,,,,,train
COC(=O)C(=Cc1ccc(OC)cc1)C(=O)OC,,1,,,,,test
CCC(CC)C(=O)N(C)c1cccc(OC)c1,,1,,,,,train
C=Cc1ccc(C(C)(C)C)cc1,,1,,,,,train
CN(C)c1nc(N)c(C(=O)NC(=N)N)nc1Cl,,1,,,,,train
CCCCCCN(CCCCCC)CCCCCC,,1,,,,,train
CC(C)N(C(C)C)P(OCCC#N)N(C(C)C)C(C)C,,1,,,,,valid
CCCCCCCCCCCCCCCCCC(=O)NCCC[N+](C)(C)CC(=O)OCCCCCCCCCCCCCC,,1,,,,,train
O=S(=O)(O)c1ccc(N=Nc2c(O)ccc3ccccc23)cc1,,0,,,,,train
CC(=O)Oc1ccc(C)cc1,,1,,,,,train
c1ccc(Sc2ccccc2)cc1,,1,,,,,train
O=S(=O)(O)c1ccc(N=Nc2cc(S(=O)(=O)O)c3ccccc3c2O)c2ccccc12,,0,,,,,test
COc1ccc(C(OCC2OC(n3cnc4c(=O)[nH]c(NC(=O)C(C)C)nc43)CC2O)(c2ccccc2)c2ccc(OC)cc2)cc1,,1,,,,,train
c1ccc2c(c1)CCNC2,,1,,,,,train
Nc1ccc(C(=O)OCCCOC(=O)c2ccc(N)cc2)cc1,,1,,,,,train
COCCOCCOC,,0,,,,,train
C[N+](C)(CC[N+](C)(C)CC(O)COCC(F)(F)C(F)F)CC(O)COCC(F)(F)C(F)F,,1,,,,,valid
COC[P+](c1ccccc1)(c1ccccc1)c1ccccc1,,1,,,,,train
C=CC(=O)OC(C)(C)C,,1,,,,,train
COc1ccc([I+]c2ccc(OC)cc2)cc1,,1,,,,,train
CCCCC1CCC(C2CCC(=O)CC2)CC1,,1,,,,,train
CC1=CCC(CCC(C)C(C)O)C1(C)C.CCC(O)CCCC1CC=C(C)C1(C)C,,1,,,,,test
CCN(Cc1ccccc1)c1ccccc1,,1,,,,,train
O=C(O)c1c(Cl)c(Cl)c(Cl)c(Cl)c1-c1c2cc(Br)c(=O)c(Br)c-2oc2c(Br)c(O)c(Br)cc12,,1,,,,,train
CCOC=O,,0,,,,,train
CC12CCC3C(C=CC4(O)CC(O)CCC34C)C1C1CC1C2=O,,1,,,,,train
CCCCCCCCC(O)CO,,1,,,,,valid
C=CC[Si](C)(C)C,,1,,,,,train
CCN1CCN(C(=O)Cc2ccc(Cl)c(Cl)c2)C2C1CCCC2N1CCCC1,,1,,,,,train
CNC(=O)c1cc(Cl)cc(C)c1N,,1,,,,,train
OCCCc1ccccc1,,1,,,,,train
c1ccc(CNCc2ccccc2)cc1,,1,,,,,test
CCCCCCCCCCCCCCCCCCOC(=O)C(CC(=O)O)S(=O)(=O)O.CCCCCCCCCCCCCCCCCCOC(=O)CC(C(=O)O)S(=O)(=O)O.CCCCCCCCCCCCCCCCOC(=O)C(CC(=O)O)S(=O)(=O)O.CCCCCCCCCCCCCCCCOC(=O)CC(C(=O)O)S(=O)(=O)O,,1,,,,,train
CC(CNC(=S)S)NC(=S)S,,1,,,,,train
C=C(C)C1CCC(C)CC1O,,1,,,,,train
CCCCC(CC)COC(=O)C=CC(=O)O,,1,,,,,train
N#CC#N,,1,,,,,valid
CC(C)C(N)C(=O)OCc1ccccc1.Cc1ccc(S(=O)(=O)O)cc1,,0,,,,,train
CCNc1cc2oc3cc(NCC)c(C)cc3[c+](-c3ccccc3C(=O)OCC)c2cc1C.CCNc1cc2oc3cc(NCC)c(C)cc3[c+](-c3ccccc3C(=O)OCC)c2cc1C.CCNc1cc2oc3cc(NCC)c(C)cc3[c+](-c3ccccc3C(=O)OCC)c2cc1C.O=S(=O)(O)c1ccc2cc(Cc3cc4cc(Cc5cc6ccccc6cc5S(=O)(=O)O)ccc4cc3S(=O)(=O)O)ccc2c1,,1,,,,,train
O=[N+]([O-])c1cc(C(F)(F)F)c(Cl)c([N+](=O)[O-])c1Cl,,1,,,,,train
CCCCOC(=O)C1CCCCC1C(=O)OCc1ccccc1,,1,,,,,train
C=COCC(C)C,,1,,,,,test
CN(C)C12C(=O)C(c3ccccc3)=C(c3ccccc3)C1C1CCC2C1,,1,,,,,train
CCCC[P+](CCCC)(CCCC)CC(C)OC.Oc1ccc(C(c2ccc(O)cc2)(C(F)(F)F)C(F)(F)F)cc1,,1,,,,,train
NC(=NCCCCCCN=C(N)N=C(N)Nc1ccc(Cl)cc1)N=C(N)Nc1ccc(Cl)cc1.[H+].[H+],,1,,,,,train
O=S(=O)(O)c1cc(Nc2nc(Cl)nc(Nc3ccc(C=Cc4ccc(Nc5nc(Cl)nc(Nc6cc(S(=O)(=O)O)cc7cc(S(=O)(=O)O)c(N=Nc8ccc9ccccc9c8S(=O)(=O)O)c(O)c67)n5)cc4S(=O)(=O)O)c(S(=O)(=O)O)c3)n2)c2c(O)c(N=Nc3ccc4ccccc4c3S(=O)(=O)O)c(S(=O)(=O)O)cc2c1,,0,,,,,train
CCCCCCC(CO)CCCC,,1,,,,,valid
CC(=Cc1ccc(C)cc1)CC(C)C=O,,1,,,,,train
CC1OC(=O)C(C)OC1=O,,0,,,,,train
CC1=CCCC(C)(C)C1CCC(C)C=O,,1,,,,,train
C=CCOCC(O)COCCCC,,0,,,,,train
CCC(C)(C)O,,1,,,,,test
Nc1ccc(F)cc1-c1ccc(Cl)c(Cl)c1,,1,,,,,train
Clc1ccc(Br)cc1Cl,,1,,,,,train
COC(=O)C1CC=CC(C)C1C(=O)OC,,1,,,,,train
CCCC[P+](CC)(CCCC)CCCC.CCOP(=O)(O)OCC,,1,,,,,train
C1CCCCCCC1,,1,,,,,valid
CC1=CC(=O)OC1O,,1,,,,,train
CC(C)(C)[Si](C)(C)N1CCNCC1,,1,,,,,train
O=[N+]([O-])c1cc(N(CCO)CCO)ccc1NCCO,,1,,,,,train
CC1=CCC(C(C)C)=CC1,,1,,,,,train
C1CC(COCC2CO2)CCC1COCC1CO1,,1,,,,,test
CCCCCCCCCCCCCOC(=O)c1ccccc1O,,1,,,,,train
C[N+](C)(CCCNC(=O)CCCCCCCCCCS)Cc1ccccc1,,1,,,,,train
O=[N+]([O-])OCC(CO[N+](=O)[O-])(CO[N+](=O)[O-])CO[N+](=O)[O-],,1,,,,,train
Cc1ccccc1N=Nc1ccc(N=Nc2c(O)ccc3ccccc23)c(C)c1,,1,,,,,train
CCCCOC(=O)c1ccccc1N,,1,,,,,valid
CCCCOC(=O)c1ccccc1,,1,,,,,train
CCCCC(CC)C1OCCO1,,1,,,,,train
Cc1cc(C(C)(C)c2ccc(O)c(C)c2)ccc1O,,1,,,,,train
CN(C)C(=S)S,,1,,,,,train
C=COC(=O)c1ccccc1,,1,,,,,test
CC(N)C(=O)NCCC(=O)O,,1,,,,,train
CCCCCCOC(=O)CC,,1,,,,,train
[H]C([H])([H])C(N)C([H])([H])c1cc(OC)c(C)cc1OC,,1,,,,,train
CCCCCCCCCCCC(=O)Cl.CCCCCCCCCCCCCC(=O)Cl,,0,,,,,train
CCCCCCCCCc1ccc(OCCOCC(CCl)OCC(O)CN(C)CC(=O)O)cc1.CCCCCCCCCc1ccc(OCCOCC(O)CN(C)CC(=O)O)cc1,,1,,,,,valid
CC(C)=CCCC(C)CCOC(=O)C(C)C,,1,,,,,train
CC(C)CCO,,1,,,,,train
CC(C)CCSC(=O)S,,1,,,,,train
COc1ccc(CC(C)NCc2ccccc2)cc1,,1,,,,,train
CC(C)(C)c1ccc(CCC=O)cc1,,1,,,,,test
C=COC1CCCCC1,,1,,,,,train
C=C(c1ccccc1)c1ccccc1,,1,,,,,train
Cc1cc(C)nc(C)c1,,1,,,,,train
CCN(Cc1cccc(S(=O)(=O)O)c1)c1ccc(N=Nc2ccc(N=Nc3cccc(S(=O)(=O)O)c3)c3ccccc23)cc1,,1,,,,,train
CC1=CCC(=C(C)C)CC1,,1,,,,,valid
CCCCCCCCCCCCOS(=O)(=O)O,,1,,,,,train
c1ccc(N(CC2CO2)CC2CO2)cc1,,1,,,,,train
CC(CO)COC1CC2CCC1(C)C2(C)C,,1,,,,,train
CC(C)OC(=O)c1ccc(O)cc1,,1,,,,,train
C=CCOCC(=C)C(=O)OC,,1,,,,,test
CCCCCCC1CCCC(=O)O1,,1,,,,,train
O=Cc1ccccc1,,1,,,,,train
COc1ccc(C(C)=O)cc1,,1,,,,,train
C#CCN(C)Cc1cccc(C(=O)NC2CC(C)(C)N([O])C(C)(C)C2)c1,,1,,,,,train
CCNC,,0,,,,,valid
Cc1csc(C(=O)C(C)(C)N2CCOCC2)c1,,1,,,,,train
NC(C(=O)N1CCCC1)C(O)c1ccncc1,,1,,,,,train
CCCCCCCCCCCCCCO,,1,,,,,train
CC1=CCC(C(C)CC=O)CC1,,1,,,,,train
C=CC=O.O=S(=O)(O)CCS,,1,,,,,test
CC(C)COC(=O)c1cc(N)c(Cl)c(N)c1,,1,,,,,train
CCCCCCCCC(C)C=O,,1,,,,,train
O=[N+]([O-])c1cc(C(F)(F)F)ccc1Cl,,1,,,,,train
C=O,,1,,,,,train
CCC(C)C(NC(=O)C(CCCN=C(N)N)NC(=O)C(CCCN=C(N)N)NC(=O)C(CC(C)C)NC(=O)C(Cc1ccccc1)NC(=O)C(Cc1c[nH]c2ccccc12)NC(=O)CNC(=O)C(N)Cc1ccc(O)cc1)C(=O)NC(CCCN=C(N)N)C(=O)N1CCCC1C(=O)NC(CCCCN)C(N)=O,,1,,,,,valid
COc1cc(N=[N+]([O-])c2ccc(N=Nc3c(S(=O)(=O)O)cc4cc(S(=O)(=O)O)cc(O)c4c3O)c(OC)c2)ccc1N=Nc1c(S(=O)(=O)O)cc2cc(S(=O)(=O)O)cc(O)c2c1O,,0,,,,,train
C=C(C)C(=O)OC1CCCCC1,,1,,,,,train
CCOC(C)(C)C,,0,,,,,train
O=C1CCC=CCCCCCCCCCC1,,1,,,,,train
CC12CCC3C(C4CC4C4(O)CC(O)CCC34C)C1C1CC1C2=O,,1,,,,,test
CC12CCC(=O)C=C1C=CC1C2CCC2(C)C1CCC21CCC(=O)O1,,1,,,,,train
CCCCCCCCCCCCCC=C(C)C(CC(=O)OCCOC(=O)C(CC(=O)O)C(C)=CCCCCCCCCCCCCC)C(=O)O.CN(C)CCO.CN(C)CCO,,1,,,,,train
COC(=O)c1ccccc1OS(=O)(=O)c1ccc(O)cc1,,1,,,,,train
O=C1OC(=O)c2cc(C(c3ccc4c(c3)C(=O)OC4=O)(C(F)(F)F)C(F)(F)F)ccc21,,1,,,,,train
NC(=O)CCC(C(=O)O)N(CCNC(=S)Nc1ccc2c(c1)C(=O)OC21c2ccc(O)cc2Oc2cc(O)ccc21)C(=O)c1ccc(NCc2cnc3nc(N)[nH]c(=O)c3n2)cc1,,1,,,,,valid
CCOC(=O)CC(CC(=O)OCC)(OC(C)=O)C(=O)OCC,,1,,,,,train
CN1CCN(c2ncccc2CO)C(c2ccccc2)C1,,1,,,,,train
CCOC=C(C(=O)OCC)C(=O)OCC,,1,,,,,train
CCOc1ccc(C(=O)O)cc1,,1,,,,,train
C=C(C)C(=O)OC(C)CO.C=C(C)C(=O)OCC(C)O,,0,,,,,test
C=CC(=O)OCCOCCOCC(CC)CCCC,,1,,,,,train
C=COCCCCOC=C,,1,,,,,train
Oc1cccc2c(O)cccc12,,1,,,,,train
ICCCI,,1,,,,,train
CCN(CC)c1ccc(C(=N)c2ccc(N(CC)CC)cc2)cc1,,1,,,,,valid
CC(C)C(=O)Nc1nc(-c2ccc(O)cc2O)cs1,,1,,,,,train
CC(C1CC1)C(O)c1ccc(Cl)cc1,,1,,,,,train
C1CCc2n[nH]nc2C1,,0,,,,,train
Cc1ccc(N(CC(C)O)CC(C)O)cc1,,1,,,,,train
CCC=CCCOC(=O)c1ccccc1,,1,,,,,test
NCCCCCCCCCCN,,1,,,,,train
Cc1cc(-c2ccc(OC(F)(F)C(F)C(F)(F)F)cc2)sc1-c1nc(-c2c(F)cccc2Cl)nn1C,,1,,,,,train
N#CC1(N2CCCCC2)CCN(Cc2ccccc2)CC1,,1,,,,,train
Cc1ncoc1C(N)=O,,0,,,,,train
FC(F)(F)c1cn(-c2ccc(Cl)cc2Br)nn1,,1,,,,,valid
Cc1ccc([N+](=O)[O-])cc1[N+](=O)[O-],,1,,,,,train
CC(C=O)Cc1ccc(C(C)C)cc1,,1,,,,,train
CC(C)(C)c1cc(C=CC=O)cc(C(C)(C)C)c1O,,1,,,,,train
O=C1CCCC=CCCCCCCCCCC1,,1,,,,,train
CCN(CCO)c1ccccc1,,1,,,,,test
CC(=CCCC=O)CCCC(C)(C)O,,1,,,,,train
C[N+]1=C2C=C(N)C(=O)c3[nH]cc(c32)CC1,,1,,,,,train
CC(N)c1ccccc1,,1,,,,,train
NC(=O)N=NC(N)=O,,1,,,,,train
COC=C(C(=O)OC)c1ccccc1CCl,,1,,,,,valid
C=CCCCCCC,,1,,,,,train
CCOC(=O)c1ccccc1-c1c2ccc(N(CC)CC)cc2[o+]c2cc(N(CC)CC)ccc12,,1,,,,,train
CNCC(O)c1cccc(O)c1,,1,,,,,train
CCCC(O)C(CC)CO.CCCC=C(C=O)CC.CCCCC(C=O)CC,,1,,,,,train
CC=CC(=O)C(C)CC,,1,,,,,test
c1ccc2[nH]nnc2c1,,0,,,,,train
O=C(CCl)Nc1ccccc1Cc1ccccc1,,1,,,,,train
CCCCN(C)C(=NC1CCCCC1)NC1CCCCC1,,1,,,,,train
CNC(=O)c1cc(Oc2ccc(N)cc2)ccn1,,1,,,,,train
Fc1c(Cl)cc(C2(C(F)(F)F)CC(c3ccc4c(c3)COC43CNC3)=NO2)cc1Cl.O=S(=O)(O)c1ccccc1,,1,,,,,valid
CC(C#N)c1cccc(C(=O)Cl)c1,,1,,,,,train
CC(C)ON=O,,1,,,,,train
CC(C)CCCC(C)CCO,,1,,,,,train
CCCCCCCCCCCCOC(=O)c1ccccc1,,1,,,,,train
O=C(O)CC(O)(CC(=O)O)CC(=O)O,,1,,,,,test
CCCCCCCCC=CCCCCCCCCN(CCO)CCO,,1,,,,,train
CN(C)CCCN1CN(CCCN(C)C)CN(CCCN(C)C)C1,,1,,,,,train
COc1cc([N+](=O)[O-])ccc1N,,1,,,,,train
CCCCCCCCCCCC(=O)N([O-])CCCN(C)C,,1,,,,,train
O=C(O)Cc1ccc(O)cc1,,0,,,,,valid
CC(=O)C=C(C)C,,1,,,,,train
CCC(C)(OOC(C)(C)C)OOC(C)(C)C,,1,,,,,train
C=CC(C)(O)CCC=C(C)CC,,1,,,,,train
O=C(O)C(O)C(O)C(=O)O,,1,,,,,train
Cc1cccc(C)c1OCC(O)COc1c(C)cccc1C,,1,,,,,test
O=c1nc(NO)ccn1C1OC(CO)C(O)C1O,,1,,,,,train
CCCCCCCCCCCC(=O)NCCCCC(N)C(=O)NC(CCCNC(=N)N)C(=O)NC(Cc1c[nH]c2ccccc12)C(=O)NC(CCCNC(=N)N)C(=O)NC(Cc1c[nH]c2ccccc12)C(=O)NC(CCCNC(=N)N)C(=O)NC(Cc1c[nH]c2ccccc12)C(N)=O,,1,,,,,train
CC(C)COCCO,,0,,,,,train
Brc1cnc2[nH]ccc2c1,,1,,,,,train
Cc1ccc(C(=O)c2ccccc2)cc1,,1,,,,,valid
Cc1cc(C)c(O)c(C)c1,,1,,,,,train
Cc1ccc(S(=O)(=O)c2ccc(O)c(O)c2)cc1,,1,,,,,train
C=C(C)C(=O)OCCC[Si](C)(C)O[Si](C)(C)CCCOC(=O)C(=C)C,,1,,,,,train
CCP(Br)(c1ccccc1)(c1ccccc1)c1ccccc1,,1,,,,,train
N=C(N)Nc1ccccc1.N=C(N)Nc1ccccc1.O=C(O)O,,1,,,,,test
Clc1nc2ccccc2s1,,1,,,,,train
O=[N+]([O-])c1cccc(Cl)c1,,1,,,,,train
CC(C)(C=NCC1(C)CC(N=CC(C)(C)CN2CCOCC2)CC(C)(C)C1)CN1CCOCC1,,1,,,,,train
CCCCCCOC(=O)CCC,,1,,,,,train
CC(=O)NC(C)C(=O)NC(CO)C(=O)NC(CSSCC(NC(=O)C(CO)NC(=O)C(C)NC(C)=O)C(=O)NC(CCCNC(=N)N)C(=O)NC(Cc1cnc[nH]1)C(=O)NC(Cc1ccc(O)cc1)C(=O)NC(CC(C)C)C(=O)NC(CC(N)=O)C(=O)NC(CC(C)C)C(=O)NC(C(=O)NC(C(=O)NC(CCCNC(=N)N)C(=O)NC(CCC(N)=O)C(=O)NC(CCCNC(=N)N)C(=O)NC(Cc1ccc(O)cc1)C(N)=O)C(C)O)C(C)C)C(=O)NC(CCCNC(=N)N)C(=O)NC(Cc1cnc[nH]1)C(=O)NC(Cc1ccc(O)cc1)C(=O)NC(CC(C)C)C(=O)NC(CC(N)=O)C(=O)NC(CC(C)C)C(=O)NC(C(=O)NC(C(=O)NC(CCCNC(=N)N)C(=O)NC(CCC(N)=O)C(=O)NC(CCCNC(=N)N)C(=O)NC(Cc1ccc(O)cc1)C(N)=O)C(C)O)C(C)C,,1,,,,,valid
CS(=O)(=O)CC(=O)Oc1ccc([N+](=O)[O-])cc1,,1,,,,,train
C1CCSC1,,1,,,,,train
CCCCCCCC(=O)NCCO.CCCCCCCCCC(=O)NCCO,,1,,,,,train
Cc1cc(N(C)C)cc(C)c1C(=C1C=CC(=[N+](C)C)C=C1)c1ccc(N(C)C)cc1,,1,,,,,train
CCC(C)(OO)OO.CCC(C)(OO)OOC(C)(CC)OO,,1,,,,,test
C=Cc1ccc(CCl)cc1.C=Cc1cccc(CCl)c1,,1,,,,,train
CCCCOC(=O)NC(=S)SCCCC,,1,,,,,train
CCCC(=O)OCC=C(C)CCC=C(C)C,,1,,,,,train
Cc1cc(C)cc(O)c1.Cc1ccc(C)c(O)c1.Cc1ccc(O)c(C)c1.Cc1ccc(O)cc1C.Cc1cccc(C)c1O.Cc1cccc(O)c1C,,1,,,,,train
O=C=Nc1ccc(Cl)c(C(F)(F)F)c1,,1,,,,,valid
COc1cc2ccnc3c2c(c1OC)C(=O)c1ccccc1-3,,1,,,,,train
Cc1ncc(C#N)c(N)n1,,0,,,,,train
CCCCC(CC)COC(=O)CC#N,,1,,,,,train
CCCNCC,,1,,,,,train
Fc1ccc2c(C3CCNCC3)noc2c1,,1,,,,,test
CCOC(=O)CC(CC(C)=O)C(=O)OCC,,0,,,,,train
CN1CCC(Cl)CC1,,0,,,,,train
CCCC=O,,1,,,,,train
CCCCCCCCCCCCCC[N+](C)(C)Cc1ccccc1,,1,,,,,train
COc1ccc2c(c1)CCC1C2CCC2(C)C(=O)CCC12,,1,,,,,valid
NCCCCCCN.O=C(O)CCCCCCCCC(=O)O,,1,,,,,train
C=CCCCCCCCC(=O)N(C)C,,1,,,,,train
C=CCCCCCCCCCCCCCC,,1,,,,,train
CCC=CCC1=C(C)CCC1=O,,1,,,,,train
OC1COC2C(O)COC12,,1,,,,,test
CC(=O)c1ccc2c(c1)COC21CN(C(=O)OC(C)(C)C)C1,,1,,,,,train
CC(NC1CCc2[nH]c3ccccc3c2C1)c1ccccc1,,1,,,,,train
OC(CS)C(O)CS,,1,,,,,train
CC(C)c1cccc(C(C)CC=O)c1,,1,,,,,train
CCCCCCCCCCCCOC(=O)C(C)O,,1,,,,,valid
CCN(CC)c1ccc(C(=C2C=CC(=[N+](CC)CC)C=C2)c2ccccc2)cc1,,1,,,,,train
Oc1ccc(O)c2c1C(O)C1OC1C21Oc2cccc3cccc(c23)O1,,1,,,,,train
CCC=CCCOC(=O)CC=CCC,,1,,,,,train
C1=C(c2cccnc2)CCNC1,,1,,,,,train
C=CCCC(=O)CC1CC2CCC1C2,,1,,,,,test
CCN(CCNS(C)(=O)=O)c1ccc(N)c(C)c1,,1,,,,,train
CCCCCCCCCCCC(=O)N(C)CC(=O)O,,1,,,,,train
Cn1sccc1=O,,1,,,,,train
CC(=O)c1cccc(C(F)(F)F)c1,,1,,,,,train
Cc1cc(Cc2cc(C)c(OCC3CO3)c(C)c2)cc(C)c1OCC1CO1,,1,,,,,valid
NP(N)(=O)Oc1ccccc1,,1,,,,,train
COc1cc(O)c(C(=O)c2ccccc2)cc1S(=O)(=O)O.Clc1ccc([S+](c2ccc(Cl)cc2)c2ccc(Cl)cc2)cc1,,1,,,,,train
COC(=O)c1sc(N)c(C#N)c1C,,1,,,,,train
C1=Cc2ccccc2C1.CC(C)c1ccccc1.CCc1ccc(CC)cc1.Cc1cc(C)cc(C)c1.Cc1ccccc1.c1ccc2c(c1)CCC2.c1ccc2c(c1)CCCC2.c1ccc2ccccc2c1.c1ccccc1,,1,,,,,train
CC(=O)NC(CCC(=O)O)C(=O)O.CC(C)CC(N)c1ccccc1N1CCCCC1,,1,,,,,test
CC(=CC1CCCCC1)CC(C)C=O,,1,,,,,train
CC(=O)OCc1cc(C(C)=O)ccc1OC(C)=O,,1,,,,,train
CCCCCC1CCC(=O)CC1,,1,,,,,train
CC(=O)OC1(C)CCOC(CC(C)C)C1,,1,,,,,train
CCCN(CCc1cccs1)C1CCc2c(O)cccc2C1,,1,,,,,valid
CC(CC(C)C)=NNC(=O)c1cc2ccccc2cc1O,,1,,,,,train
C1CCNCC1,,1,,,,,train
N#CC(F)(F)C(F)(F)C(F)(F)C(F)(F)C(F)(F)OC(F)=C(F)F,,1,,,,,train
Sc1nc2ccccc2[nH]1,,1,,,,,train
COc1ccc(CC(=O)O)cc1,,0,,,,,test
C=CC(C)(O)CCCC(C)C,,1,,,,,train
Cc1ccc(OCC(=O)N(Cc2cccs2)c2cc[nH]n2)cc1,,1,,,,,train
Nc1nc(Cl)nc(Nc2ccc(S(=O)(=O)O)c(N=Nc3c(S(=O)(=O)O)cc4cc(S(=O)(=O)O)c(N=Nc5cc(S(=O)(=O)O)ccc5S(=O)(=O)O)c(N)c4c3O)c2)n1,,0,,,,,train
CC(C)=CCCC(C)=CC=CC(C)=CC[P+](c1ccccc1)(c1ccccc1)c1ccccc1,,1,,,,,train
CNS(=O)(=O)CC1CCC(N(C)c2ncnc3[nH]ccc23)CC1,,1,,,,,valid
COC(=O)CC1CCCCC1,,1,,,,,train
CCOC(=S)SC(C)C(=O)OC,,1,,,,,train
CCCCCCCCCCCC(=O)OCC(O)COCC(O)CO,,1,,,,,train
CCCCCCCCCOC(C)=O,,1,,,,,train
CNC(C)C(O)c1ccccc1,,1,,,,,test
COc1ccc2ccccc2c1,,1,,,,,train
CC(c1ccccc1)c1ccc(O)cc1O,,1,,,,,train
CC(=O)OC1CC(C)CCC1C(C)C,,1,,,,,train
CC(O)CNC(=O)C(C)(C)CCC(C)CCC(C)CCC(C)(C)C,,1,,,,,train
CC(=O)Nc1ccc2c(O)cc(S(=O)(=O)O)cc2c1,,0,,,,,valid
CCCC[N+](CC)(CCCC)CCCC.CCOS(=O)(=O)O,,1,,,,,train
CCCCCCCCCCCC(=O)NC(CCC(=O)O)C(=O)O,,0,,,,,train
O=C(O)CCC(NP(=O)(O)OCCCCc1ccccc1)C(=O)O,,1,,,,,train
CC1=CCCC2(C)C(OC=O)C(C)CCC12C,,1,,,,,train
CCCCP(CCCC)CCCC,,1,,,,,test
CCCCCCCCCC(C)C=O,,1,,,,,train
CCCl,,1,,,,,train
C=CCOC(=O)COc1ccccc1,,1,,,,,train
CCC(C)Nc1ccc(Cc2ccc(NC(C)CC)cc2)cc1,,1,,,,,train
CC(=O)c1ccc(O)cc1,,1,,,,,valid
Cc1cccc(O)c1,,1,,,,,train
CCCc1nc2c(C)cc(-c3nc4ccccc4n3C)cc2[nH]1,,1,,,,,train
CN(C)CCCNC1CC(C)(C)NC(C)(C)C1,,1,,,,,train
CCN(CCc1ccccc1)c1ccc(C=Cc2cc[n+](CCO)cc2)cc1,,1,,,,,train
CCCCCCCCCCCCCCCCC(CO)CCCCCCCCCCCCCC,,1,,,,,test
CC1=NN(c2ccc(S(=O)(=O)O)cc2)C(=O)C1,,0,,,,,train
CCC(CC(C)CC)=NO,,1,,,,,train
CC1(c2cccc(C=Cc3ccc(Cl)cn3)c2)CCSC(N)=N1,,1,,,,,train
C1=CCCC1.C1CCCC1.CC=C(C)C.CC=CCC.CCC(C)C.CCCCC,,1,,,,,train
COC(=O)c1nc(Cl)c(Cl)nc1N,,1,,,,,valid
CC(=O)Nc1ccc(F)cc1Br,,1,,,,,train
CCCCC(CC)CO[N+](=O)[O-],,1,,,,,train
C=CCOC(=O)C=Cc1ccccc1,,1,,,,,train
Cc1cc(C(C)(C)C)c(O)c(C)c1CC#N,,1,,,,,train
CCCCCCCCCCC(=O)OC[N+]1=CN(C)CC1,,1,,,,,test
CCCCCCCCCCCCCCCCCC(=O)OCC[N+](C)(C)CCO.CCCCCCCCCCCCCCCCCC(=O)OCC[N+](C)(C)CCOC(=O)CCCCCCCCCCCCCCCCC,,1,,,,,train
CC1CCC2(O)C(C)(C)C3CCC2(C)C1C3,,1,,,,,train
CN(C)CCN1CCN(C)CC1,,1,,,,,train
CO[Si](CCCS)(OC)OC,,1,,,,,train
COC1CC=CC(C)C2OC(O)(C(C)C(=O)OC(c3ccccc3)CCCC1)C(OC)C(O)C2C,,1,,,,,valid
CCCCCC(=Cc1ccccc1)C(OCC)OCC,,1,,,,,train
COC1CCCCCCCCCCC1,,1,,,,,train
CCOCC(C)OC(C)=O,,0,,,,,train
O=C1C=CC(=O)c2ccccc21,,1,,,,,train
CCC(C)C1CCCCC1=O,,1,,,,,test
C1=Cc2ccccc2C1.Oc1ccccc1.c1ccc2ccccc2c1,,1,,,,,train
CCN1OCC(NC(=O)c2ccc(C3=NOC(c4cc(Cl)c(F)c(Cl)c4)(C(F)(F)F)C3)cc2C)C1=O,,1,,,,,train
C=CCc1cc(C(CC)c2ccc(O)c(CC=C)c2)ccc1O,,1,,,,,train
O=C(c1ccc(O)cc1)c1ccc(O)cc1,,1,,,,,train
Nc1ncccc1O,,1,,,,,valid
O=C(O)c1ccccc1-c1c2ccc3cc(O)ccc3c2oc2c1ccc1cc(=O)ccc12,,1,,,,,train
CC12CCCC3(C1)C(OC=O)CC(C)(C)C3CC2,,1,,,,,train
CC(C)CCOC(=O)c1ccccc1O,,1,,,,,train
Nc1ccc(OCCO)c(N)c1,,1,,,,,train
O=S1(=O)CCCO1,,1,,,,,test
Cc1ccc(C2OCCS2)cc1,,1,,,,,train
CC1CCC(C(C)C)C(OCC(O)CO)C1,,1,,,,,train
Cc1ccc(S(C)(=O)=O)cc1[N+](=O)[O-],,0,,,,,train
C=CSCCO,,1,,,,,train
C=C(C)OCC(C)(C)C=NCC1(C)CC(N=CC(C)(C)COC(C)=O)CC(C)(C)C1,,1,,,,,valid
CCNC(C)Cc1ccc(OC)cc1,,0,,,,,train
O=C=NCc1cccc(CN=C=O)c1,,1,,,,,train
Nc1ccc2c(O)c(N=Nc3ccc(N=Nc4ccc(S(=O)(=O)O)cc4)cc3)c(S(=O)(=O)O)cc2c1,,0,,,,,train
O=C1NC(=O)C(=Cc2cnn3c(NC4CC4)cc(-c4csc(C(=O)O)c4)nc23)N1,,1,,,,,train
C=C(C)C(=O)OCCOC(=O)C(=C)C,,1,,,,,test
CC(=O)OC(c1ccccc1)C(Cl)(Cl)Cl,,1,,,,,train
O=C(O)C(CCBr)(c1ccccc1)c1ccccc1,,1,,,,,train
Nc1ccc(C=Cc2ccc(N)cc2S(=O)(=O)O)c(S(=O)(=O)O)c1,,1,,,,,train
Cc1cccc(C)c1OS(=O)(=O)c1ccc(O)cc1,,1,,,,,train
COc1ccc(NCCO)cc1N,,1,,,,,valid
CCCCCCCC[N+](C)(CCCCCCCC)CCCCCCCC,,1,,,,,train
CSCCC(N)C(=O)O,,0,,,,,train
C=CCn1c(=O)n(CC=C)c(=O)n(CC=C)c1=O,,0,,,,,train
C=CC(C)(CCC=C(C)C)OC(=O)CC,,1,,,,,train
C=C(C)C(=O)OCCOCCCC,,0,,,,,test
CCCCCCCCCCCCN(C)C,,1,,,,,train
CC1CC(Nc2ncnc3[nH]cnc23)CC(C)(C)C1,,1,,,,,train
NCCCN1CCN(CCCN)CC1,,1,,,,,train
CCCCCOC(=O)c1ccccc1O,,1,,,,,train
CCOC(=O)C12CCCC1C1CCC2C1,,1,,,,,valid
CCCCC(CC)C(=O)OOC(C)(C)CC,,1,,,,,train
CCCC1CC=C(C)C(=O)C1,,1,,,,,train
C1CNCCCNCCCNC1,,1,,,,,train
CC(C=CC1(O)C(C)CCCC1(C)C)=CC(=O)O,,1,,,,,train
CCCCCCCCCCOC(C)=O,,1,,,,,test
CN(C)Cc1ccccc1Cl,,1,,,,,train
CCNC(=S)NCC,,1,,,,,train
CCc1cccc(C)c1Nc1ccc2cc(S(=O)(=O)O)cc(O)c2c1N=Nc1ccc(N=Nc2ccc(N(CC)Cc3ccc(S(=O)(=O)O)cc3)cc2)cc1.CCc1cccc(C)c1Nc1ccc2cc(S(=O)(=O)O)cc(O)c2c1N=Nc1ccc(N=Nc2ccc(N(CC)Cc3cccc(S(=O)(=O)O)c3)cc2)cc1,,1,,,,,train
CCOP(=O)(O)NC(CC(C)C)C(=O)O,,1,,,,,train
Cc1ccc2c(c1)CC(C)(CO)C2,,1,,,,,valid
CC(=O)Oc1ccc(Br)cc1,,1,,,,,train
CCC[N+]1(C)CCCC1.O=S(=O)(F)NS(=O)(=O)F,,1,,,,,train
CN(CS(=O)(=O)O)c1ccc(N=Nc2cccc(S(N)(=O)=O)c2)cc1,,1,,,,,train
CC(C)(C)c1cc(O)ccc1O,,1,,,,,train
CO[Si](C)(CCCS)OC,,1,,,,,test
CCCCN(C)C,,1,,,,,train
CC(=O)OC(C)CC(C)(C)c1ccccc1,,1,,,,,train
O=S(=O)(O)c1cc(N=Nc2ccc3c(S(=O)(=O)O)cccc3c2S(=O)(=O)O)c2c(O)c(Nc3nc(Cl)nc(Nc4ccc(Nc5nc(Cl)nc(Nc6c(S(=O)(=O)O)cc7cc(S(=O)(=O)O)cc(N=Nc8ccc9c(S(=O)(=O)O)cccc9c8S(=O)(=O)O)c7c6O)n5)cc4)n3)c(S(=O)(=O)O)cc2c1,,1,,,,,train
C[Si](C)(C)O[Si](C)(CCCOCC(O)CO)O[Si](C)(C)C,,1,,,,,train
CC1(C)C2CCC3(C2)C1C(=O)CCC3(C)C,,1,,,,,valid
Sc1nnc(S)s1,,1,,,,,train
CC(C)(O)C(=O)c1ccc(Oc2ccc(C(=O)C(C)(C)O)cc2)cc1,,1,,,,,train
CCCCN(CCO[N+](=O)[O-])[N+](=O)[O-],,1,,,,,train
CCC(N)CO[Si](C)(OCC(N)CC)OCC(N)CC,,1,,,,,train
C=CC(C)(CCC=C(C)C)OC(C)=O,,1,,,,,test
CC(CCO)CCc1ccccc1,,1,,,,,train
CCCCCCCCCCCC(=O)OCC(C)(C)C=Nc1ccc(N=CC(C)(C)COC(=O)CCCCCCCCCCC)cc1,,1,,,,,train
CC1(C(=O)O)CCC2(C)CCC3(C)C(=CC(=O)C4C5(C)CCC(O)C(C)(C)C5CCC43C)C2C1,,1,,,,,train
O=C(Cc1ccccc1)Nc1nnc(CCCCc2nnc(NC(=O)Cc3cccc(OCCN4CCOCC4)c3)s2)s1,,1,,,,,train
CCC(N)CO,,0,,,,,valid
Sc1ccccc1Cl,,1,,,,,train
O=Cc1ccc(O)cc1,,1,,,,,train
CCOC(=O)CCC1(C)OCC(CO)O1,,0,,,,,train
Cl[Si](Cl)(c1ccccc1)c1ccccc1,,1,,,,,train
Oc1cc(Cl)ccc1Oc1ccc(Cl)cc1,,1,,,,,test
Cc1ccc2c(c1)C(=O)c1ccccc1C2=O,,1,,,,,train
C=CCCCCCCO,,1,,,,,train
Cc1cc(C)c(N)c(C)c1N,,1,,,,,train
CC(O)CC(C)CCc1ccccc1,,1,,,,,train
C[S+](C)C,,1,,,,,valid
O=Cc1ccc(CO)o1,,1,,,,,train
CCCCC(CC)C(=O)OCCOCCOCCOCCOC(=O)C(CC)CCCC,,0,,,,,train
Cc1cc(C)cc(C(C)(C)c2cc(C)cc(C)c2)c1,,1,,,,,train
CCNc1cc2[o+]c3cc(NCC)c(C)cc3c(-c3ccccc3C(=O)OC)c2cc1C,,1,,,,,train
O=C(O)Cc1cccc(CC(=O)O)c1,,0,,,,,test
O=C(Cl)c1cc(C(=O)Cl)cc(C(=O)Cl)c1,,1,,,,,train
CC(=O)OCC=C(C)CCC=C(C)C,,1,,,,,train
C=CCCC,,0,,,,,train
c1ccc(CCOC2CCCCC2)cc1,,1,,,,,train
CCCCCC(=O)OC,,1,,,,,valid
CC(=O)OC(CC=C(C)C(Cl)C(Br)Br)C(C)(Br)CCl,,1,,,,,train
C#CCO,,1,,,,,train
c1ncc2cc[nH]c2n1,,1,,,,,train
C=COCCCCO,,1,,,,,train
O=c1occo1,,1,,,,,test
CCC(C)C,,1,,,,,train
CC(CC(=O)Cl)CC(C)(C)C,,1,,,,,train
CC(C)COC(=O)C(C)C,,1,,,,,train
CCOC(=O)C(CC)C(=O)OCC,,0,,,,,train
C=CC1CN2CCC1CC2C(O)c1ccnc2ccc(OC)cc12,,1,,,,,valid
CN(C)C1CCN(c2cc(-c3ccccc3)nc3ccnn23)C1,,1,,,,,train
CCCC(C)C1OCC(C)(CCC)CO1,,1,,,,,train
CCCCC(C=O)CC,,1,,,,,train
O=S1(=O)C=Cc2ccccc21,,1,,,,,train
O=Cc1ccc2c(c1)OCO2,,1,,,,,test
C=CC(=O)OCCOCCOCCOCCOC(=O)C=C,,0,,,,,train
COC1CC2CC1C1C=CCC21,,1,,,,,train
OC(CNCc1ccccc1)C1CCc2cc(F)ccc2O1,,1,,,,,train
COc1cccc2c1C(=O)c1c(O)c3c(c(O)c1C2=O)CC(O)(C(=O)CO)CC3OC1CC(N=c2c(O)c(O)c2=NCCCCCCN=c2c(O)c(O)c2=NC2CC(OC3CC(O)(C(=O)CO)Cc4c(O)c5c(c(O)c43)C(=O)c3c(OC)cccc3C5=O)OC(C)C2O)C(O)C(C)O1,,1,,,,,train
CCCCCCC=O,,1,,,,,valid
NC(=O)c1ccc[n+](Cc2ccccc2)c1,,0,,,,,train
CC(C)=CCCC(C)=CCCC=O,,1,,,,,train
O=C1c2ccccc2C(=O)C1c1ccc2cc(S(=O)(=O)O)ccc2n1,,0,,,,,train
O=C(O)c1cccc([N+](=O)[O-])c1,,1,,,,,train
CC(O)CC(C)(C)c1ccccc1,,1,,,,,test
C[P+](c1ccccc1)(c1ccccc1)c1ccccc1,,1,,,,,train
CCCCCC#CC(=O)OC,,1,,,,,train
CCCCCCCCCc1ccc(OCC(=O)O)cc1,,1,,,,,train
Cc1nc2n(c(=O)c1CCN1CCC(C(=NO)c3ccc(F)cc3F)CC1)CCCC2,,1,,,,,train
CCC(=O)N(c1ccccc1)C1CCN(Cc2ccccc2)CC1,,1,,,,,valid
CCCCCCCCCCCCCCN.Cc1cc(C)c(Nc2cc(S(=O)(=O)O)c(N)c3c2C(=O)c2ccccc2C3=O)c(C)c1,,1,,,,,train
CCCCCCCCCCCCOS(=O)(=O)c1ccccc1,,1,,,,,train
Nc1nc(C2CC2)nc(C(=O)O)c1Cl,,1,,,,,train
CC=CC(C)OC.CC=CC(C)OC.CCC(C)(C)OC,,1,,,,,train
COc1cc(C(C)=O)ccc1O,,1,,,,,test
CCCCCCCCCCCC(=O)OCC(C)(C)C=O,,1,,,,,train
CCOc1ccc2ccccc2c1,,1,,,,,train
C=Cc1ccccc1,,1,,,,,train
CO[Si](C)(CC(C)CNCCN)OC,,1,,,,,train
C=CCCCCCCCCCCCCCCCC,,1,,,,,valid
CC(C)C=NCC1(C)CC(N=CC(C)C)CC(C)(C)C1,,1,,,,,train
CCCCCC=CC=CC(=O)OCC,,1,,,,,train
CC(=O)Oc1c(C)ncc2c1COC(C(C)C)OC2,,0,,,,,train
CON=C(C(=O)OC)c1ccccc1COc1cc(C)ccc1C,,1,,,,,train
Cc1cccc2[nH]c(=S)[nH]c12,,1,,,,,test
O=C(O)CCc1ccccc1,,1,,,,,train
CC1=CC(C)OC(C(C)c2ccccc2)C1,,1,,,,,train
CC=CC(=O)OC(C)CC(C)C,,1,,,,,train
CCCCCCCCCCCCCCCCCCCCCCCCO,,1,,,,,train
CCOC(=O)CC#N,,0,,,,,valid
CC1COc2ccccc2N1C(=O)C(Cl)Cl,,1,,,,,train
CCOP(=O)(C(=O)c1c(C)cc(C)cc1C)c1ccccc1,,1,,,,,train
COc1cc(C#N)cc(OC)c1O,,1,,,,,train
C1CCNC1,,1,,,,,train
COc1ccc(CC(C)C=O)cc1,,1,,,,,test
CC(C)(C)OOC(=O)C(C)(C)C,,1,,,,,train
OC1(c2ccc(Cl)cc2)CCNCC1,,1,,,,,train
CC(=O)Nc1cc(S(=O)(=O)O)cc(N)c1O,,0,,,,,train
O=C(O)c1ccccc1C(=O)c1ccc(-c2ccccc2)cc1,,1,,,,,train
CN(C)c1ccc(C(=C2C=CC(=[N+](C)C)C=C2)c2c(O)c(S(=O)(=O)O)cc3cc(S(=O)(=O)O)ccc23)cc1,,1,,,,,valid
CCCCCCCCCCCCCCCCCCOCCC[N+](C)(C)C,,1,,,,,train
CC(C)CC(=O)CC(C)C,,1,,,,,train
C=CC(C)(CCC=C(C)C)OC(=O)N(C)C,,1,,,,,train
CC(O)C(C)Cc1ccccc1,,1,,,,,train
NC(=O)c1ccc(N)cc1F,,1,,,,,test
CC1(C)C2C(=O)OC(O)C21,,1,,,,,train
OC1C=CC(O)C23OC12C(O)C1OC1C31Oc2cccc3cccc(c23)O1,,1,,,,,train
Cc1nc(CCl)nc2ccccc12,,1,,,,,train
COC1CCC2(O1)C1CC1C1C3C=CC4=CC(=O)CCC4(C)C3CCC12C,,1,,,,,train
NNC(N)=O,,1,,,,,valid
CSCCC(NC(=O)C(CC(C)C)NC(=O)CNC(=O)C(Cc1ccccc1)NC(=O)C(Cc1ccccc1)NC(=O)C(CCC(N)=O)NC(=O)C(CCC(N)=O)NC(=O)C1CCCN1C(=O)C(CCCCN)NC(=O)C1CCCN1C(=O)C(N)CCCN=C(N)N)C(N)=O,,1,,,,,train
CCn1cc[n+](C)c1.O=S(=O)(O)C(F)(F)F,,0,,,,,train
OCCOc1ccc2ccccc2c1,,1,,,,,train
CC=CC(=O)C1C(C)=CCCC1(C)C,,1,,,,,train
CC(=O)OCCc1ccccc1,,1,,,,,test
Cc1cc2[nH]c(=O)[nH]c2cc1N,,1,,,,,train
CCCCCCCCC=CCCCCCCCC(=O)NC1CC1O,,1,,,,,train
C=COCCOCCOC(=O)C=C,,1,,,,,train
CP(=O)(Oc1ccccc1)Oc1ccccc1,,1,,,,,train
CCCC1CC(C)(OC(C)=O)CCO1,,0,,,,,valid
C=CC(C)=CCC=C(C)C,,1,,,,,train
CCCCCCCCCCCCN(CCC(=O)O)CCC(=O)O,,1,,,,,train
CC(=O)c1ccc(C#N)cc1,,1,,,,,train
C=CC(=O)OCCCCCCCCCCCCCCCCCCCC,,1,,,,,train
CC(C)Cc1ccccc1,,1,,,,,test
CC1(O)CCC2CC1C2(C)C,,1,,,,,train
O=C(O)CC(C(=O)O)C(C(=O)O)C(C(=O)O)P(=O)(O)O.O=C(O)CC(C(=O)O)C(C(=O)O)C(C(=O)O)P(=O)(O)O.O=C(O)CC(C(=O)O)C(C(=O)O)C(C(=O)O)P(=O)(O)O.O=C(O)CC(C(=O)O)C(C(=O)O)C(C(=O)O)P(=O)(O)O.O=C(O)CC(C(=O)O)P(=O)(O)O.O=C(O)CC(C(=O)O)P(=O)(O)O,,0,,,,,train
O=C(O)CBr,,1,,,,,train
CCOC(=O)C(C)C1CCCCC1,,1,,,,,train
CCc1cccc2c(CCO)c[nH]c12,,1,,,,,valid
CCCCCCCCCCCCCCN(C)C,,1,,,,,train
CC(C)COP(O)(=S)OCC(C)C,,1,,,,,train
C1CCC(NC2CCCCC2)CC1.CC(C)(O)c1ccccc1CCC(SCC1(CC(=O)O)CC1)c1cccc(C=Cc2ccc3ccc(Cl)cc3n2)c1,,1,,,,,train
CCCCC(CC)COC(=O)CCS,,1,,,,,train
CCC(=O)OCC(C)(C)OC(C)C1CCCC(C)(C)C1,,1,,,,,test
Cc1nnc(C(=O)NC(C)(C)c2nc(C(=O)NCc3ccc(F)cc3)c(O)c(=O)n2C)o1,,1,,,,,train
C=CCCCCCCC,,1,,,,,train
CCC(C)c1cc(C(C)CC)c(O)c(C(C)CC)c1,,1,,,,,train
C=C(C)c1ccccc1.CC(C)c1cc(C(C)C)cc(C(C)C)c1.CC(C)c1ccc(C(C)C)c(C(C)C)c1.CC(C)c1ccc(C(C)C)cc1.CC(C)c1cccc(C(C)C)c1.CC(C)c1cccc(C(C)C)c1C(C)C.CC(C)c1ccccc1.CC(C)c1ccccc1C(C)C.Cc1ccc(C(C)C)cc1,,1,,,,,train
Cc1ccccc1Cc1ccccc1,,1,,,,,valid
CCCCCCCCCCCC(=O)NC(CCC(=O)O)C(=O)O.CCCCCCCCCCCCCC(=O)NC(CCC(=O)O)C(=O)O.OCCN(CCO)CCO.OCCN(CCO)CCO,,0,,,,,train
COS(=O)(=O)c1ccc(C)cc1,,1,,,,,train
CCCCCCCCCCN(C)C,,1,,,,,train
CN1C(=CC=CC2=[N+](C)c3ccccc3C2(C)C)C(C)(C)c2ccccc21,,1,,,,,train
CN(C1CCCCC1)C1CCCCC1,,1,,,,,test
CCCOC(=O)c1cc(O)c(O)c(O)c1,,1,,,,,train
COCc1ccc(-c2ccc(COC)cc2)cc1,,1,,,,,train
CCCCCCCCCCCCCCCCCCN(CCCCCCCCCCCCCCCC)CCCNCCCNCCCN.CCCCCCCCCCCCCCCCCCN(CCCCCCCCCCCCCCCCCC)CCCNCCCNCCCN.CCCCCCCCCCCCCCCCN(CCCCCCCCCCCCCCCC)CCCNCCCNCCCN,,1,,,,,train
CC=CC(=O)OC(C)C1CCCCC1,,1,,,,,train
CC1(C)C2CC=C(CCC=O)C1C2,,1,,,,,valid
CC(C)CCC(C)Nc1ccc(Nc2ccccc2)cc1,,1,,,,,train
COc1ccc(C(OCC2OC(n3ccc(NC(=O)c4ccccc4)nc3=O)CC2O)(c2ccccc2)c2ccc(OC)cc2)cc1,,1,,,,,train
CC(CCl)OP(=O)(OC(C)CCl)OC(C)CCl,,0,,,,,train
O[Si](O)(c1ccccc1)c1ccccc1,,1,,,,,train
CC(C)OC(=O)OOC(=O)OC(C)C,,1,,,,,test
CC1(C)CCCC(C)(C)N1[O],,1,,,,,train
CC1CCC(C(C)C)C(C(=O)NCCc2ccccn2)C1,,1,,,,,train
C=CC(=O)OCCCCOC(=O)C=C,,1,,,,,train
C1CC(N2CCOCC2)CCN1,,1,,,,,train
CC(C)(c1ccc(O)cc1)c1cccc(C(C)(C)c2ccc(O)cc2)c1,,1,,,,,valid
NC1(C2(O)OCCO2)CCC(=O)CC1,,1,,,,,train
O=C(c1ccccc1Cl)C1CCCC1,,1,,,,,train
C=C(C)C=O,,1,,,,,train
CC1=CCC(CC#N)C1(C)C,,1,,,,,train
CC1(C)COC2(CCC3C4CCC5=CC6(CCC5C4C(=O)CC32C)SCCS6)OC1,,1,,,,,test
CCc1ccc(O)cc1,,1,,,,,train
O=C(Cl)CCCCCl,,1,,,,,train
CC(c1ccccc1)c1ccccc1,,1,,,,,train
O=S(=O)(O)c1ccc(N=Nc2ccc(N=Nc3c(O)ccc4ccccc34)cc2)cc1,,1,,,,,train
CCCCOCCOCCOCCOCCCC.CCCCOCCOCCOCCOCCOCCCC,,1,,,,,valid
CCNCCCCNCCCCNCCCCNCC,,1,,,,,train
CO[Si](OC)(C1CCCC1)C1CCCC1,,1,,,,,train
CCOC(=O)CC(C)CC(C)(C)C,,1,,,,,train
COc1ccc2c(c1)C(=O)N(CCc1ccc(S(N)(=O)=O)cc1)C(=O)C2(C)C,,0,,,,,train
Nc1ccc(Br)c(C(F)(F)F)c1,,1,,,,,test
C1=Cc2ccccc2C1.c1ccc2c(c1)CCC2.c1ccc2ccccc2c1,,1,,,,,train
CCCCCCCCCCCCCCCCCCCC(=O)OCC(O)CO,,1,,,,,train
CCCCCCC(C)=O,,1,,,,,train
CC(C)CCOC(=O)Cc1ccccc1,,1,,,,,train
CC(CC(=O)CC(C)C1CC(=O)C2(C)C3=C(C(=O)C(O)C12C)C1(C)CCC(O)C(C)(C)C1CC3=O)C(=O)O,,1,,,,,valid
CC(C)(C)CC(C)(C)OO,,1,,,,,train
CCOC(=O)C(C)(C)c1ccccc1,,1,,,,,train
C=CC(=O)OCCOc1ccccc1-c1ccccc1,,1,,,,,train
Nc1c(OCCO)nn2ccccc12,,1,,,,,train
O=C(CCCCl)c1ccc(F)cc1,,1,,,,,test
CC(C(=O)c1ccc(Cl)cc1)C1CC1,,1,,,,,train
CCC(C)C(C)C(C)C(C)C(C)c1ccc(O)cc1,,1,,,,,train
C=C[Si](C=C)(C=C)C=C,,1,,,,,train
CCCCCCCCCCCC(=O)NCCO,,1,,,,,train
O=S(=O)(Nc1ccc(O)cc1)c1ccccc1,,1,,,,,valid
CC1CC2C3CCC4=CC(=O)CCC4(C)C3CCC2(C)C1C(=O)CO,,1,,,,,train
CC=CC(=O)O,,0,,,,,train
CO[PH](=O)OC,,1,,,,,train
O=C(O)c1cc(N=Nc2ccc(S(=O)(=O)Nc3ccccn3)cc2)ccc1O,,1,,,,,train
NCCCCCCNCCCCCCN,,1,,,,,test
CC1C(C)(C)C2CCc3cncnc3C2C1(C)C,,1,,,,,train
C=C1CCC(C)=CCCC=C(C)CCC1C(C)=O.C=C1CCC(C)=CCCC=C(C)CCC1C(C)=O.CC(=O)C1=C(C)CCC(C)=CCCC=C(C)CC1.CC(=O)C1CCC(C)=CCCC=C(C)CC=C1C.CC(=O)C1CCC(C)=CCCC=C(C)CC=C1C,,1,,,,,train
Cc1ccc2c(c1)C(=O)C(C)C2,,1,,,,,train
CCC=CCCOC(=O)c1ccccc1O,,1,,,,,train
CCCCCC=CCC=CCCCCCCCCC(=O)NCCC[N+](C)(C)CC(=O)O,,1,,,,,valid
CCC=CCCCCCCCC(=O)N(C)C,,1,,,,,train
NN=CS(=O)O,,1,,,,,train
CCCCC(CC)COC(=O)CC(O)C(=O)OCC(CC)CCCC,,1,,,,,train
CC(CCN)CC(C)(C)CNCCC#N.CC(CCNCCC#N)CC(C)(C)C.CC(CN)CC(C)(C)CCNCCC#N.CC(CNCCC#N)CC(C)(C)CCN,,1,,,,,train
CCOC(=O)CC(=O)C(F)(F)F,,1,,,,,test
CC1(C)CCC2(C(=O)O)CCC3(C)C(=CCC4C5(C)CCC(OC(=O)C=Cc6ccc(O)cc6)C(C)(C)C5CCC43C)C2C1,,1,,,,,train
O=C(NCc1cc2n(n1)CCCC2)c1cc2cncnc2[nH]1,,1,,,,,train
CC(=O)N1c2ccccc2C(C)CC1(C)C,,1,,,,,train
CCCCCON=O,,1,,,,,train
O=C(O)O,,1,,,,,valid
CC(=O)OC1(C(C)=O)CCC2C3C=CC4=CC(=O)C=CC4(C)C3CCC21C,,1,,,,,train
CC(C)=CCCC(C)=CCCC(C)CCO,,1,,,,,train
CC=CCC.CCC(C)C.CCCCC.CCc1cccc2ccccc12.CCc1ccccc1.Cc1cccc(C)c1.Cc1cccc2ccccc12.Cc1ccccc1.c1ccc2ccccc2c1.c1ccccc1,,1,,,,,train
CC=CC(=O)OC(=O)C=CC,,0,,,,,train
CC(=O)OCC(C)(C)COC(C)=O,,0,,,,,test
CC(C)C(=O)OOC(C)(C)C,,0,,,,,train
CBr,,1,,,,,train
CCOC(=O)C(C#N)C(C)=O,,1,,,,,train
O=[N+]([O-])c1cc(C(F)(F)F)cc([N+](=O)[O-])c1Cl,,1,,,,,train
CCCCCCCCCCCCCC=CC(O)C(CO)NC(=O)CCCCCCC,,1,,,,,valid
CC(=O)OCc1ccccc1,,1,,,,,train
CC(=O)CC(=O)Nc1ccccc1Cl,,1,,,,,train
CC(C)(O)C(=O)c1ccc(OCCO)cc1,,0,,,,,train
CCCCN(CCCC)c1nc(=S)[nH]c(=S)[nH]1,,1,,,,,train
Nc1ccc(N(CCO)CCO)cc1,,1,,,,,test
COC12CC(CO)CN(C)C1Cc1c[nH]c3cccc2c13,,1,,,,,train
Oc1ccc(Cl)c(O)c1,,1,,,,,train
Cc1ccc(Nc2ccc(Nc3ccc(C)cc3)c3c2C(=O)c2ccccc2C3=O)cc1,,1,,,,,train
Cc1[nH]n(-c2ccccc2)c(=O)c1N=Nc1ccccc1C(=O)O,,1,,,,,train
CC(=O)c1ccccc1-c1cccc2c(=O)cc(N3CCOCC3)oc12,,0,,,,,valid
NC(CO)CO,,0,,,,,train
OCc1ccc(Cl)cc1Cl,,1,,,,,train
ClCC1CO1.Nc1ccc(Cc2ccc(N)cc2)cc1,,1,,,,,train
O=S1(=O)CS(=O)(=O)OCO1,,1,,,,,train
CC(=O)OC1CCCCC1C(C)(C)C,,1,,,,,test
COc1ccc(C(O)CC(O)c2ccc(C(C)(C)C)cc2)cc1,,1,,,,,train
CC1COC(C)(CCC(=O)OCCCCOC(=O)CCC2(C)OCC(C)O2)O1,,0,,,,,train
CC(C)(O)C(=O)c1ccc(Cc2ccc(C(=O)C(C)(C)O)cc2)cc1,,1,,,,,train
C(CSSCCC[Si]12OCCN(CCO1)CCO2)C[Si]12OCCN(CCO1)CCO2,,1,,,,,train
CCC12CCC3C4CCC(=O)C=C4CCC3C1CCC2=O,,1,,,,,valid
CCCCCCCC(=O)OCCCO,,1,,,,,train
BrC=Cc1ccccc1,,1,,,,,train
CC(=O)C1=C(C)C2CC3(C1)C(C)CCC3C2(C)C,,1,,,,,train
CC(CO)CO.CCCCCCCC(=O)SCCC[Si](OCC)(OCC)OCC.CCO[Si](CCCS)(OCC)OCC,,1,,,,,train
CCCCCCCCC=CCCCCCCCC(=O)NC(=N)N(NC(=O)CCCCCCCCCCCCCCCCC)C(=O)CCCCCCCCCCCCCCC,,1,,,,,test
CC1=CCC(C)C(C=O)C1.CC1=CCC(C=O)C(C)C1,,1,,,,,train
CCCCCCCC(=O)NCCC[N+](C)(C)CC(=O)O.CCCCCCCCCC(=O)NCCC[N+](C)(C)CC(=O)O,,1,,,,,train
O=Cc1cccc(Oc2ccccc2)c1,,1,,,,,train
CC1(C)CC(O)CC(C)(C)N1CCO,,1,,,,,train
CC(=O)CC(C)C.CC(C)CC(C)(OO)OO.CC(C)CC(C)(OO)OOC(C)(CC(C)C)OO,,1,,,,,valid
C=C(C)CC1CCCCCCCCCCC1=O,,1,,,,,train
O=S(Cc1ccccc1)Cc1ccccc1,,1,,,,,train
C=C(C)C1C=CC(C)(O)CC1,,1,,,,,train
C=CCNCC=C,,1,,,,,train
c1ccc(C(c2ccccc2)N2CCNCC2)cc1,,1,,,,,test
O=C(O)c1ccccc1Nc1cccc(C(F)(F)F)c1,,1,,,,,train
CC(CN=Cc1ccccc1O)N=Cc1ccccc1O,,1,,,,,train
CC(=O)COc1c(C)cccc1C,,1,,,,,train
CCCCCCCN,,1,,,,,train
CC1C(C)(C)C2=C(C3OCOCC3CC2)C1(C)C,,1,,,,,valid
C=CC(=O)OCC(C)C,,1,,,,,train
Cc1ccc(C=O)cc1C,,1,,,,,train
c1cc2c(s1)CCNC2,,0,,,,,train
O=C(c1ccc(F)cc1)C1CCNCC1,,1,,,,,train
CC(C)COC(=O)Cc1ccccc1,,1,,,,,test
CCN(CC)c1ccc2nc3ccc(N(CC)CC)cc3[o+]c2c1,,1,,,,,train
CC(=O)OC1CC2CCC1(C)C2(C)C,,1,,,,,train
O=C1CCC(=O)O1,,1,,,,,train
N=C(N)NC(=N)Nc1cccc(Cl)c1,,1,,,,,train
C=CN1CCN(C=C)C1=O,,1,,,,,valid
CCOC(=O)C(Cl)C(C)=O,,1,,,,,train
COc1ccc2c(c1)CCCC2=CCC1(C)C(=O)CCC1=O,,1,,,,,train
C=CCCCCCCCCC(=O)O,,1,,,,,train
Nc1ccc(C(c2ccc(N)cc2)c2ccc(N)cc2)cc1,,1,,,,,train
CC(C)C1CCC(O)CC1,,1,,,,,test
C=Cc1ccc(O)cc1,,1,,,,,train
C=CC(=O)OCC(C)CCCCCC,,0,,,,,train
CNC(C)c1cccc(O)c1,,0,,,,,train
Cc1occc(=O)c1O,,1,,,,,train
CCCCCCCCCC=O,,1,,,,,valid
CCC(C)(C)C,,1,,,,,train
FC(=CCl)C(F)F,,1,,,,,train
CCC(CC)CC1(C(=O)Cl)CCCCC1,,1,,,,,train
C=C(C)C(=O)OCCOP(=O)(O)O,,1,,,,,train
Nc1nc(N)nc(N)n1,,0,,,,,test
CCCCCCOC1CCC(C)(C)O1,,1,,,,,train
CC(C)=CCC(C)CC(C)CO,,1,,,,,train
O=Cc1ccccn1,,1,,,,,train
CCN(c1ccccc1)c1nc(Cl)nc(Nc2cc(S(=O)(=O)O)cc3cc(S(=O)(=O)O)c(N=Nc4ccc5c(S(=O)(=O)O)cccc5c4S(=O)(=O)O)c(O)c23)n1,,0,,,,,train
C=C1C=CC(C(C)CC(=O)C=C(C)C)CC1.CC(C)=CC(=O)CC(C)C1C=CC(C)=CC1.CC(C)=CC(=O)CC(C)c1ccc(C)cc1,,1,,,,,valid
O=c1[nH]c2ccccc2n1CCCCl,,1,,,,,train
CCCCC(CC)C1OCCN1CCCC,,1,,,,,train
c1cnc(N2CCNCC2)nc1,,1,,,,,train
Cc1cc(C)c(S(=O)(=O)O)c(C)c1Nc1ccc(Nc2c(C)cc(C)c(S(=O)(=O)O)c2C)c2c1C(=O)c1ccccc1C2=O.NCCCCCCN,,1,,,,,train
CNCCO,,1,,,,,test
Fc1c(Cl)cc(Br)cc1Cl,,1,,,,,train
CN(C)c1ccc(C(=C2C=CC(=[N+](C)C)C=C2)c2ccc(Nc3ccccc3)c3ccccc23)cc1,,1,,,,,train
CCCCCCCCCCCC(=O)NC(N)=NCCCC(N)C(=O)OCC.O=C1CCC(C(=O)O)N1,,1,,,,,train
CC(C)(C)c1ccc(C=O)cc1,,1,,,,,train
CC(CC=O)c1ccccc1,,1,,,,,valid
O=C(c1ccccc1)c1ccc(O)cc1,,1,,,,,train
Cc1cc(C(F)(C(F)(F)F)C(F)(F)F)ccc1NC(=O)c1ccccc1C(=O)NC(C)(C)CS(C)=O,,1,,,,,train
CO[Si](C)(CCCNCCN)OC,,1,,,,,train
CCCCCCCCCCCC(=O)N(C)CCS(=O)(=O)O,,1,,,,,train
CCC(C)(O)CCC=C(C)C,,1,,,,,test
CC(=Cc1ccc(C)cc1)CO,,1,,,,,train
C=CCCCCCCCC,,1,,,,,train
C=CC(=O)OCC(C)(COC(=O)C=C)N=C=O,,1,,,,,train
C1=Cc2ccccc2C1.Cc1cccc(C)c1C.c1ccc2c(c1)CCC2,,1,,,,,train
CC(=O)C1CCc2cc(F)ccc2O1,,1,,,,,valid
CCCC(=O)OC(C)C1CCCCC1,,1,,,,,train
C=CC(=O)OCCOC(=O)CCC(=O)O,,1,,,,,train
CC(CN)NCc1ccccc1.CC(N)CNCc1ccccc1,,1,,,,,train
NC(=O)CCl,,1,,,,,train
OC[P+](CO)(CO)CO,,1,,,,,test
C=C(Br)C(=O)Nc1ccc(N=Nc2c(N)ccc3cc(S(=O)(=O)O)ccc23)c(S(=O)(=O)c2ccc(C)c(S(=O)(=O)O)c2)c1,,0,,,,,train
CCCCCCCCCC[N+](C)(C)[O-],,1,,,,,train
CCO[Si](CCCN=C=O)(OCC)OCC,,0,,,,,train
S=C(SN1CCOCC1)N1CCOCC1,,1,,,,,train
CC(=O)OCCC1=CCC2CC1C2(C)C,,1,,,,,valid
COC1=CCC2=C(CCC3C2CCC2(C)C(O)CCC32)C1,,1,,,,,train
CC1(C)CCCC2(C)C1CCC1(C)OCCC12,,1,,,,,train
CCCCCCCCO,,1,,,,,train
CC1CC(C)(c2ccccc2)CO1,,1,,,,,train
Nc1c(N=Nc2ccc(Br)cc2)cc(S(=O)(=O)O)c2ccccc12,,0,,,,,test
Fc1ccccc1CCl,,1,,,,,train
C=Cc1ccc(OC(C)(C)C)cc1,,1,,,,,train
CCCCCCCCCC(=O)O,,1,,,,,train
CN(C=O)c1ccccc1,,1,,,,,train
O=C(O)c1ccccc1SSc1ccccc1C(=O)O,,0,,,,,valid
Nc1ccccc1-c1cc(F)c(F)c(F)c1,,1,,,,,train
C=CC(=O)OCC[N+](C)(C)Cc1ccccc1,,1,,,,,train
CC1C(=O)OC2CCN3CC=C(COC(=O)C(C)(O)C1(C)O)C23,,0,,,,,train
CS(=O)(=O)O,,1,,,,,train
O=C1COCCO1,,1,,,,,test
N#Cc1ccc(Cl)cc1,,1,,,,,train
Cc1ccc(C(=O)c2cccc(Br)n2)cc1,,1,,,,,train
CCCCCC(=O)CC,,1,,,,,train
OCCN1C=NCC1,,1,,,,,train
CCCCOP(=S)(S)OCCCC.CN1CCCC1c1cccnc1,,1,,,,,valid
F[P-](F)(F)(F)(F)F.c1ccc2c(c1)nnn2O[P+](N1CCCC1)(N1CCCC1)N1CCCC1,,1,,,,,train
CCCCCCCCCCCCCCCCN(C)C,,1,,,,,train
O=C(OCC1CO1)c1ccc(C(=O)OCC2CO2)c(C(=O)OCC2CO2)c1,,1,,,,,train
COc1ccc(OC)cc1,,1,,,,,train
O=C1c2ccccc2C(=O)c2c1ccc(O)c2O,,1,,,,,test
CCCCCCCCCCCCCCCCCCN(CCO)CCO,,1,,,,,train
CC(COCC(C)OC(=O)c1ccccc1)OC(=O)c1ccccc1.O=C(OCCOCCOC(=O)c1ccccc1)c1ccccc1.O=C(OCCOCCOCCOC(=O)c1ccccc1)c1ccccc1,,1,,,,,train
COC(=O)Oc1ccc(C(=O)CBr)c(OC(=O)OC)c1,,1,,,,,train
CCC(COCC(C)O)(COCC(C)OCC(C)N=CC(C)(C)CN1CCOCC1)COCC(C)OCC(C)N=CC(C)(C)CN1CCOCC1.CCC(COCC(C)OCC(C)N=CC(C)(C)CN1CCOCC1)(COCC(C)OCC(C)N=CC(C)(C)CN1CCOCC1)COCC(C)OCC(C)N=CC(C)(C)CN1CCOCC1.CCC(COCC(C)OCC(C)N=CC(C)(C)CN1CCOCC1)COCC(C)OCC(C)N=CC(C)(C)CN1CCOCC1,,1,,,,,train
COc1ccc(CN)cc1,,0,,,,,valid
Oc1ccc(Cc2ccc(O)cc2)cc1.Oc1ccc(Cc2ccccc2O)cc1.Oc1ccccc1Cc1ccccc1O,,1,,,,,train
CC12CCC3C4CCC(=O)C=C4CCC3C1CCC2=O,,1,,,,,train
CCN(CC)CCCNC(=O)c1ccc(N=NC(C(C)=O)C(=O)Nc2ccc3[nH]c(=O)[nH]c3c2)cc1,,1,,,,,train
CCCCCCCCCCCCCCC(O)C(O)C(N)CO,,1,,,,,train
NCC1CCCC(CN)C1,,1,,,,,test
CC(C)C=NCC1CCCC(CN=CC(C)C)C1,,1,,,,,train
NC(=O)c1ccccc1N,,1,,,,,train
CCCCC1CCC(=O)O1,,1,,,,,train
CCCCCCCCOC(=O)C=Cc1ccc(O)c(O)c1,,1,,,,,train
CC(C)(O)C(Cl)(Cl)Cl,,0,,,,,valid
CC(=O)Cc1c(Cl)cc(Cl)cc1Cl,,1,,,,,train
CC(C)C(=O)NC(N)=S,,1,,,,,train
N#Cc1ccc(O)c(O)c1,,1,,,,,train
CC(C)c1cccc(C(C)C)c1N=C=Nc1c(C(C)C)cccc1C(C)C,,1,,,,,train
CCCCCCCCCCC=CC(CC(=O)O)C(=O)O,,0,,,,,test
CC(=O)OCCC(C)CCCC(C)C,,1,,,,,train
CCCCCCCCCCCCCCCC(=O)N(CCO)CCNCCC(=O)O.CCCCCCCCCCCCCCCC(=O)NCCN(CCO)CCC(=O)O,,1,,,,,train
CSCCC(NC(=O)C(CO)NC(=O)C(Cc1ccc(O)cc1)NC(=O)C(N)CO)C(=O)NC(CCC(=O)O)C(=O)NC(Cc1c[nH]cn1)C(=O)NC(Cc1ccccc1)C(=O)NC(CCCNC(=N)N)C(=O)NC(Cc1c[nH]c2ccccc12)C(=O)NCC(=O)NC(CCCCN)C(=O)N1CCCC1C(=O)NC(C(=O)NCC(=O)NC(CCCCN)C(=O)NC(CCCCN)C(=O)NC(CCCNC(=N)N)C(=O)NC(CCCNC(=N)N)C(=O)N1CCCC1C(=O)NC(C(=O)NC(CCCCN)C(=O)NC(C(=O)NC(Cc1ccc(O)cc1)C(=O)N1CCCC1C(=O)NC(CC(=O)O)C(=O)NC(C)C(=O)NCC(=O)NC(CCC(=O)O)C(=O)O)C(C)C)C(C)C)C(C)C,,1,,,,,train
CC1(C)C2C(=O)OC(C(Br)(Br)Br)C21,,1,,,,,train
CCCS(=O)(=O)Nc1ccc(F)c(C(=O)c2c[nH]c3ncc(Br)cc23)c1F,,1,,,,,valid
CCC(O)CCCCCCCC(O)C1CCC(C2CCC(C(O)CCCCCCCCCCC3CC(CC(C)=O)C(=O)O3)O2)O1,,1,,,,,train
CCC[N+](=O)[O-],,0,,,,,train
CCCCCCCCCC(=O)N(C)C,,1,,,,,train
CC1C(CN)CC2CC1C2(C)C,,1,,,,,train
CCOC(=O)c1ocnc1C,,0,,,,,test
CCCCCCCCC=COCC,,1,,,,,train
COc1cc(C#N)ccc1C=O,,1,,,,,train
CCCCCCCC(=O)O.CCCCCCCCCC(=O)O.OCCOCCOCCO,,0,,,,,train
CNc1ccc2cc(S(=O)(=O)O)cc(O)c2c1,,0,,,,,train
O=Cc1ccncc1,,1,,,,,valid
Cc1ccc2ccccc2c1.c1ccc2ccccc2c1,,1,,,,,train
Nc1ccc2c(O)c(N=Nc3ccc(N=Nc4ccc(S(=O)(=O)O)cc4)cc3)c(S(=O)(=O)O)cc2c1.OCCN(CCO)CCO.OCCN(CCO)CCO,,0,,,,,train
OCCc1ccc(O)c(O)c1,,1,,,,,train
CCCCCCN,,1,,,,,train
CC(C#N)c1cccc(C(=O)c2ccccc2)c1,,1,,,,,test
CCCC[P+](CCCC)(CCCC)CCCC,,1,,,,,train
CC(C)(C)NC(=O)C1CC2CCCCC2CN1,,1,,,,,train
O=C(c1ccc(F)cc1)c1ccc(F)cc1,,1,,,,,train
CCCCC(CC)COC(=O)OOC(=O)OCC(CC)CCCC,,1,,,,,train
CC(C)(C)[Si](C)(C)Cl,,1,,,,,valid
CCCCCCCCCC(=O)OC,,1,,,,,train
Cc1nc2ccccn2c(=O)c1CCCl,,1,,,,,train
CC(=O)c1ccc(Cl)cc1Cl,,1,,,,,train
COCC(C)Cc1ccccc1,,1,,,,,train
CCCCCCCCCCCC(=O)NC(CCC(=O)NCCCCC(NC(=O)CCC(NC(=O)CCCCCCCCCCC)C(=O)O)C(=O)O)C(=O)O,,1,,,,,test
COc1cccc(C(=O)Cl)c1C,,1,,,,,train
CCOC(=S)S,,1,,,,,train
CCCCCCC(=O)CO,,1,,,,,train
O=C(O)CCCC(=O)O,,0,,,,,train
CSCSC,,1,,,,,valid
ClCc1ccc(CCl)cc1,,1,,,,,train
COC(=O)C=Cc1ccccc1,,1,,,,,train
CC(C)(C=NCCCCCCN=CC(C)(C)CN1CCOCC1)CN1CCOCC1,,1,,,,,train
CCCCNC(=S)N(CCCC)CCCC,,1,,,,,train
CCc1ccc(C(=O)OC2CC3C(C)(COC(C)=O)C(OC(C)=O)CCC3(C)C3C(O)c4c(cc(-c5cccnc5)oc4=O)OC23C)cc1,,1,,,,,test
CC12CCC3=C4CCC(=O)C=C4CCC3C1CCC2O,,1,,,,,train
Cc1cc(Cc2cc(C)c(N)c(C)c2)cc(C)c1N,,1,,,,,train
CC(C)CCCCCCCCCCOC(=O)CSCc1cc(C(C)(C)C)c(O)c(C(C)(C)C)c1,,1,,,,,train
c1ccc(-c2ncc[nH]2)cc1,,1,,,,,train
OCC(O)CS,,1,,,,,valid
Oc1ccc(C(c2ccc(O)cc2)(C(F)(F)F)C(F)(F)F)cc1.Oc1ccc(C(c2ccc(O)cc2)(C(F)(F)F)C(F)(F)F)cc1.c1ccc(C[P+](c2ccccc2)(c2ccccc2)c2ccccc2)cc1,,1,,,,,train
Cc1cc(C#N)cc(C)c1O,,1,,,,,train
CCCOC(=O)OOC(=O)OCCC,,1,,,,,train
CC12CCC3C4CCC(=O)C=C4C=CC3C1CCC2O,,1,,,,,train
O=S(=O)(NS(=O)(=O)C(F)(F)F)C(F)(F)F,,1,,,,,test
Cc1cc(S(=O)(=O)O)ccc1N,,1,,,,,train
COC(=O)c1nccnc1N,,1,,,,,train
CCN(CC)c1ccc2nc3ccc(O)cc3[n+](-c3ccccc3)c2c1,,1,,,,,train
O=C1CCCCCCCCCOCCCCCO1,,1,,,,,train
O=C1CCC(C2CCC(c3ccc(F)c(F)c3)CC2)CC1,,1,,,,,valid
Oc1ccccc1O,,1,,,,,train
Cc1ccc(N)cc1O,,1,,,,,train
CC[P+](c1ccccc1)(c1ccccc1)c1ccccc1,,1,,,,,train
C=CC(C#N)OC(C)=O,,1,,,,,train
CC1(C)CCc2c(CCC=O)cccc21.CC1(C)CCc2cc(CCC=O)ccc21.CC1(C)CCc2ccc(CCC=O)cc21,,1,,,,,test
COc1ccc(C(=O)Cl)cc1,,0,,,,,train
Nc1ccc(N=Nc2ccccc2)c(N)c1,,1,,,,,train
CN(C)c1ccc(C=CC2=[N+](C)c3ccccc3C2(C)C)cc1,,1,,,,,train
CC(=O)CCC1=C(C)CCCC1(C)C,,1,,,,,train
O=c1n(CCCS)c(=O)n(CCCS)c(=O)n1CCCS,,1,,,,,valid
CC=CC(=O)OC,,1,,,,,train
O=C1CCN(c2ccccc2)N1,,1,,,,,train
C=C(C)C(=O)OCC1CC2CC1C1CCC(COC(=O)C(=C)C)C21,,1,,,,,train
Cc1csc2c(Cl)cccc12,,1,,,,,train
CC(=O)Oc1ccc([N+](=O)[O-])cc1,,1,,,,,test
CC(=O)N1CCN(c2ccc(O)cc2)CC1,,1,,,,,train
CCCCCCCCCCCC(=O)NCCC[N+](C)(C)CC(=O)O.CCCCCCCCCCCCCC(=O)NCCC[N+](C)(C)CC(=O)O,,1,,,,,train
CNc1ccc(C(=C2C=CC(=[N+](C)C)C=C2)c2ccc(N(C)C)cc2)cc1,,1,,,,,train
CC(=O)c1cc2ccccc2o1,,1,,,,,train
CCCc1cc(F)c(N)c2nc(-c3ccc(P(=O)(O)O)o3)n(CC(C)C)c12,,1,,,,,valid
CCCC[N+](C)(CCCC)CCCC.COS(=O)(=O)O,,1,,,,,train
C=C1C2CCC(C)(OCC)C1CCC2(C)C,,1,,,,,train
Cc1cc(CC(C)CC(C)(C)C)n(O)c(=O)c1.NCCO,,1,,,,,train
C=C1CC2CCC1C2,,1,,,,,train
O=C(NP(=O)(NN1CCOCC1)NN1CCOCC1)c1ccccc1,,1,,,,,test
CCOC(C)OC1CCCCCCCCCCC1,,1,,,,,train
NC(CCC1(O)CNC1=O)C(=O)O,,1,,,,,train
CC[N+]1=C(c2ccc3c(c2)C(C)CC(C)(C)N3CCO)c2cccc3cccc1c23,,1,,,,,train
Cc1c(C#N)sc(N)c1C#N,,1,,,,,train
CN(C)CCCN(CCCN(C)C)CCCN(C)C,,1,,,,,valid
CCc1ccc(CC)cc1,,1,,,,,train
CONC(C)Cc1c(Cl)cc(Cl)cc1Cl,,1,,,,,train
CCO[Si](CCCNCCN)(OCC)OCC,,1,,,,,train
CCC(CN)OCCOC(CC)CN.CCC(CN)OCCOCC(CC)OC(CC)CN.CCC(N)COC(CC)COCCOC(CC)CN.CCC(N)COCCOC(CC)CN.CCC(N)COCCOCC(CC)OC(CC)CN.CCC(N)COCCOCC(CC)OCC(N)CC.CCC(N)COCCOCC(N)CC,,1,,,,,train
CCCC(=O)OC1C=CC2C3CCC(C3)C12,,1,,,,,test
Fc1cccc(C(F)(F)F)n1,,1,,,,,train
O=C1CCCC(=O)C1,,1,,,,,train
CCCCCCCCCCCCN(CCCCCCCCCCCC)CCCCCCCCCCCC,,1,,,,,train
CCOC(F)(C(F)(F)C(F)(F)C(F)(F)F)C(F)(C(F)(F)F)C(F)(F)F,,0,,,,,train
C=C(F)C(F)(F)F,,1,,,,,valid
COc1ccc2c(c1)CCCC2,,1,,,,,train
CC(C)CCC(C)Nc1ccc(NC(C)CCC(C)C)cc1,,1,,,,,train
CC(C=O)Cc1ccc2c(c1)OCO2,,1,,,,,train
COCCOCCOCCOCCOC,,0,,,,,train
O=C(O)c1cc(C(=O)O)cc(C(=O)O)c1,,1,,,,,test
CC1=NN(c2ccccc2)C(=O)C1,,1,,,,,train
CC(C)(C)C(=O)C=Cc1ccc2c(c1)OCO2,,1,,,,,train
CC1(C)CC(=O)CC(C)(C)N1,,0,,,,,train
CC12CC(O)C3C4CCC(=O)C=C4CCC3C1CCC2=O,,1,,,,,train
COC(=O)C(C)Oc1ccc(O)cc1,,1,,,,,valid
CC(C)C(O)=C1C(=O)OC(c2ccoc2)C2(C)C(O)C(O)C34OC5(C)OC3(C12)C(O)C1(O)C(O)C2(C)CC1(O5)C4(C)C2CC(=O)O,,1,,,,,train
COC(=O)C(Br)CBr,,1,,,,,train
CCCCOC(=O)CCC,,1,,,,,train
CCCCCCC(C)Cc1ccc(OCC(CO)OCCO)cc1.CCCCCCC(C)Cc1ccc(OCC(O)COCCO)cc1,,1,,,,,train
CC1CC(CC2CC(C)C(N)C(C)C2)CC(C)C1N,,1,,,,,test
Cc1cccc(O)c1C,,1,,,,,train
CC(=O)C(Cl)C(=O)N(C)C,,1,,,,,train
COCCc1ccc(O)cc1,,1,,,,,train
CC(C)(C=O)CC1=CCC2CC1C2(C)C,,1,,,,,train
CCOC(OCC)[SiH2]CCCCl.CCOC(OCC)[SiH2]CCCCl.CCOC([SiH3])(CCCCl)OCC,,0,,,,,valid
CCOCC1CCC(=C(c2ccc(O)cc2)c2ccc(O)cc2)CC1,,1,,,,,train
Cc1cnc(N)s1,,1,,,,,train
CC(C)OCCOC(=O)c1ccccc1O,,1,,,,,train
CCCOC(=O)CC,,1,,,,,train
C=CCCCCCCCCC=O.CC=CCCCCCCCC=O.CC=CCCCCCCCC=O,,1,,,,,test
CCCCCCOC(=O)c1ccccc1O,,1,,,,,train
CCN(CC)C(N(CC)CC)=[N+](CC)CC,,1,,,,,train
C=C(C)C(=O)OC(CC)CO.C=C(C)C(=O)OCC(O)CC,,1,,,,,train
CCCCCCCCC=CCCCCCCCC(=O)O.NCCNCCN,,1,,,,,train
O=[N+]([O-])c1ccc(N=Nc2ccc(CCNCC[n+]3ccccc3)cc2)c(Cl)c1,,1,,,,,valid
CN(C(=O)N(C)c1ccccc1)c1ccccc1,,1,,,,,train
ClCc1ccc(Cl)nc1,,1,,,,,train
CCCCCCCC(=O)O.CCCCCCCCN,,1,,,,,train
CC(C)(C)OC(=O)C[P+](c1ccccc1)(c1ccccc1)c1ccccc1,,1,,,,,train
C[N+](C)(C)c1ccc2ccc(O)c(N=Nc3ccc(N)c([N+](=O)[O-])c3)c2c1,,1,,,,,test
COC1=Cc2ccccc2Nc2ccccc21,,1,,,,,train
CCCCNCCO,,0,,,,,train
O=C(O)c1ccccc1-c1c2cc(Br)c(=O)c(Br)c-2oc2c(Br)c(O)c(Br)cc12,,1,,,,,train
COc1cc(Br)c(C=O)cc1O,,1,,,,,train
C=CC(=C)CCCC(C)(C)OC(C)=O,,1,,,,,valid
CC(C)OC(=O)C(C)OC(=O)C(C)(C)C,,0,,,,,train
Nc1ccc2cc(S(=O)(=O)O)cc(O)c2c1N=Nc1ccccc1C(F)(F)F,,1,,,,,train
CC1(O)CCC2C(=CCCC2(C)C)C1,,1,,,,,train
CCCCOC(=O)CSCSCC(=O)OCCCC,,1,,,,,train
C=C(C)C(=O)OCCOCCOc1ccc(C(=O)c2ccccc2)cc1,,1,,,,,test
CCCCCCOCCCCCC,,1,,,,,train
C=CC(=O)O[Si](C(C)C)(C(C)C)C(C)C,,1,,,,,train
COc1ccc(CCN)cc1OC,,0,,,,,train
CCCCCCCCCCCCCC(=O)N(C)CC(=O)O,,1,,,,,train
ClC1CCCC1,,1,,,,,valid
CCC(C)(C)C1CCC(=O)CC1,,1,,,,,train
CC(C)OP(=O)(CP(=O)(OC(C)C)OC(C)C)OC(C)C,,1,,,,,train
C1=Cc2ccccc2C1,,1,,,,,train
CCC(C)C1CCCc2cccnc21,,1,,,,,train
C=CCN,,1,,,,,test
OOC1(OOC2(O)CCCCC2)CCCCC1,,1,,,,,train
CCCC(C)S(=O)(=O)O.CCCCCOC(=O)CC(C(=O)OCCCCC)S(=O)(=O)O.CCCCCS(=O)(=O)O,,0,,,,,train
NCCc1ccccc1,,1,,,,,train
CCCC1CCC(=O)CC1,,1,,,,,train
CCOC(=O)C1(C)CCCC2(C)C3CCC(C(C)C)=CC3=CCC12,,1,,,,,valid
N#CNC(=N)N,,0,,,,,train
CCCCOC(=O)OOC(=O)OCCCC,,1,,,,,train
CCC(C)(C)C(=O)OC1CC(C)C=C2C=CC(C)C(CCC(O)CC(O)CC(=O)O)C21,,0,,,,,train
ON=Cc1ccccn1,,1,,,,,train
CN(C)CCCNCCCN(C)C,,1,,,,,test
CCCCCC1C(=O)CCC1C(=O)OC,,1,,,,,train
Clc1cc(Cl)c(Cl)nc1Cl,,1,,,,,train
C=C(CC(C)C=O)C1CC=C(C)C1(C)C,,1,,,,,train
C=CC[N+](CCC)(CCC)CCC.N#C[N-]C#N,,0,,,,,train
CCOC(=O)C(C)(O)c1ccc(Oc2ccccc2)cc1,,1,,,,,valid
CN1C=CN(C)C1N=Nc1ccc(N)cc1,,1,,,,,train
CCOC(=O)C1C(C)CCCC1(C)C,,1,,,,,train
CCCC(O)CCC1C(C)CCCC1(C)C,,1,,,,,train
CCCCC(CC)COC(=O)CCCCC(=O)OCC(CC)CCCC,,0,,,,,train
CCCCCCCCC(CO)CCCCCC.CCCCCCCCC(CO)CCCCCCCC.CCCCCCCCCCC(CO)CCCCCC.CCCCCCCCCCC(CO)CCCCCCCC,,1,,,,,test
CC(C)(C=NC1CCC(CC2CCC(N=CC(C)(C)CN3CCOCC3)CC2)CC1)CN1CCOCC1,,1,,,,,train
CCCCOC(=O)C=CC(=O)OCCCC,,1,,,,,train
CC(C)(C)OOC(=O)C=CC(=O)O,,0,,,,,train
C=CC(=O)OCC(O)COc1ccccc1,,1,,,,,train
C=C(C)C(=O)Oc1ccccc1Cl,,0,,,,,valid
OCC(F)(F)F,,1,,,,,train
CCCCCCCCCCCCCCCCCC(=O)O.NCCNCCNCCNCCN,,1,,,,,train
O=S(=O)(O)C(F)(F)C(F)(F)C(F)(F)C(F)(F)F,,0,,,,,train
CCCCNCCCC,,1,,,,,train
O=CC(F)=CN1CCOCC1,,1,,,,,test
CCCCCC(C)(CC)C(=O)OOC(C)(C)CC(C)O,,1,,,,,train
Cc1ccccc1OCC(O)CNC(C)CN.Cc1ccccc1OCC(O)CNCC(C)N.Cc1ccccc1OCC(O)CNCC(C)NCC(O)COc1ccccc1C,,1,,,,,train
CC(C)CC(C)(O)C#CC(C)(O)CC(C)C.OCCO,,1,,,,,train
C1CCN([P+](N2CCCCC2)(N2CCCCC2)N2CCCCC2)CC1,,1,,,,,train
N#CCCCCC#N,,0,,,,,valid
CC1=CCC(CCC(C)CO)C1(C)C,,1,,,,,train
CC1(CO)CN(c2ccccc2)NC1=O,,1,,,,,train
CCCCCCCCC=CCCCCCCCC(=O)N(C)CCS(=O)(=O)O,,1,,,,,train
CCN(CC)CCCNC(=O)c1cnc2c3c(cccc13)-c1ccccc1C2=O,,0,,,,,train
O=P(OCCCl)(OCCCl)OCC(CCl)(CCl)COP(=O)(OCCCl)OCCCl,,1,,,,,test
CC(C)C1CCC(C)(C(=O)O)CC1O,,1,,,,,train
CI,,1,,,,,train
C=C(C)C(=O)OCC[N+](C)(C)CC.CCOS(=O)(=O)O,,1,,,,,train
CCC(CO)(CO)CO.CCC(CO)CO.CCC1(CO)COCOC1,,0,,,,,train
CC(=O)OCC=C(C)C,,1,,,,,valid
Oc1cccc(O)c1,,1,,,,,train
Nc1ccc(N=Nc2ccc(-c3ccc(N=Nc4ccc(N)c5ccc(S(=O)(=O)O)cc45)cc3)cc2)c2cc(S(=O)(=O)O)ccc12,,1,,,,,train
O=C=Nc1ccc(N=C=O)cc1,,1,,,,,train
CCCCCCCC=CC(C)C(CC(=O)OCCC(C)C)C(=O)O.CCCCCCCCC=CC(C)C(CC(O)OCCC(C)C)C(=O)O,,1,,,,,train
CC(C)=CC1CC(C)CCO1,,1,,,,,test
CCCCCCCCCCCC1=NCCN1CCO.CCCCCCCCCCCCCC1=NCCN1CCO.CCCCCCCCCCCCCCCC1=NCCN1CCO.CCCCCCCCCCCCCCCCCC1=NCCN1CCO,,1,,,,,train
CCN(CC)c1ccc(C(=C2C=CC(=[N+](CC)CC)C=C2)c2ccc(N(CC)CC)cc2)cc1,,1,,,,,train
CC(C)(C#N)CC1=CCC2CC1C2(C)C,,1,,,,,train
CNC(=N[N+](=O)[O-])NCc1cnc(Cl)s1,,1,,,,,train
CCC=CCCCCC=O,,1,,,,,valid
CC(C)=CCCC(C)CCOCC=O,,1,,,,,train
CCCCCCCCCCCC(=O)OC1CC(C)(C)NC(C)(C)C1,,1,,,,,train
CC1=NN(c2ccccc2)C(=O)C1N=Nc1cccc([N+](C)(C)C)c1,,1,,,,,train
COc1ccc(CO)cc1,,0,,,,,train
ClCCOCCOCOCCCl.ClCCOCOCCCl.ClCCOCOCCOCCOCOCCCl,,1,,,,,test
CC(C)N(c1nn(C)c(=NN=C2C=CC(=[N+](C)C)C=C2)s1)C(C)C.COS(=O)(=O)O,,1,,,,,train
Oc1c(-c2ccccc2)cccc1-c1ccccc1,,1,,,,,train
CCCCOC(=O)CC(O)(CC(=O)OCCCC)C(=O)OCCCC,,1,,,,,train
CC(C)CCCCCCCOP(=O)(Oc1ccccc1)Oc1ccccc1,,1,,,,,train
CC1CC(=O)CC(C)(C)C1,,0,,,,,valid
C=CC(=O)OCCOC,,1,,,,,train
C[N+](C)(CCCNS(=O)(=O)CCC(F)(F)C(F)(F)C(F)(F)C(F)(F)C(F)(F)C(F)(F)F)CC(=O)O,,0,,,,,train
CC(=O)Oc1ccccc1[N+](=O)[O-],,1,,,,,train
CCCCCCCC(C)O,,0,,,,,train
CCC=CCC1CCCC(=O)O1,,1,,,,,test
O=C1C=CC(=O)N1c1cccc(N2C(=O)C=CC2=O)c1,,1,,,,,train
C=CC(=O)OC1CCC(C(C)(C)C)CC1,,1,,,,,train
C=CC(=O)OC1CCC2C1=C1CCC2C1,,1,,,,,train
CCCOC(C)=O,,1,,,,,train
Cc1cc[nH]n1,,0,,,,,valid
CCN(CC)CCOc1ccc2c(=O)c3cc(F)c(OCCN(CC)CC)cc3[nH]c2c1,,1,,,,,train
CCCCOC(=O)C(C)OC(=O)CCC,,1,,,,,train
CCN(CC)c1ccc([C+](c2ccc(N(CC)CC)cc2)c2ccc(N(CC)CC)cc2)cc1,,1,,,,,train
CN(C)C(=O)c1cc2cnc(Cl)nc2n1C1CCCC1,,1,,,,,train
Cc1ccc(C(=O)OOC(=O)c2ccc(C)cc2)cc1,,1,,,,,test
Nc1ccc(N)c(CCO)c1,,1,,,,,train
CCOc1ncc(C)c2c1C(c1ccc(C#N)cc1OC)C(C(=O)O)=C(C)N2,,1,,,,,train
CC1(C(=O)O)CCCCC1,,0,,,,,train
O=C1c2ccccc2C(=O)c2c(Nc3c(Oc4ccc(Cl)cc4)cccc3S(=O)(=O)O)ccc(Nc3c(Oc4ccc(Cl)cc4)cccc3S(=O)(=O)O)c21,,1,,,,,train
CCO[Si](CCCN=C(C)CC(C)C)(OCC)OCC,,0,,,,,valid
C=CC(=O)OCCOc1ccc(C(=O)c2ccccc2)cc1,,1,,,,,train
CC(C)CC1CC(C)CCO1,,1,,,,,train
CCCCC(CC)CCl,,1,,,,,train
CC1=C(C=O)C(C)(C)CC=C1,,1,,,,,train
Nc1ccc(C(F)(F)F)cc1,,1,,,,,test
CC(C)(CS(=O)(=O)O)NC(=O)CCSCCC(F)(F)C(F)(F)C(F)(F)C(F)(F)C(F)(F)C(F)(F)F,,0,,,,,train
CN(C)CCOCCN(C)CCCN,,1,,,,,train
Cc1ccc(Cl)cc1C,,1,,,,,train
CC(=O)C=CC1=C(C)CCCC1(C)C,,1,,,,,train
Brc1ccc(OCC2CO2)c(Br)c1,,1,,,,,valid
CC1=CCC2CC1C2(C)C,,1,,,,,train
CCCCCCCCC=CCCCCCCCC1=NCCN1CCO,,1,,,,,train
CNP(=O)(N1CC1C)N1CC1C,,0,,,,,train
O=S(=O)(O)c1cc(S(=O)(=O)O)c2ccc3c(S(=O)(=O)O)cc(S(=O)(=O)O)c4ccc1c2c43,,1,,,,,train
O=C1OC(C(O)CO)C(=O)[C-]1O,,1,,,,,test
Cc1ccccc1Oc1ccccc1C,,1,,,,,train
CC1CC(C(C)(C)C(C)C)CCC1=O,,1,,,,,train
CC(C)COc1ccc2ccccc2c1,,1,,,,,train
CC(C)=CCCC(C)=CCCC(C)CC=O,,1,,,,,train
CC(O)CN.CCCCCCCCCCCC(=O)N(C)CC(=O)O.CCCCCCCCCCCC(=O)N(C)CC(=O)O,,1,,,,,valid
Cc1ccc(C(C)C)cc1O,,1,,,,,train
C=CC(=O)OCCN(C)S(=O)(=O)C(F)(F)C(F)(F)C(F)(F)C(F)(F)F,,1,,,,,train
CCCCCCCCCC=CC=O,,1,,,,,train
CC1(C)NCCS1,,1,,,,,train
C=C(C)CC(C)(C)C.c1ccc(Nc2ccccc2)cc1,,1,,,,,test
CN(C)CCCNC(=O)NCCCN(C)C,,1,,,,,train
CCCCCCCCCCCC(=O)NC(CCCNC(=N)N)C(=O)OCC,,1,,,,,train
Fc1c(Cl)ncnc1Oc1ccccc1Cl,,1,,,,,train
CC(=CC(C)CC(C)CC(C)C)C(CC(=O)O)C(=O)O.CC(=CC(C)CC(C)CC(C)C)C(CC(=O)OC(C)CO)C(=O)OCC(C)O.CC(=CC(C)CC(C)CC(C)C)C(CC(=O)OCC(C)O)C(=O)O.CC(=CC(C)CC(C)CC(C)C)C(CC(=O)OCC(C)OC(=O)CC(C(=O)O)C(C)=CC(C)CC(C)CC(C)C)C(=O)O,,1,,,,,train
Nc1cc([N+](=O)[O-])cc(Cl)c1O,,1,,,,,valid
FC(F)(F)C=CC(F)(F)F,,1,,,,,train
COC(=O)Oc1ccc(C)cc1OC,,1,,,,,train
Cl[SiH](Cl)CC1CCCCC1,,1,,,,,train
CN(CCC#N)c1ccc(C=CC2=[N+](C)c3ccccc3C2(C)C)cc1,,1,,,,,train
C[N+](C)(C)CCCNC(=O)C=Cc1ccccc1,,1,,,,,test
C1CCCCC1.CC1CCCC1.CC1CCCCC1.CCC(C)CC.CCCC(C)C.CCCCCC,,1,,,,,train
CCCCCCCCCc1c(S(=O)(=O)O)c(S(=O)(=O)O)c2ccccc2c1CCCCCCCCC,,1,,,,,train
Cc1cccc2sc(N)nc12,,1,,,,,train
CCCCCC1CCC(C2CCC(=O)CC2)CC1,,1,,,,,train
O=C(O)C=Cc1ccccc1,,1,,,,,valid
CC(COC(=O)C(C)(C)C)OCC(C)OCC(C)OC(=O)C(C)(C)C,,1,,,,,train
Cc1ccc(S(=O)(=O)O)cc1.Fc1ccc(C2=CCN(Cc3ccccc3)CC2)cc1,,1,,,,,train
CCCCCC=O,,1,,,,,train
Nc1cccc(C(=O)Nc2ccc(S(=O)(=O)O)c3cc(S(=O)(=O)O)cc(O)c23)c1,,1,,,,,train
CC(=O)C1CCOC1=O,,0,,,,,test
O=c1nc(-c2ccccc2)nc(-c2ccccc2)[nH]1,,1,,,,,train
O=C(O)CCCC(=O)OOC(=O)CCCC(=O)O,,1,,,,,train
c1ccc(Cc2nc(Cc3ccccc3)nc(Cc3ccccc3)n2)cc1,,0,,,,,train
ClCC(Cl)C(Cl)(Cl)Cl,,1,,,,,train
OC1CCNCC1,,0,,,,,valid
CC1=CCC(C(C)(C)O)CC1,,0,,,,,train
CCN(CC)c1ccc(C=CC2=[N+](C)c3ccccc3C2(C)C)cc1,,1,,,,,train
Nc1nc(-c2ccc3ccccc3c2)cs1,,1,,,,,train
CCCCCCCCCCCC(O)=NCCOC(=O)C(CC(=O)O)S(=O)(=O)O.CCCCCCCCCCCC(O)=NCCOC(=O)CC(C(=O)O)S(=O)(=O)O,,1,,,,,train
C=CCOc1nc(OCC=C)nc(OCC=C)n1,,1,,,,,test
CC1C=CCC2C(=O)OC(=O)C12,,0,,,,,train
CCOC(=O)CCSP(=S)(OC(C)C)OC(C)C,,1,,,,,train
CC1CC(=CCCC=O)CC1(C)C,,1,,,,,train
C=CCOC(=O)CCC1CCCCC1,,1,,,,,train
COc1cccc2c1CCC(=O)C2,,1,,,,,valid
CCCCCC(C)(C)OC,,1,,,,,train
C=CC(=O)OCC1(COC(=O)C=C)CCC2C3CCC(C3)C21,,1,,,,,train
CCOC(=O)CC1C=CCC1,,1,,,,,train
CCCCC1CCCC(=O)O1,,1,,,,,train
CCC(C)(C)OOC1(OC)CCCCC1,,1,,,,,test
CC(O)C1C(=O)N2C(C(=O)O)=C(SCCN=CN)CC12.CC1(C)CC1C(=O)NC(=CCCCCSCC(N)C(=O)O)C(=O)O,,1,,,,,train
COCC(CCC(C)C)(COC)C(C)C,,1,,,,,train
CON=C(C(=O)OC)c1ccccc1CCl,,1,,,,,train
NNC(=O)CCCCCCCCC(=O)NN,,1,,,,,train
CCOC(=O)c1ccc(N(C)C)cc1,,1,,,,,valid
CC(S)CC(=O)OCC(COC(=O)CC(C)S)(COC(=O)CC(C)S)COC(=O)CC(C)S,,1,,,,,train
C=C(OC(C)=O)c1ccccc1,,1,,,,,train
O=CC1=C(Cl)C(=CO)CCC1,,1,,,,,train
COC(=O)C1(C)CCCC2(C)C3CCC(O)(C(C)C)C(O)C3=CCC12,,1,,,,,train
CP(=O)(O)O,,0,,,,,test
CCc1ccc(C)nc1,,1,,,,,train
CN(C)CCOCCOC(=O)NCC1(C)CC(NC(=O)OCCOCCN(C)C)CC(C)(C)C1,,1,,,,,train
CCOC(=O)NC(=O)C1CC(C)CCC1C(C)C,,1,,,,,train
O=c1cccccc1O,,1,,,,,train
CC(=O)C(N=Nc1ccc(C(=O)O)cc1)C(=O)Nc1ccccc1,,1,,,,,valid
NCCCNCCCNCCC1CCCCCCCCCCCCCC1,,1,,,,,train
CCC(C)COC(=O)c1ccccc1O.CCCCCOC(=O)c1ccccc1O,,1,,,,,train
CCc1nccn1CCC#N,,1,,,,,train
O=[N+]([O-])c1cc(Cl)ccc1Cl,,1,,,,,train
O=S(=O)(c1ccc(O)cc1)c1ccc(O)cc1.O=S(=O)(c1ccc(O)cc1)c1ccc(O)cc1.O=S(=O)(c1ccc(O)cc1)c1ccc(O)cc1.c1ccc([P+](c2ccccc2)(c2ccccc2)c2ccccc2)cc1.c1ccc([P+](c2ccccc2)(c2ccccc2)c2ccccc2)cc1,,1,,,,,test
C=CC(=O)OCCN=C=O,,1,,,,,train
CC(C)(C)c1cc(O)c(C(C)(C)C)cc1O,,1,,,,,train
CCCc1ccc(Br)cc1,,1,,,,,train
SC1CCCCC1,,1,,,,,train
N=C1N=C(N)c2ccccc21,,1,,,,,valid
CCCCCCBr,,1,,,,,train
CCCCCCCCCCCCCCCCCCC1CC(=O)N(CCNCCNCCNCCN2C(=O)CC(CCCCCCCCCCCCCCCCCC)C2=O)C1=O,,1,,,,,train
O=C1c2ccccc2C(=O)N1SC1CCCCC1,,1,,,,,train
C=C(C)C(=O)OCCC[Si](C)(OC)OC,,1,,,,,train
CCN(C(=O)N(CC)c1ccccc1)c1ccccc1,,1,,,,,test
C=CC1CC2C=CC1C2,,1,,,,,train
CCCC(=O)OCCC(C)C,,1,,,,,train
CCCCCCCCCCCCOC(=O)C=Cc1ccc(O)c(O)c1,,1,,,,,train
Nc1ccccc1NC(=O)c1ccc(CNc2nccc(-c3cccnc3)n2)cc1,,1,,,,,train
Nc1cnn(CCO)c1N,,1,,,,,valid
OCCNCCO,,1,,,,,train
BrCCCCCCBr,,1,,,,,train
CCCCOc1cc(C(=O)NCCN(CC)CC)c2ccccc2n1,,1,,,,,train
CC1CCC(C(C)C)C(O)C1,,1,,,,,train
CCC[N+](C)(C)CCCNc1ccc(NC)c2c1C(=O)c1ccccc1C2=O,,1,,,,,test
C=C(Cl)C(=C)Cl,,1,,,,,train
CC(C)CC1CCC(CCC=O)CC1,,1,,,,,train
CO[Si](C)(CCCS[Si](C)(C)C(C)(C)C)OC,,1,,,,,train
COc1cc(C=Cc2ccc(OC)c(OP(=O)(O)O)c2OP(=O)(O)O)cc2c1OCO2,,1,,,,,train
C=CC(C)(O)C=CC=C(C)CCC=C(C)C,,1,,,,,valid
CCCn1cc(-n2c(Cl)c(Sc3cccc(C(=O)O)c3F)c3ccc(Cl)c(F)c32)cn1,,1,,,,,train
COS(=O)(=O)O.Cc1ccc(Nc2ccc(NCCC[N+](C)(C)C)c3c2C(=O)c2ccccc2C3=O)cc1,,1,,,,,train
OCC1COC(Cn2ccnc2)(c2ccc(Cl)cc2Cl)O1,,1,,,,,train
Nc1c(S(=O)(=O)O)cc(Nc2cccc(S(=O)(=O)CCOS(=O)(=O)O)c2)c2c1C(=O)c1ccccc1C2=O,,0,,,,,train
C=CC(C)(CCC=C(C)C)OC(=O)C(C)C,,1,,,,,test
O=C1CCCCCCCCCCC1,,1,,,,,train
CC(C)COC(=O)c1ccccc1O,,1,,,,,train
CP(=O)(O)O.NCCN,,0,,,,,train
C=CCNCCCNCC=C,,1,,,,,train
CCCCCCCCCCCC(C)c1ccc(S(=O)(=O)O)cc1.CCn1cc[n+](C)c1,,1,,,,,valid
CC(C)CC(=O)OCc1ccccc1,,1,,,,,train
CCCCCCCCCCCC=CCCCCC(=O)N(C)CC(C)C(C)C(C)C(C)CO.CCCCCCCCCCCCCCCCCC(=O)N(C)CC(C)C(C)C(C)C(C)CO,,1,,,,,train
CCCCCCCCCCCCCCCC(=O)N(C)C(CO)C(=O)NC(C)C(=O)NCC(=O)N(C)C1C(=O)NC(C)C(=O)NC(C(=O)O)Cc2ccc(O)c(c2)-c2cc1ccc2O,,1,,,,,train
C=CC1CCCCC1,,1,,,,,train
CCC1C(=O)CCC1=O,,1,,,,,test
CC(C)c1cc2ccccc2c(S(=O)(=O)O)c1C(C)C,,1,,,,,train
CCN(CCC#N)c1ccc(C)c(C=CC2=[N+](C)c3ccccc3C2(C)C)c1,,1,,,,,train
O=S(=O)(O)c1cc(O)c2c(S(=O)(=O)O)cccc2c1,,0,,,,,train
COc1cc(Br)c2c3c1OC1CC(=O)C=CC31CCNC2,,1,,,,,train
ClCCCCCCCl,,1,,,,,valid
CN(C)c1ccc(C(O)(c2ccc(N(C)C)cc2)c2ccc(N(C)C)cc2)cc1,,1,,,,,train
C[Si](Cl)(Cl)CCCCl,,0,,,,,train
CCCCCCCCC=CCCCCCCCC(=O)OCCN1CCN=C1CCCCCCCC=CCCCCCCCC.CCCCCCCCC=CCCCCCCCC1=NCCN1CCO,,1,,,,,train
C=CCCCCCCCCCCCC,,1,,,,,train
CCCCOCC,,0,,,,,test
CCOC(=O)c1nn(-c2ccc(OC)cc2)c2c1CCN(c1ccc(N3CCCCC3=O)cc1)C2=O,,1,,,,,train
CC(=O)CC(C)(C)c1ccccc1,,1,,,,,train
COC(=O)C=C(C)C=O,,1,,,,,train
C=CC(=O)OCC1CCCO1,,1,,,,,train
CCCCCCCCCCCCCCCCCC[N+](C)(C)Cc1ccccc1,,1,,,,,valid
CC1CCC(NCc2ccn(Cc3ccccc3)c(=O)c2O)CC1,,1,,,,,train
CCCCNC1CC(C)(C)NC(C)(C)C1,,1,,,,,train
CCC(N)(CO)CO,,0,,,,,train
O=CCCC=C1CC2CC1C1CCCC21,,1,,,,,train
CC(C)OC(=S)S,,1,,,,,test
C[Si](C)(C)N[Si](C)(C)C,,1,,,,,train
C=C(COC(C)=O)COC(C)=O,,1,,,,,train
CCOC(=O)CP(=O)(OCC)OCC,,1,,,,,train
CC(=O)Oc1ccc(C#N)cc1,,1,,,,,train
CC1CN(C2CCN(c3nc(N)n[nH]3)CC2)C(Cc2ccc(Cl)cc2)CO1,,0,,,,,valid
CC1(C)CO1,,1,,,,,train
CCCCCCCCN(C)C,,1,,,,,train
Fc1ccc(C(c2ccc(F)cc2)N2CCNCC2)cc1,,1,,,,,train
C=C(C)C(=O)OCCOCCOCCOCCOC(=O)C(=C)C,,0,,,,,train
N#CCCN(CCC#N)c1ccc(N=Nc2c(Cl)cc([N+](=O)[O-])cc2Cl)cc1,,1,,,,,test
CNN=Nc1[nH]cnc1C(N)=O,,1,,,,,train
CP(=O)(O)O.NN=CNC(N)=O,,0,,,,,train
CC1(C)CC(NCCC#N)CC(C)(CNCCC#N)C1,,1,,,,,train
CCOP(=S)(Cl)OCC,,1,,,,,train
CCCCCCCOCC(C)CC=O,,1,,,,,valid
CCCOCc1ccc(CC(C)C)cc1,,1,,,,,train
O=C1C=CC(=O)N1C1CCCCC1,,1,,,,,train
CON=C1COc2ccccc21,,1,,,,,train
CC(C)CCC(C)C(C)O,,1,,,,,train
CCC=C(C)C(O)C(C)CC,,1,,,,,test
CC(C)(N)CO.CCCCCCCCC=CCCCCCCCC(=O)O,,1,,,,,train
COC(=O)C1C(C)=CCCC1(C)C,,1,,,,,train
CC1=CCC2CCCCC2C1N1C(=O)C2C3CC4C5(C)CCCC(C)(C(=O)O)C5CCC4(C=C3C(C)C)C2C1=O,,0,,,,,train
O=C(Nc1ccccc1)NS(=O)(=O)Nc1ccccc1,,0,,,,,train
CC(CN)CCCCCCN,,1,,,,,valid
CCCCC(CC)C(c1ccc(O)cc1)c1ccc(O)cc1,,1,,,,,train
O=C(OCC1CO1)c1ccccc1C(=O)OCC1CO1,,1,,,,,train
C=C(C)C(=O)OCC1CCC2OC2C1,,1,,,,,train
COC1(OC)CCCCCCCCCCC1,,1,,,,,train
CC(C)C(=O)OCc1ccccc1,,1,,,,,test
CC=C(C)C(=O)OCCC(C)CCC=C(C)C,,1,,,,,train
C=CC(=O)OCC(C)CC,,1,,,,,train
CC(C)=CCCC(C)=CCO,,1,,,,,train
COC(=O)CCCCCCCCC(=O)OC,,1,,,,,train
Nc1nc(=O)c2c([nH]1)NCC(CNc1ccc(C(=O)NC(CCC(=O)O)C(=O)O)cc1)N2,,0,,,,,valid
C=C(C)C(=O)OCCN1CCOC1,,1,,,,,train
CN1CCCC1c1cccnc1,,1,,,,,train
CC(C)CCCC(C)CC=O,,1,,,,,train
COc1ccc(CC(=NN)C2=[N+](C)c3ccccc3C2(C)C)cc1,,1,,,,,train
CCCC(=O)OCCc1ccccc1,,1,,,,,test
COc1ccc(P2(=O)Oc3ccccc3-c3ccccc3O2)cc1,,1,,,,,train
CC1(C)CC(O)CC(C)(C)N1[O],,0,,,,,train
CCOC(=O)C(C)=CC(=O)OC,,1,,,,,train
[O-]n1ccccc1=S,,1,,,,,train
O=C(OOC(=O)c1ccccc1)c1ccccc1,,1,,,,,valid
CC12CCC3C(CC=C4CC(O)CCC43C)C1CCC2=O,,1,,,,,train
C=C(C)C(=O)OCCC[Si](C)(C)Cl,,1,,,,,train
COC(=O)CCS,,1,,,,,train
CN(C)CCNC(=O)CCCCC1CCSS1,,1,,,,,train
CC1(C)CC=C(CCC=O)CC1,,1,,,,,test
N#Cc1ccc(N)cc1,,1,,,,,train
CCCCCCC=CC(C)=O,,1,,,,,train
COc1cc(CC(C(C)=O)C(C)=O)ccc1O,,1,,,,,train
O=c1ccccn1O,,1,,,,,train
CCCC(C)C(c1ccc(O)cc1)C(C)C,,1,,,,,valid
C=C1CCC2CC1C2(C)C,,1,,,,,train
CC[SiH](CC)CC,,1,,,,,train
C[N+](C)(C)CCCCCC(N)C(=O)O,,1,,,,,train
C=CC1(C)CCCC(C)(C)O1,,1,,,,,train
COc1ccc(C=CCc2ccccc2)cc1,,1,,,,,test
COc1ccccc1C(=O)O,,1,,,,,train
Nc1ccc(Cl)c(S(=O)(=O)O)c1,,1,,,,,train
COc1ccc2[nH]c(=S)[nH]c2c1,,1,,,,,train
C=CCCCCCC=O,,1,,,,,train
CC(=O)OCC(C)OC(C)=O,,0,,,,,valid
COC(C)(C)C,,0,,,,,train
COCc1ccc(O)c(OC)c1,,1,,,,,train
CC1(COCC(F)(F)C(F)(F)F)COC1,,1,,,,,train
C=CC(C)CCCC(C)(C)O,,1,,,,,train
CC=CCCC=CCCC=CCCC=CCCCCC=CCCC=CC,,1,,,,,test
CCCC=CCCCC,,1,,,,,train
CN(C)c1ccc(C=O)cc1,,1,,,,,train
CC(C)(c1ccc(OCC2CO2)cc1)c1ccc(OCC2CO2)cc1,,1,,,,,train
CCOc1ccccc1O,,1,,,,,train
CC(O)COc1ccc(C(C)(C)c2ccc(OCC(C)O)cc2)cc1,,1,,,,,valid
O=C(O)CCC(=O)OOC(=O)CCC(=O)O,,1,,,,,train
CC1=CCC(C(C)C)CC1,,1,,,,,train
CCCCOCCOC(=O)c1ccccc1,,1,,,,,train
CC(C)COC(=S)S,,1,,,,,train
CCCCCCCCC=CCCCCCCCCOC(=O)C(CC(=O)O)S(=O)(=O)O,,1,,,,,test
Cc1cc(NCCCn2ccnc2)ccc1N,,1,,,,,train
CC(C)CCCCCOC(=O)CCC(=O)OCCCCCC(C)C,,1,,,,,train
Cc1ccc(S(=O)(=O)NCCCCCC(=O)O)cc1,,0,,,,,train
Nc1ccc(F)cc1,,1,,,,,train
Cc1nc2c(O)cccn2c(=O)c1CCCl,,1,,,,,valid
O=C(Sc1n[nH]c(=S)s1)c1ccccc1,,1,,,,,train
CCCCCCCCCCCC(=O)OC(C)CS(=O)(=O)O,,1,,,,,train
CCC(C)=CCCC(C)=CC#N,,1,,,,,train
CCC1(CO)COC1,,0,,,,,train
CCO[Si](CCC1CCC2OC2C1)(OCC)OCC,,1,,,,,test
C=C1C2CCC(C2)C1(C)C,,1,,,,,train
N=C(N)SCCCS(=O)(=O)O,,1,,,,,train
CCCCCCCCCCCC[N+](C)(C)C,,1,,,,,train
CCCCCCCCCc1nc(N)nc(N)n1,,1,,,,,train
C=CCc1ccc(OC)cc1,,1,,,,,valid
CCSCC,,1,,,,,train
CO[Si](CCCNCCNCCN)(OC)OC,,1,,,,,train
C[N+]1=C(C=Cc2ccc(O)cc2)C(C)(C)c2ccccc21,,1,,,,,train
CCC(=O)OC1CCC(C(C)C)CC1,,1,,,,,train
CCCCCCCCOC(C)=O,,0,,,,,test
C=CC(C)(CCC=C(C)C)OC(C)OCC,,1,,,,,train
CNCC(O)c1cccc(O)c1.[H+],,1,,,,,train
ON=Cc1cccc[n+]1COC[n+]1ccccc1C=NO,,1,,,,,train
CC(CC(C)C)=NCCN=C(C)CC(C)C,,1,,,,,train
Cc1ccc(N(CCO)CCO)cc1,,1,,,,,valid
C[n+]1ccccc1,,0,,,,,train
O=S(=O)(Cl)c1ccc2ccccc2c1,,1,,,,,train
Nc1nc(N)nc(N)n1.Nc1nc(N)nc(N)n1.O=P(O)(O)OP(=O)(O)O,,0,,,,,train
CN=C(c1ccccc1Cl)C1(O)CCCC1,,1,,,,,train
COC(=O)c1cc(CCl)nn1-c1ncccc1Cl,,1,,,,,test
O=C(O)C1N=C(c2ccccc2)c2cc(Cl)ccc2NC1=O,,1,,,,,train
CC(CCl)OP(=O)(OCC(CCl)(CCl)COP(=O)(OC(C)CCl)OC(C)CCl)OC(C)CCl,,1,,,,,train
CCN(CC)c1ccc2c(-c3ccccc3C(=O)O)c3ccc(N(CC)CC)cc3[o+]c2c1,,1,,,,,train
ClP(c1ccccc1)c1ccccc1,,1,,,,,train
CC12CCC(=O)C=C1C=CC1C2CCC2(C)C1CCC21CCC(=O)O1.Oc1c(Cl)c(Cl)c(O)c(Cl)c1Cl,,1,,,,,valid
CCCCN(CCCC)CCCC,,1,,,,,train
CC(C)c1ccccc1,,1,,,,,train
Cc1coc2ccc(O)cc12,,1,,,,,train
O=C(O)c1cc(Nc2nc(NCCS(=O)(=O)O)nc(Nc3ccc(S(=O)(=O)O)c(N=Nc4c(S(=O)(=O)O)cc5cc(S(=O)(=O)O)cc(NC(=O)c6ccccc6)c5c4O)c3)n2)cc(C(=O)O)c1.[H-].[H-].[H-].[H-].[H-].[H-],,1,,,,,train
C=C(C)CC(C)(C)C,,1,,,,,test
Cc1cc(O)ccc1O,,1,,,,,train
CC(=O)CC(C)=O,,1,,,,,train
CCCCCCC(O)CO,,0,,,,,train
CCO[Si](C)(C)C,,0,,,,,train
CCCCCCCCCC(C)(C)N.Cc1cc(C)c(Nc2cc(S(=O)(=O)O)c(N)c3c2C(=O)c2ccccc2C3=O)c(C)c1,,1,,,,,valid
Cc1ccc(N)c(S(=O)(=O)O)c1,,1,,,,,train
CS(=O)(=O)OCC1COC(Cn2ccnc2)(c2ccc(Cl)cc2Cl)O1,,1,,,,,train
CC(O)CN(CC(C)O)CC(C)O,,0,,,,,train
O=S1(=O)C=CCO1,,1,,,,,train
C=C(C)CCOC(=O)C(=C)C,,1,,,,,test
Cc1cc(C)c(C(=O)P(=O)(c2ccccc2)c2ccccc2)c(C)c1,,1,,,,,train
S=C(Nc1ccccc1)Nc1ccccc1,,1,,,,,train
SCCOCCOCCS,,1,,,,,train
O=C1C=CC(=O)C=C1,,1,,,,,train
C=COCC1CCC(COC=C)CC1,,1,,,,,valid
CCCCCCCCCc1cc(C(C)(C)C)c(O)c(C(C)(C)C)c1,,1,,,,,train
C=CCNC(=S)OCC(C)C,,1,,,,,train
Fc1ccc(Br)cc1,,1,,,,,train
CC(=O)N1Cc2ccccc2CSc2cccc(Cl)c21,,1,,,,,train
Cc1ccc(S(=O)(=O)OCCc2cccs2)cc1,,1,,,,,test
COc1ccc(O)cc1,,1,,,,,train
C=C(C)C(=O)OCCN1CCNC1=O,,0,,,,,train
C=CC(=O)OCCCCCCCCCCCCCCCCCCCCCC,,1,,,,,train
ClCC=Cc1ccccc1,,1,,,,,train
O=C(O)C1=NN(c2ccc(S(=O)(=O)O)cc2)C(=O)C1N=Nc1cc(N=c2[nH]c(Cl)nc(=Nc3cccc(S(=O)(=O)O)c3)[nH]2)ccc1S(=O)(=O)O,,0,,,,,valid
CCCCCCCCCCCC(=O)OC(C)CO.CCCCCCCCCCCC(=O)OCC(C)O,,1,,,,,train
OCCO,,1,,,,,train
CC1(C)C2CC=C(CCO)C1C2,,1,,,,,train
CC(=O)OC(CC(C)C)CC(C)C,,1,,,,,train
N=C(CCCl)NS(N)(=O)=O,,0,,,,,test
CC(C)CCCC(C)C1CCC2C3CCC4=CC(=NO)CCC4(C)C3CCC12C,,1,,,,,train
CCC(C)(C)c1ccccc1,,1,,,,,train
CC1(C)C2CCC1(CS(=O)(=O)O)C(=O)C2.COC(=O)C(c1ccccc1Cl)N1CCc2sccc2C1,,1,,,,,train
O=S(=O)(O)CC(S)CS,,1,,,,,train
CC(=Cc1ccc(C)cc1)CCC=O,,1,,,,,valid
CCN(CC)c1ccc2cc(C3(S(=O)(=O)O)Nc4cc(S(N)(=O)=O)ccc4O3)c(=O)oc2c1,,1,,,,,train
C1=CC2C3C=CC(C3)C2C1,,1,,,,,train
CC(C)=CCCC(C)CC#N,,1,,,,,train
CC(=O)c1ccc(C)cc1,,1,,,,,train
CC(C)(C)CC(C)(C)N,,1,,,,,test
CC(=O)C1(Cl)CC1,,1,,,,,train
CN(C)CCCSC(=N)N,,1,,,,,train
Cn1sc(Cl)cc1=O.Cn1sccc1=O,,1,,,,,train
NC(CO)C(=O)NN=Cc1ccc(O)c(O)c1O,,1,,,,,train
CC12CCC(C1)C(C)(C)C2O,,1,,,,,valid
C[N+](C)(CCCCCC[N+](C)(C)Cc1cccc(O)c1O)Cc1cccc(O)c1O,,0,,,,,train
CC1=CC2C(CC1)C2(C)C,,1,,,,,train
CC(=O)Nc1ccc(F)cc1-c1ccc(Cl)c(Cl)c1,,1,,,,,train
CC(=CCCC=O)CCCC(C)C,,1,,,,,train
O=Cc1cccc(Cl)c1Cl,,1,,,,,test
COc1ccc(Nc2ccccc2)c(C)c1,,1,,,,,train
CCCCOS(=O)(=O)c1ccc(C)cc1,,0,,,,,train
CCCC1CO1,,1,,,,,train
CCn1c(O)c(N=Nc2ccc(Cl)cc2[N+](=O)[O-])c(C)c(C#N)c1=O,,1,,,,,train
O=C1c2[nH]cc3c2C(=[N+](O)CC3)c2c(-c3ccc(O)cc3)c[nH]c21,,1,,,,,valid
CCCCCCCCCCCCCCCCO,,1,,,,,train
CCCC[N+](CCCC)(CCCC)Cc1ccccc1.O=S(=O)(O)c1ccc(O)c2ccccc12,,1,,,,,train
CC(=O)OC(C)C1CCCCC1,,1,,,,,train
CCCC1=CC(=O)OC1O,,1,,,,,train
COc1cccc(C(C)N)c1,,1,,,,,test
CCCCCCCCC=CCCCCCCCCNC(=O)CC(C(=O)O)S(=O)(=O)O,,1,,,,,train
CC1=CC=C(C(C)C)CC1,,1,,,,,train
C=CCCCCCCCC(=O)OC,,1,,,,,train
CC1C(C)(C)C2=C(C(=O)CCC2)C1(C)C,,1,,,,,train
CC(C)c1ccc(Cl)cc1Br,,1,,,,,valid
CCCCOCCOCCOCc1cc2c(cc1CCC)OCO2,,1,,,,,train
CC1(O)CCC(C(C)(C)O)CC1,,1,,,,,train
CC(C)c1ccc(CCC=O)cc1,,1,,,,,train
Cc1c([N+](=O)[O-])cc([N+](=O)[O-])cc1[N+](=O)[O-],,1,,,,,train
CC(C)c1ccc(C#N)cc1,,1,,,,,test
CC1(C)COC2(CCC3=C(CCC4C3CCC3(C)C4CCC3(O)C#N)C2)OC1,,1,,,,,train
CCC(CO)(CO)COCC(CC)(CO)CO,,0,,,,,train
CCOC(=O)C(F)F,,1,,,,,train
CC(N)C(=O)NC(CCC(N)=O)C(=O)O,,0,,,,,train
CCCCC=CCCC=CCCCCCC,,1,,,,,valid
O=c1c(O)c(-c2ccc(O)cc2O)oc2cc(O)cc(O)c12,,1,,,,,train
CCOC(=O)C1C2CCC(CC2)C1N,,1,,,,,train
CC(Cl)C(=O)O,,1,,,,,train
C=CCOC(=O)CCC,,0,,,,,train
CCCCN(c1nc(Cl)nc(N(CCCCCCN(c2nc(Cl)nc(N(CCCC)C3CC(C)(C)NC(C)(C)C3)n2)C2CC(C)(C)NC(C)(C)C2)C2CC(C)(C)NC(C)(C)C2)n1)C1CC(C)(C)NC(C)(C)C1,,1,,,,,test
C=CC(=O)OCCOCCOC(C)OCC(COC(C)OCCOCCOC(=O)C=C)(COC(C)OCCOCCOC(=O)C=C)NC(=O)COc1ccc2sc3ccccc3c(=O)c2c1,,1,,,,,train
BrCBr,,1,,,,,train
CC(=O)OC1C(N2CCCC2)CC2C3CCC4CC(O)C(N5CCOCC5)CC4(C)C3CCC21C,,1,,,,,train
Fc1ccc(C(F)(F)F)cc1Cl,,1,,,,,train
CCCC[N+](CCCC)=C(N(CC)CC)N(CC)CC,,1,,,,,valid
CCCc1ccc2c(c1)OC(C(C)=O)O2,,1,,,,,train
NCCO.O=C(O)CS,,1,,,,,train
COc1ccc(C)cc1,,1,,,,,train
CCC(=O)N(c1ccccc1)C1CCNCC1,,1,,,,,train
CC(C)COC(=O)C1CCCCC1C(=O)OCC(C)C,,1,,,,,test
C=C(C)C(=O)NCCCN(C)C.C=C(C)C(=O)NCCCN(C)C.C=C(C)C(=O)NCCCN(C)C.C=C(C)C(=O)NCCCN(C)C.CCCCCC(CCCC)c1ccc(S(=O)(=O)O)cc1.CCCCCCC(CCCC)c1ccc(S(=O)(=O)O)cc1.CCCCCCCC(CCCC)c1ccc(S(=O)(=O)O)cc1.CCCCCCCCC(CCCC)c1ccc(S(=O)(=O)O)cc1,,1,,,,,train
COc1ccccc1NC(=O)c1cc2ccccc2cc1O,,1,,,,,train
Cc1ccccc1C1CCNCC1,,1,,,,,train
C=C(C)C(=O)OCCCCCCCCCCOC(=O)C(=C)C,,1,,,,,train
O=C(O)CCC(=O)C(=O)O,,1,,,,,valid
CCC(C)(C)OC,,1,,,,,train
COc1ccc(CC(C)=O)cc1,,0,,,,,train
C#CCOC(=O)NCCCC,,1,,,,,train
CC(C)(C)c1ccc([I+]c2ccc(C(C)(C)C)cc2)cc1.F[P-](F)(F)(F)(F)F,,1,,,,,train
CC(C)Sc1ncccc1OCC(F)(F)F,,1,,,,,test
C=CC(=O)OCC1COC(C)(CC)O1,,0,,,,,train
COC1CCCC1,,1,,,,,train
C=COCC,,1,,,,,train
COC(OC)[SiH2]C1CCCCC1,,1,,,,,train
CCCC(C)COC(=O)c1ccccc1O,,1,,,,,valid
CC(=O)c1ccc(Oc2ccc(Cl)cc2)cc1C(F)(F)F,,1,,,,,train
NCCC(=O)O,,1,,,,,train
C=Cc1ccccc1.CCc1ccccc1.c1ccc(-c2ccccc2)cc1.c1ccc2ccccc2c1,,1,,,,,train
C=C(C)CC1CCCCCCCCCC(CC(=C)C)C1=O.C=C(C)CC1CCCCCCCCCCC1=O,,1,,,,,train
C=CC(=O)OCC(CCC)CCCCC,,0,,,,,test
O=C(O)c1cccc(S(=O)(=O)O)c1,,1,,,,,train
CC(C)C(=O)OCC(C)(C)C(O)C(C)C,,0,,,,,train
CCCCOC(=O)c1ccccc1-c1c2cc(C)c(=NCC)cc-2oc2cc(NCC)c(C)cc12,,1,,,,,train
O=S(=O)(O)c1cc(S(=O)(=O)O)c2cc(NS(=O)(=O)c3cccc(N=Nc4ccc(N=Nc5c(O)ccc6ccccc56)cc4)c3)ccc2c1,,1,,,,,train
Nc1ccc([S+](O)c2ccc(N)cc2)cc1,,1,,,,,valid
Cc1cccc(N)c1N,,1,,,,,train
CO[Si](CCCN)(OC)OC,,0,,,,,train
CCn1c(O)c(N=Nc2cc(Nc3nc(Cl)nc(Nc4ccc(C=Cc5ccc(Nc6nc(Cl)nc(Nc7cc(N=Nc8c(C)c(C(N)=O)c(=O)n(CC)c8O)c(S(=O)(=O)O)cc7S(=O)(=O)O)n6)cc5S(=O)(=O)O)c(S(=O)(=O)O)c4)n3)c(S(=O)(=O)O)cc2S(=O)(=O)O)c(C)c(C(N)=O)c1=O,,0,,,,,train
C=C1CCOC(C=C(C)C)C1,,1,,,,,train
CCCCC(=O)N(Cc1ccc(-c2ccccc2-c2nn[nH]n2)cc1)C(C(=O)OC)C(C)C,,1,,,,,test
CCCCC(CC)CN(C=O)CC(CC)CCCC,,1,,,,,train
CC12CCC3C(CCC4=CC(=O)CCC43C)C1CCC2=O,,1,,,,,train
FC(F)(F)I,,1,,,,,train
CCO[Si](CCCCl)(OCC)OCC,,0,,,,,train
CC(O)(CSc1ccc(F)cc1)C(=O)Nc1ccc(C#N)c(C(F)(F)F)c1,,1,,,,,valid
CCCCOCCOCCOCCCC,,1,,,,,train
CC(C)=CCCC(C)CCOC=O,,1,,,,,train
CCCCCCC#CC(=O)OC,,1,,,,,train
CN(C)Cc1cc(C(C)(C)c2cc(CN(C)C)c(O)c(CN(C)C)c2)cc(CN(C)C)c1O.CN(C)Cc1cc(C(C)(C)c2cc(CN(C)C)c(O)c(CN(C)C)c2)ccc1O,,1,,,,,train
O=C(Cl)c1c(Cl)cccc1Cl,,1,,,,,test
CC(C)Oc1ccc(S(=O)(=O)c2ccc(O)cc2)cc1,,1,,,,,train
O=C(c1ccccc1)C1(O)CCCCC1,,1,,,,,train
CO[Si](CCCCl)(OC)OC,,0,,,,,train
C=CCCC(=O)Cl,,1,,,,,train
Cc1cccc(N(CCO)CCO)c1,,0,,,,,valid
CCOc1nc(F)cc(F)n1,,1,,,,,train
O=C1CCC(O)C2C3CCC(C3=C(Cl)Cl)C12,,1,,,,,train
C=C=CC,,1,,,,,train
CCC(CC)CC1(C(=O)O)CCCCC1,,1,,,,,train
CN1CCSC1=S,,1,,,,,test
CC(c1ncncc1F)C(Cn1cncn1)(OS(=O)(=O)CC12CCC(CC1=O)C2(C)C)c1ccc(F)cc1F,,1,,,,,train
CCC12CCC3C4=C(CCC3C1CCC2O)CC(OC)=CC4,,1,,,,,train
CC(C)(c1ccc(OC#N)cc1)c1ccc(OC#N)cc1,,1,,,,,train
C=CCOC(=O)C1C(C)CCCC1(C)C,,1,,,,,train
C=CC(C)(C#N)Cc1ccccc1,,1,,,,,valid
NCCCCCCCCCN,,1,,,,,train
CC1OC1C(=O)O,,1,,,,,train
CCC(=CO)CCC1CC=C(C)C1(C)C,,1,,,,,train
C=CC=CCCC=CCC,,1,,,,,train
NN=c1[nH]cccc1Cl,,1,,,,,test
CC(C)NCC(O)COc1ccc(C(=O)O)cc1,,1,,,,,train
C=CC(=O)OCCCCCCCCCCCCCCCC,,1,,,,,train
CCOC(=O)C1CC(=O)NN1c1ncccc1Cl,,1,,,,,train
O=C(NCCC(O)(P(=O)(O)O)P(=O)(O)O)c1ccccc1,,0,,,,,train
Cc1ccc(S(=O)(=O)NC(=O)Nc2cccc(OS(=O)(=O)c3ccc(C)cc3)c2)cc1,,1,,,,,valid
C=COCCOCCOC=C,,0,,,,,train
OCCNc1ccccc1,,1,,,,,train
COC(C)=O,,0,,,,,train
COCc1ccc(C=O)o1,,1,,,,,train
CSC(C)(C)SC,,1,,,,,test
c1cc(OCC2CO2)cc(N(CC2CO2)CC2CO2)c1,,1,,,,,train
CC(=O)c1ccc2c(c1)CCCC2,,1,,,,,train
CC(=O)CC(C)(C)C1CCCCC1,,1,,,,,train
CC(C)COP(=O)(OCC(C)C)OCC(C)C,,1,,,,,train
CCCCCCCCN(CCO)CCO,,1,,,,,valid
CC1C(C=O)CC2CC1C2(C)C,,1,,,,,train
Clc1ccc2ncoc2c1,,1,,,,,train
CCCCBr,,0,,,,,train
COc1ccnc(C(=O)NC2COC(=O)C(Cc3ccccc3)C(OC(=O)C(C)C)C(C)OC2=O)c1O,,1,,,,,train
CC(COCC(C)OC(=O)c1ccccc1)OC(=O)c1ccccc1.O=C(OCCOCCOC(=O)c1ccccc1)c1ccccc1,,1,,,,,test
C=CC(F)(F)C(F)(F)Br,,1,,,,,train
CCOC(=O)c1ccc(O)c(O)c1,,1,,,,,train
Nc1ccc2c(O)cc(S(=O)(=O)O)cc2c1,,0,,,,,train
N=C(N)c1nn(Cc2ccccc2F)c2ncc(F)cc12,,1,,,,,train
CC(=O)c1cc2c(cc1C)C(C)(C)C(C)C2(C)C,,1,,,,,valid
C=CC(OC(=O)C1C(C=C(C)C)C1(C)C)c1ccc(OC(C)=O)c(OC)c1,,1,,,,,train
COC=O,,0,,,,,train
CC1CC=CCCCCCCCCC(=O)C1,,1,,,,,train
Cc1ccc(-c2ccccc2C#N)cc1,,1,,,,,train
CC(C)(C)c1cc(C(C)(C)C)c(O)c(C(C)(C)C)c1.CC(C)(C)c1cccc(C(C)(C)C)c1O,,1,,,,,test
Cc1ncoc1C#N,,0,,,,,train
CCC(CO[N+](=O)[O-])(CO[N+](=O)[O-])CO[N+](=O)[O-],,1,,,,,train
N#Cc1nc(C(F)(F)F)[nH]c1C#N,,1,,,,,train
Cc1ccc(C(=O)CC(=O)C(F)(F)F)cc1,,1,,,,,train
O=C(O)CNCO,,1,,,,,valid
CC1=CC(C)C(C=O)C(C)C1,,1,,,,,train
COc1cc2[nH]c(=O)c(=O)[nH]c2cc1N,,1,,,,,train
COC(=O)c1cc(F)ccc1N,,1,,,,,train
CC(C)=CCOCC(O)COCC=C(C)C,,1,,,,,train
O=S(=O)(O)c1cc(O)c2ccc3c(S(=O)(=O)O)cc(S(=O)(=O)O)c4ccc1c2c34,,0,,,,,test
Nc1ccc(N)c(S(=O)(=O)O)c1,,0,,,,,train
C=CCOCC1CO1,,1,,,,,train
CC(=O)C(F)(F)F,,1,,,,,train
CCCC(=O)OCC,,0,,,,,train
CS(=O)(=O)Cl,,1,,,,,valid
CC[N+]1(C)CCCC1,,0,,,,,train
CS(=O)(=O)c1ccc(C(=O)O)c([N+](=O)[O-])c1,,0,,,,,train
CC(COC(=O)c1ccccc1)OC(=O)c1ccccc1,,1,,,,,train
COC(=O)CC(C)(C)CC(C)C(=O)OC.COC(=O)CC(C)(C)CC(C)C(=O)OC.COC(=O)CC(C)CC(C)(C)C(=O)OC.COC(=O)CC(C)CC(C)(C)C(=O)OC,,0,,,,,train
COc1cc(C=CC(=O)NC2CN3CCC2CC3)cc(OC)c1OC.COc1ccc(C=CC(=O)NC2CN3CCC2CC3)cc1OC.O=C(C=Cc1cccc(C(F)(F)F)c1)NC1CN2CCC1CC2,,0,,,,,test
N#CCC(=O)c1ccccc1Cl,,1,,,,,train
ClCCN1CCCC1,,1,,,,,train
Oc1ccc(C2CCCCC2)cc1,,1,,,,,train
O=C1C=CC(=O)N1Cc1cccc(CN2C(=O)C=CC2=O)c1,,1,,,,,train
CC(=O)OCC(F)F,,1,,,,,valid
CC[Si](ON=C(C)C)(ON=C(C)C)ON=C(C)C,,0,,,,,train
S=c1nc[nH][nH]1,,1,,,,,train
CC(C)C(=O)OCCc1ccccc1,,1,,,,,train
CC(=O)OCC=CCOC(C)=O,,1,,,,,train
CC(C)Nc1ccc(F)cc1,,1,,,,,test
CCCCOC(=O)CC(CC(=O)OCCCC)(OC(C)=O)C(=O)OCCCC,,1,,,,,train
C=CC(=O)OCCOC(=O)Nc1cccc(SC)c1,,1,,,,,train
C=C(C)C(=O)OC1CC(C)CC(C)(C)C1,,1,,,,,train
CC(C=O)CCCC(C)(C)O,,0,,,,,train
O=S(=O)(N(CCO)CCO)C(F)(F)C(F)(F)C(F)(F)C(F)(F)F,,1,,,,,valid
CC1CCC2C(C)(C)C3CC12CCC3(C)OC(=O)Cc1ccncc1,,1,,,,,train
CCN(CCCl)c1ccc(C)c(C=CC2=[N+](C)c3ccccc3C2(C)C)c1,,1,,,,,train
CCCCCCCCCC[N+](C)(C)CCCCCCCCCC.CCCCCCCCCC[N+](C)(C)CCCCCCCCCC.CCCCCCCCCC[N+](C)(C)CCCCCCCCCC.O=C(O)O.O=C(O)O,,1,,,,,train
CCOC(=O)C(Cl)C(=O)OCC,,1,,,,,train
NCCS,,1,,,,,test
CCC(=O)O.CCCCCCCCCC[N+](C)(CCO)CCCCCCCCCC,,1,,,,,train
CC(=O)c1cc(C(C)(C)C)cc2c1CCC2(C)C,,1,,,,,train
CCCC1CCC(c2ccc(O)cc2)OC1,,1,,,,,train
CC(C)(C)C1CCC(O)CC1,,0,,,,,train
CCCCCOC(=O)Cc1ccccc1,,1,,,,,valid
CCN(CCO)c1ccc(N=Nc2sc3cc(OC)ccc3[n+]2C)cc1,,1,,,,,train
C[N+](C)(C)CC(=O)O,,0,,,,,train
CC(C)(C)OC(=O)NNCc1ccc(-c2ccccn2)cc1,,1,,,,,train
CC12CCC(CC1)C(C)(C)[N+]([O-])=[N+]2[O-],,1,,,,,train
O=C1CCC(=O)N1Br,,1,,,,,test
CCCCCCCCCCCO,,1,,,,,train
CCCCC(C)Cc1ccc(O)cc1.CCCCCCCc1ccc(O)cc1,,1,,,,,train
CCOC(=O)C1CC2C=CC1C2,,1,,,,,train
CC12CCC(=O)C=C1CCC1C2CCC2(C)C(=O)CC(O)C12,,0,,,,,train
CCN(c1ccccc1)c1nc(Cl)nc(Nc2cc(S(=O)(=O)O)cc3cc(S(=O)(=O)O)c(N=Nc4cc(NC(=O)C(Br)CBr)ccc4S(=O)(=O)O)c(O)c23)n1,,0,,,,,valid
CC(=O)C1(O)CCC2C3CCC4=CC(=O)CCC4(C)C3CCC21C,,1,,,,,train
Fc1cc(Br)cc(F)c1F,,1,,,,,train
C=CC(=O)OCC[N+](C)(C)C,,0,,,,,train
CCCS(=O)(=O)OCCNCCOS(=O)(=O)CCC,,1,,,,,train
CCC1(CC=C2CCCc3cc(OC)ccc32)C(=O)CCC1O,,1,,,,,test
Nc1cc(S(=O)(=O)O)c(O)c2c1C(=O)c1c(O)c(S(=O)(=O)O)cc(N)c1C2=O,,1,,,,,train
C=C(Br)C(F)(F)F,,1,,,,,train
CCCCCCCCC=CCCCCCCCC#N,,1,,,,,train
CC(C)(C)O.CC(C)OC(C)C.CCC(C)O.CCC(C)OC(C)CC,,1,,,,,train
CCCCOC(=O)C=CC(=O)O,,1,,,,,valid
C=Cc1cccc[n+]1CCCS(=O)(=O)O,,1,,,,,train
CCC(C)(C)OO,,1,,,,,train
OCCCCCCCCCCCCO,,1,,,,,train
NCCCCCCCCN,,1,,,,,train
CCCCCC(CO)CCC,,1,,,,,test
CNCCO.O=S=O,,1,,,,,train
CC(C)(OO)c1ccccc1,,1,,,,,train
FC(F)(F)C=CCl,,1,,,,,train
CCN(Cc1ccccc1)c1ccc(C=C(C#N)C(=O)OCC[N+](C)(C)C)cc1,,1,,,,,train
CCOc1cc(CCN)cc(OCC)c1OCC,,1,,,,,valid
CC(C)CCC(C)(O)C#CC(C)(O)CCC(C)C,,1,,,,,train
CC(C)(c1cc(Br)c(OCC2CO2)c(Br)c1)c1cc(Br)c(OCC2CO2)c(Br)c1,,1,,,,,train
CC1(C)C2CCC1(C)C(O)C2,,1,,,,,train
CC(C)Nc1ccc(Nc2ccccc2)cc1,,1,,,,,train
COc1ccc2cccc(CC#N)c2c1,,1,,,,,test
CC(=O)OC1CC2CC1C1CCCC21,,1,,,,,train
CCN(Cc1ccccc1)c1ccc(N=Nc2ccc(N=Nc3cc(C)c(N=Nc4cccc(S(=O)(=O)O)c4)cc3C)c3cc(S(=O)(=O)O)ccc23)c(C)c1.CCN(Cc1ccccc1)c1ccc(N=Nc2ccc(N=Nc3cc(C)c(N=Nc4cccc(S(=O)(=O)O)c4)cc3C)c3ccc(S(=O)(=O)O)cc23)c(C)c1,,1,,,,,train
OCCC(F)(F)C(F)(F)C(F)(F)C(F)(F)C(F)(F)C(F)(F)F,,1,,,,,train
CC(=O)OC1CCCCC1C,,1,,,,,train
CC(=O)OC1(C)CCC23CC1C(C)(C)C2CCC3C,,1,,,,,valid
CCCCCCO,,1,,,,,train
CC12CCC(=O)C=C1CCC1C2CCC2(C)C1CCC2(O)C#CCO,,1,,,,,train
COC(=O)CCCCC(=O)OC,,1,,,,,train
CC(O)CCC1CCCCC1,,1,,,,,train
CCCCCCCCCCCC[N+](C)(C)CC(O)CS(=O)(=O)O,,1,,,,,test
CC(=O)c1cccc(O)c1,,1,,,,,train
S=C(S)OC1CC2CC1C1CCCC21,,1,,,,,train
CCCCCCOC(=O)c1ccccc1,,1,,,,,train
CCOC(=O)C1OC1(C)c1ccccc1,,1,,,,,train
CCOC(=O)C=CC(=O)OCC,,1,,,,,valid
CC(C)CCCCCN(CCCCCC(C)C)CCCCCC(C)C,,1,,,,,train
CN(CS(=O)(=O)O)c1ccc(N=Nc2ccc(S(N)(=O)=O)cc2)cc1,,1,,,,,train
CCC(CC#N)OC(=O)NC(C)c1cccc(NC(=O)Nc2ccc(-c3cnco3)c(OC)c2)c1,,1,,,,,train
CCOC(=O)Oc1ccc2c(=O)[nH]c(=O)oc2c1,,1,,,,,train
CCCCCC(C)COC(=O)CCS,,1,,,,,test
CCO[Si](CCCS)(OCC)OCC,,1,,,,,train
CCCCOc1cccc(F)c1F,,1,,,,,train
Cc1nc(SCC(=O)O)c2c(C)c(C)sc2n1,,1,,,,,train
O=S(=O)(O)c1ccc2[nH]c(-c3ccccc3)c(N=Nc3ccccc3S(=O)(=O)c3ccccc3)c2c1,,1,,,,,train
CNCCOCCN(C)C,,0,,,,,valid
CC(C)COC(=O)c1ccc(O)cc1,,1,,,,,train
C=COC,,1,,,,,train
O=C1CCC(=O)c2c1c(O)c1ccccc1c2O,,1,,,,,train
CC(C)=NO,,0,,,,,train
CC1(C)CC(N)CC(C)(C)N1,,1,,,,,test
CC(C)N(C)CCN(C)CCN(C)C(C)C,,1,,,,,train
Nc1ccc(S(=O)(=O)O)c(N)c1,,1,,,,,train
NCCCCCCCCCCCCN,,1,,,,,train
O=C(CBr)Nc1ccc(Cl)cc1C(=O)c1ccccc1F,,1,,,,,train
CCCCCCCCCCC1CO1,,1,,,,,valid
CCC1(O)CCCC1CCC(C)C,,1,,,,,train
CCOC1C(C)CCCC1C,,1,,,,,train
COc1ccc(CC2CC2)cc1,,1,,,,,train
CCOC(=O)N(c1ccccc1)c1ccccc1,,1,,,,,train
CCCCCCCCCCCCCCCCCC[N+](C)(C)CCC[Si](OC)(OC)OC,,1,,,,,test
CCCCCCCCCCCC(=O)OCC(C)(C)C=NCCCCCCN=CC(C)(C)COC(=O)CCCCCCCCCCC,,1,,,,,train
C=CC(=O)OCC1(CC)COCOC1,,1,,,,,train
CC1=C2CC(C=O)C(C1)C(C(C)C)C2,,1,,,,,train
CC(C)=CCCC(C)=CCOC=O,,1,,,,,train
C=CC(=O)OCCOC(=O)C1CCCCC1C(=O)O,,1,,,,,valid
OCC(F)(F)C(F)(F)C(F)(F)C(F)(F)C(F)(F)C(F)F,,1,,,,,train
Nc1cc(S(=O)(=O)O)cc2cccc(S(=O)(=O)O)c12,,0,,,,,train
CN(C)Cc1ccccc1O,,1,,,,,train
O=C(CCl)C1(Cl)CC1,,1,,,,,train
CCCCC(CC)COS(=O)(=O)O,,0,,,,,test
C=CC1COC(CC(C)C)O1,,1,,,,,train
Cc1c(Nc2nc(Cl)nc(Nc3ccc(S(=O)(=O)O)cc3)n2)c(C)c(S(=O)(=O)O)c(C)c1Nc1cc(S(=O)(=O)O)c(N)c2c1C(=O)c1ccccc1C2=O.Cc1c(Nc2nc(Cl)nc(Nc3cccc(S(=O)(=O)O)c3)n2)c(C)c(S(=O)(=O)O)c(C)c1Nc1cc(S(=O)(=O)O)c(N)c2c1C(=O)c1ccccc1C2=O,,1,,,,,train
CC(C)=CCCC(C)=CCC1CCCC1=O,,1,,,,,train
O=[N+]([O-])c1ccccc1-c1cc(F)c(F)c(F)c1,,1,,,,,train
CC1=CC(=O)N(Cc2cccc(CN3C(=O)C=C(C)C3=O)c2)C1=O,,1,,,,,valid
C1=CC2CC1C1C3CCC(C3)C21,,1,,,,,train
CN(C)CCOCCN(C)CCOCCN(C)C,,1,,,,,train
C=C[Si](OCCOC)(OCCOC)OCCOC,,0,,,,,train
NCCO.NCCO.O=C(O)O,,1,,,,,train
CC(=O)c1ccc2ccccc2c1,,1,,,,,test
C1CC2C3CC(C2C1)C1(CCCO1)C3,,1,,,,,train
Cc1cc(C)cc(C(=O)Cl)c1,,1,,,,,train
Cc1ccc(O)cc1C,,1,,,,,train
COc1cc(C=O)ccc1OC(=O)C(C)C,,1,,,,,train
BrCCCCBr,,1,,,,,valid
Cc1ccc(N)c(Cl)c1O,,1,,,,,train
C=CC(=C)Cl,,1,,,,,train
C=CC(=O)OCC1COC(C)(C)O1,,1,,,,,train
O=C1CCCCCCCCCCCCCC1,,1,,,,,train
CCC1(CC=C2CCCc3cc(OC)ccc32)C(=O)CCC1=O,,1,,,,,test
CC(=O)OOC(C)(C)C,,1,,,,,train
CCOc1cc(C=O)ccc1O,,1,,,,,train
COc1ccc(C(CN)C2(O)CCCCC2)cc1,,1,,,,,train
SCCSCCS,,1,,,,,train
CCCCCCCCCCCC[N+](C)(C)Cc1ccccc1,,1,,,,,valid
CCCCCCCCCCCCNCCCNCC(=O)O.CCCCCCCCCCCCNCCNCCN,,1,,,,,train
C=C1C2CCC3C2C(C)(C)CCCC13C,,1,,,,,train
C=CC(=O)OCCCCCCCCCCCCCCCCCC,,1,,,,,train
C=C(OCC)C1C(C)(C)CC(=O)CC1(C)C,,1,,,,,train
ClCC(Cl)(Cl)Cl,,0,,,,,test
C=NCCCCCCCCC(C)(C)C,,1,,,,,train
c1ccc2c(c1)CCCC2,,1,,,,,train
CS(=O)(=O)c1ccc(CNc2ncccc2C#CCO)c(C(F)(F)F)c1,,1,,,,,train
OCCCCO,,0,,,,,train
O=C1C=CC(=NO)C=C1,,1,,,,,valid
CCCCC(CC)C(=O)OCC,,1,,,,,train
CCC=CCCOC(C)=O,,1,,,,,train
C1=CCC=C1.C=CC(=C)C.CCC(C)C.CCCCC,,1,,,,,train
COc1cc(Br)c2c3c1OC1CC(=O)C=CC31CCN(C)C2,,1,,,,,train
CC(C)OC(C)C.CCC=C(C)C,,1,,,,,test
C[Si](C)(C)OCC1OC(=O)C(O[Si](C)(C)C)C(O[Si](C)(C)C)C1O[Si](C)(C)C,,1,,,,,train
O=C(CN(CCOS(=O)(=O)O)C(=O)C1OC(OS(=O)(=O)O)C(OS(=O)(=O)O)C(OS(=O)(=O)O)C1OS(=O)(=O)O)NC1CCCCC1,,1,,,,,train
CN1CCCN(C(=O)c2ccc(-c3cc(NC4CC4)n4ncc(C=C5NC(=O)NC5=O)c4n3)s2)CC1,,1,,,,,train
NCC1CCOC1,,0,,,,,train
OCC1CC(n2nnc3c(O)ncnc32)C(O)C1O,,1,,,,,valid
CCN(CCO)CCCC(C)Nc1ccnc2cc(Cl)ccc12,,1,,,,,train
CCOC(=O)C(CC1(CC)CCCN2CCc3c([nH]c4ccccc34)C21)=NO,,1,,,,,train
O=C=Nc1ccc(OC(F)(F)F)cc1,,1,,,,,train
CCCCN(CCCC)C(=O)N(CCCC)CCCC,,1,,,,,train
CC(=O)OC([SiH3])=C(OC(C)=O)OC(C)=O,,0,,,,,test
CC1CC(O)CC(C)(C)C1,,1,,,,,train
CCN(CC)CCCl,,1,,,,,train
c1ccc(CCCc2ccncc2)cc1,,1,,,,,train
C=C(C)C(=O)OCCOC,,0,,,,,train
CC1=CCCC(C)(C)C1CCC(=O)C=Cc1cccc([N+](=O)[O-])c1,,1,,,,,valid
CCN(CC[N+](C)(C)C)c1ccc(N=Nc2nc(-c3ccccc3)ns2)c(C)c1.COS(=O)(=O)O,,1,,,,,train
CCCCCCCCC(CO)CCCCCC,,1,,,,,train
CC(=O)c1cccc([N+](=O)[O-])c1,,1,,,,,train
CCCCCCCCCCCCCCCCCC(=O)NCCCN(C)C,,1,,,,,train
CC12C=CC(=O)C=C1CCC1C2CCC2(C)C(O)CCC12,,1,,,,,test
CCOC(=O)N(CC)c1ccccc1,,1,,,,,train
CCCCCC=CC(=O)OC,,1,,,,,train
Cc1cc(C)c(N)c(S(=O)(=O)O)c1,,1,,,,,train
CCCCCCCCC=CCCCCCCCC(=O)N(C)CC(=O)O,,1,,,,,train
CC(=O)N1c2ccccc2C(C)=CC1(C)C,,1,,,,,valid
CCOC(=O)c1ccccc1,,1,,,,,train
Nc1c(Br)cc(Br)cc1CNC1CCC(O)CC1,,1,,,,,train
CCCCCCC(C)O,,1,,,,,train
Nc1ccc(NCCO)c([N+](=O)[O-])c1,,1,,,,,train
CC(c1ccc(OC#N)cc1)c1ccc(OC#N)cc1,,1,,,,,test
CC(=O)CC(=O)Nc1ccc(NC(=O)CC(C)=O)c(Cl)c1,,1,,,,,train
CCCCCCOC(C)=O,,1,,,,,train
S=C(S)N1CCCC1,,1,,,,,train
C=C(C)C(=O)OCCOCCOCCCC,,1,,,,,train
CCCCC(CC)COC(C)=O,,1,,,,,valid
Clc1ccc(I)cc1Cc1ccc(OC2CCOC2)cc1,,1,,,,,train
CCCC(=O)C1=C(O)CC(C2CCCSC2)CC1=O,,1,,,,,train
CC(=O)C(C)=CC1C(C)=CCCC1(C)C.CCC(=O)C=CC1C(C)=CCCC1(C)C,,1,,,,,train
COC(OC)OC,,0,,,,,train
O=C(O)CNCCNCC(=O)O,,1,,,,,test
COc1cc2c(cc1O)CCC1C2CCC2(C)C(O)CCC12,,1,,,,,train
CCCBr,,0,,,,,train
COc1cc(C=Cc2ccc(OC)c(OP(=O)(O)O)c2OP(=O)(O)O)cc(OC)c1OP(=O)(O)O,,1,,,,,train
CCOc1ccc(CC(CNCCN)NC(=O)OCc2ccccc2)cc1,,1,,,,,train
FC(C(F)(F)F)C(F)(F)Oc1cc(Cl)ccc1Cl,,1,,,,,valid
CCCCOCCOCCOCOCCOCCOCCCC,,1,,,,,train
O=C(CCNCc1ccccc1)c1cccc(O)c1,,1,,,,,train
O=[N+]([O-])OC1COC2C(O[N+](=O)[O-])COC12,,1,,,,,train
COc1cc(C=Cc2cc(C=Cc3ccc(OCCCCC[n+]4ccccc4)c(OC)c3)on2)ccc1OCCCCC[n+]1ccccc1,,1,,,,,train
C1=CCCC2OC2CCC=CCC1,,1,,,,,test
COC(=O)C(=CCCC(=CCCc1ccoc1)C(=O)OC)CCC=C(C)C,,1,,,,,train
CNC(C)c1cccc(OC)c1,,0,,,,,train
CC(C)=CCOC(=O)c1ccccc1O,,1,,,,,train
ClCCCBr,,1,,,,,train
N#CCCNCCCCCCNCCC#N,,1,,,,,valid
COc1ccc(C=O)cc1OC,,1,,,,,train
CC(C)(C)c1ccc(O)c(O)c1,,1,,,,,train
CCCCOC(=O)CCS,,1,,,,,train
O=C(CCS)Oc1c(F)c(F)c(F)c(F)c1F,,1,,,,,train
O=C(c1ccc(F)cc1)c1cc(I)ccc1Cl,,1,,,,,test
N#CCc1ccccc1,,1,,,,,train
C=C(C)Cl.CC(C)Cl.CC=CCl,,1,,,,,train
CC(C)CCCCCCCCCCCCCCC(=O)OC(C)C(=O)OC(C)C(=O)O,,1,,,,,train
Clc1ccc(Oc2cccc(Cl)c2)cc1,,1,,,,,train
CNCc1ccc(Cl)cc1,,1,,,,,valid
Clc1ccc(CNC2CCCC2)cc1,,1,,,,,train
CCCCCCCOCC(O)CO,,1,,,,,train
N=C(NO)c1ccc(N)cc1,,1,,,,,train
O=C1OCC(F)O1,,1,,,,,train
CCCCCCCCC1CO1,,1,,,,,test
C=C(CC(=O)OCCCC)C(=O)OCCCC,,1,,,,,train
CC(C)(C)C1CCC2(CC1)OCC(CCl)O2,,1,,,,,train
CC1C(C)(C)C2=C(c3ncncc3CC2)C1(C)C,,1,,,,,train
CNC(=O)c1cc(Oc2ccc(N)c(F)c2)ccn1,,1,,,,,train
CCN(CCCl)c1ccccc1,,1,,,,,valid
CCCCCCCCCCCC[n+]1ccccc1,,1,,,,,train
CC(C)C(=O)C(=Cc1ccccc1)C(=O)Nc1ccccc1,,1,,,,,train
CC(C=O)=Cc1ccccc1,,1,,,,,train
CCCCCCOC(=O)CC(CC(=O)OCCCCCC)(OC(=O)CCC)C(=O)OCCCCCC,,1,,,,,train
CCCCCCCCC=CCCCCCCCCNCCCNCCCN,,1,,,,,test
CC(C)(C)c1ccc(C#N)cc1,,1,,,,,train
CC(N)c1ccccc1.CC(N)c1ccccc1.CC1OC1P(=O)(O)O,,1,,,,,train
O=CC(O)C(O)C(O)C(O)CO,,1,,,,,train
CC=C(C)C,,1,,,,,train
Cc1cc(Cl)cc(C)c1CC(=O)O,,1,,,,,valid
CC(C)(C)c1cc(CO)cc(C(C)(C)C)c1O,,1,,,,,train
CCC(CC)C(C)CCOC(C)=O,,1,,,,,train
CCN(CC)c1ccc2cc(-c3nc4cc(S(N)(=O)=O)ccc4o3)c(=O)oc2c1,,1,,,,,train
C(CC1CCNCC1)CC1CCNCC1,,1,,,,,train
CCOc1cc(CO)ccc1O,,1,,,,,test
N=C(N)N.N=C(N)N.O=C(O)O,,1,,,,,train
CC(C)COC(=O)C1C(C)CCC(C)C1C(=O)OCC(C)C,,1,,,,,train
CC1CCC(C(C)C)C(=O)C1=Cc1ccc(N)cc1,,1,,,,,train
O=c1[nH]c2ccccc2c(=O)n1CCCl,,1,,,,,train
Cc1ccc(N2C(=O)c3cccc4c(N)ccc(c34)C2=O)c(C)c1,,1,,,,,valid
CC(C)(C)CC(C)(C)c1ccc(OCCOCC[N+](C)(C)Cc2ccccc2)cc1,,1,,,,,train
CCCCC(CC)CNC(=O)CC(C)CC(C)(C)C,,1,,,,,train
CC(C=O)c1ccccc1,,1,,,,,train
O=c1[nH]sc2ccccc12,,1,,,,,train
CC(C)c1ccc2c(c1)CCC1C(C)(CN)CCCC21C,,1,,,,,test
CCOC(=O)C1CCC(C)CC1=O,,1,,,,,train
CC(C)(C)OC(=O)NC(CO)C(=O)O,,0,,,,,train
CCCCC(CC)COC(=O)C=CC(=O)OCC(CC)CCCC,,1,,,,,train
OC(Cn1ccnc1)c1ccc(Cl)cc1Cl,,1,,,,,train
CCC(C)C(=O)N(C)c1ccccc1,,1,,,,,valid
COc1ccc(C)cc1C(CCN(C(C)C)C(C)C)c1ccccc1,,1,,,,,train
Cc1ccc(C(N)=O)c(N)c1,,1,,,,,train
CCN(CC)c1ccc2c(c1)Oc1cc(N(CC)CC)ccc1C21OC(=O)c2ccccc21,,1,,,,,train
C=C(C)CCCCC,,1,,,,,train
O=C(O)c1ccc(N2C(=O)CCC2=O)cc1,,1,,,,,test
O=C(OCc1ccccc1)c1ccccc1,,1,,,,,train
Cc1cc(N=Nc2c(S(=O)(=O)O)cc3cc(S(=O)(=O)O)cc(N)c3c2O)ccc1N=Nc1ccc(N=Nc2c(S(=O)(=O)O)cc3cc(S(=O)(=O)O)cc(N)c3c2O)cc1,,0,,,,,train
CCN(CCO)CCCC(C)=O,,1,,,,,train
CCCCCCCCC=CCCCCCCCC(=O)NCC(C)O.CCCCCCCCC=CCCCCCCCC(=O)NCC(C)OC(=O)CC(C(=O)O)S(=O)(=O)O,,1,,,,,train
CO[Si](CCCN=C=O)(OC)OC,,0,,,,,valid
C#CCOc1ccc(CC=C)cc1OC,,1,,,,,train
CC(=O)OC1CC(=O)C2(C)CCC3C(CCC4=CC(=O)CCC43C)C12,,1,,,,,train
CCCCCCCCC=CC=O,,1,,,,,train
CCCCCCCCCCCCCCCCCCO,,1,,,,,train
COc1ccc(S(=O)(=O)CCOS(=O)(=O)O)cc1N=Nc1c(S(=O)(=O)O)cc2cc(S(=O)(=O)O)c(N=Nc3ccc(S(=O)(=O)CCOS(=O)(=O)O)cc3)c(N)c2c1O,,0,,,,,test
C=C1CC2(CC)C(=O)CCC2C2CCC3=CC(=O)CCC3C12,,1,,,,,train
O=C(O)C=CC(=O)OCCOCCOCCOC(=O)C=CC(=O)O,,0,,,,,train
C=C[Si]1(C)O[Si](C)(C=C)O[Si](C)(C=C)O[Si](C)(C=C)O1,,0,,,,,train
CC(C)CC(N)c1ccccc1N1CCCCC1,,1,,,,,train
CCCCC(CC)C1CCON1CCOC(=O)NCCCCCCNC(=O)OCCN1OCCC1C(CC)CCCC,,0,,,,,valid
CC1(C)CC(NC(=O)c2cccc(C(=O)NC3CC(C)(C)NC(C)(C)C3)c2)CC(C)(C)N1,,1,,,,,train
N=C(N)c1ccc(OCCCCCCOc2ccc(C(=N)N)cc2)cc1,,1,,,,,train
CC1=CCC(C(C)CCO)CC1,,1,,,,,train
CCC(C)c1ccc2ncccc2c1,,1,,,,,train
NCC1C2CCC(C2)C1CN,,1,,,,,test
CC(=Cc1csc(C)n1)C1OC(=O)CC(O)C(C)(C)C(=O)C(C)C(O)C(C)CCCC=CC1O,,1,,,,,train
N=C(N)Nc1nc(CSC(=N)N)cs1,,1,,,,,train
CC1=CC(C)CCC1.COC(C)=O,,1,,,,,train
C=C(C)C(=O)NCCCN(C)C,,0,,,,,train
CC(C)CCCCCCCCCCO,,1,,,,,valid
CCCCCCCCCCC(C)CO,,1,,,,,train
C=CCCCCCCCCC(=O)NCCOC(=O)CC(C(=O)O)S(=O)(=O)O,,1,,,,,train
O=C(CCCl)c1ccc(Br)cc1,,1,,,,,train
CC(C)=CCCC(C)C=O,,1,,,,,train
C=C(C)C(=O)OCCOCC,,0,,,,,test
CCCCCCOC(C)c1c(C)c2cc3nc(c(CC(=O)NC(CCC(=O)O)C(=O)O)c4[nH]c(cc5nc(cc1[nH]2)C(C)=C5CC)c(C)c4C(=O)O)C(CCC(=O)O)C3C,,1,,,,,train
COc1ccc([N+](=O)[O-])cc1OC(C)=O,,1,,,,,train
NCCCOc1cccc(Oc2ccccc2)c1,,1,,,,,train
NC(CSS(=O)(=O)O)C(=O)O,,1,,,,,train
CC(=O)c1ccc(CC(C)C)cc1,,1,,,,,valid
CCOc1cccc(F)c1F,,1,,,,,train
NNc1ccc(S(N)(=O)=O)cc1,,1,,,,,train
O=C(O)CCS,,1,,,,,train
Nc1ccc(OC(F)(F)F)cc1,,1,,,,,train
CC(=O)Oc1cccc(C(C)=O)c1,,1,,,,,test
C=CC(=O)OCCOCCOCC,,1,,,,,train
CCCCC(CC)C(=O)OC,,1,,,,,train
O=C(O)C(=Cc1c[nH]c2ccc(OCc3ccccc3)cc12)c1ccccc1,,1,,,,,train
C1CN=C2NCCCN2C1,,1,,,,,train
C=CC(=O)OCCC(C)CCOC(=O)C=C,,1,,,,,valid
O=C(O)C1CCNCC1,,1,,,,,train
CCCCCC1CCCC(=O)O1,,1,,,,,train
COC1(OC)CCC2=C(CCC3C2CCC2(C)C(=O)CCC32)C1,,1,,,,,train
O=C(O)CCCCCCCC=CCCCCCCCC(=O)O,,0,,,,,train
OCc1ccc(Br)cc1,,1,,,,,test
NC1CCC(CC2CCC(N)C(CC3CCC(N)CC3)C2)CC1.NC1CCC(CC2CCC(N)CC2)CC1.NC1CCC(CC2CCC(NC3CCC(CC4CCC(N)CC4)CC3)CC2)CC1.Nc1ccc(CC2CCC(N)CC2)cc1CC1CCC(N)CC1.Nc1ccccc1CC1(N)CCCCC1,,1,,,,,train
CCN(CC)c1ccc2cc3c(oc2c1)c(C#N)c(=N)n1c2ccccc2nc31,,1,,,,,train
Nc1ccc2c(c1)C(=O)N1CCc3c([nH]c4ccccc34)C1O2,,1,,,,,train
O=C(O)C1C2C=CC(C2)C1C(=O)NCCO,,1,,,,,train
CC1=C(O)C(=O)CC1,,1,,,,,valid
CC(C)CC(C)O,,0,,,,,train
CCCCCCCCC(=O)N(C)C,,1,,,,,train
C=CCOC(=O)C(=C)C,,1,,,,,train
CCCCC(CC)COC(=O)C1CCC2OC2C1,,1,,,,,train
CC(C)c1ccccc1-c1ccccc1,,1,,,,,test
CC1CCOC(c2ccccc2)C1,,1,,,,,train
CCCCCCC1(C)CCC(=O)O1,,1,,,,,train
C=C(C)C(=O)NCCC[N+](C)(C)CC(O)C[N+](C)(C)C,,1,,,,,train
C=CC(C)(CCCC(C)C)OC(C)=O,,1,,,,,train
FC1CC(F)(F)C(F)(F)C1(F)F,,1,,,,,valid
CC(=O)CCl,,1,,,,,train
O=C(OCc1ccccc1)c1ccccc1O,,1,,,,,train
CCC(C)=CCCC(C)=O,,1,,,,,train
CCCCCCCCC=CCCCCCCCC1=NC(CC)(CO)CO1,,1,,,,,train
CCCCCCCCCCCCCCCCCCCCCCO,,1,,,,,test
CC1CCC(C(C)C)C(OO)C1,,1,,,,,train
S=c1[nH]nc(SSc2n[nH]c(=S)s2)s1,,1,,,,,train
CCN(CC)c1ccc(C=C(C#N)C(=O)OCCC[N+](C)(C)CCOC(=O)C(C#N)=Cc2ccc(N(CC)CC)cc2)cc1,,1,,,,,train
CC(=O)OC1(C(C)=O)CCC2C3CC(C)C4=CC(=O)CCC4(C)C3CCC21C.CC12CCC3c4ccc(O)cc4CCC3C1CCC2O,,1,,,,,train
CCC(COC(=O)CCN1CC1C)(COC(=O)CCN1CC1C)CC(=O)CCN1CC1C.CCC(COCCC(=O)OCC(CC)(COC(=O)CCN1CC1C)COC(=O)CCN1CC1C)(COC(=O)CCN1CC1C)COC(=O)CCN1CC1C,,1,,,,,valid
CCC(C)=CCCC(C)CCO,,1,,,,,train
COc1cc(Cl)c(OC)cc1N,,1,,,,,train
C=CC(COC(C)=O)OC(C)=O.C=CC(O)COC(C)=O,,1,,,,,train
CCCCCCC(CS(=O)(=O)O)S(=O)(=O)O.CCCCCCCCS(=O)(=O)O,,0,,,,,train
CCCCCCCCCCCCCCCC[N+](C)(C)CCO,,1,,,,,test
CCN(CC[N+](C)(C)CC(C)O)c1ccc(N=Nc2ccc([N+](=O)[O-])cc2Cl)cc1,,1,,,,,train
CC(C)CP(=S)(S)CC(C)C,,0,,,,,train
CCCC(=O)OCCC(C)CCC=C(C)C,,1,,,,,train
CCNC(=O)C(=O)OC1CC(C)CCC1C(C)C,,1,,,,,train
CC(=O)OCC(=Cc1ccccc1F)C(=O)c1ccccc1,,1,,,,,valid
Cc1cc2nc3ccccc3c(=O)n2[nH]1,,1,,,,,train
CCC(C)C(C)C.CCC(C)CC.CCCC(C)C.CCCC(C)CC,,1,,,,,train
Nc1nnn[nH]1,,1,,,,,train
CCCCCCCCCCCCCCCCCCCCO,,1,,,,,train
C1=CC2CCC1C2,,1,,,,,test
CC(C)C1OCCC2(CC3CCC2(C)C3(C)C)O1,,1,,,,,train
Cc1cc(O)ccc1C(C)C,,1,,,,,train
CC(C)[N+](=O)[O-],,1,,,,,train
COC(=O)C=CC(=O)OC,,1,,,,,train
CCCCC(CC)CCC(C)c1ccc2cccnc2c1O,,1,,,,,valid
C=CNC=O,,0,,,,,train
Oc1cc(F)c(F)c(F)c1,,1,,,,,train
CN(CCCN)CCCN,,1,,,,,train
CC1=C(C2=C(C)C(=O)c3c(cc(O)c(O)c3C(=O)NCc3cccc(C)c3)C2=O)C(=O)c2cc(O)c(O)c(C(=O)NCc3cccc(C)c3)c2C1=O,,1,,,,,train
CCOC(=O)CCN(C(=O)c1ccc2c(c1)nc(CNc1ccc(C(=N)N)cc1)n2C)c1ccccn1.Cc1ccc(S(=O)(=O)O)cc1,,1,,,,,test
CCOc1ccccc1C(=O)O,,1,,,,,train
CNc1ccccc1C(=O)OC,,1,,,,,train
Cc1ccc(C(N)=O)c(O)c1,,1,,,,,train
COC(=O)c1ccncc1,,0,,,,,train
CCOC(=O)C1CCC(C(=O)OCC)CC1,,1,,,,,valid
CC=Cc1ccccc1,,1,,,,,train
CCCC1CCOC(C)S1,,0,,,,,train
CC1CN(c2ccccc2)NC1=O,,1,,,,,train
CCCCCC=CCC=CCC=CCC=CCCCC(=O)NCC(=O)O,,1,,,,,train
CCCC1CCCC(=O)O1,,1,,,,,test
C=CC(O)CCCCC,,1,,,,,train
O=CC12CC3CC(CC(C3)C1)C2,,1,,,,,train
CCCCCCCCOCC(O)CO,,1,,,,,train
NNc1ccc(Cl)cc1,,1,,,,,train
O=C(CC(C(=O)OC1CCCCC1)S(=O)(=O)O)OC1CCCCC1,,0,,,,,valid
CCCc1ccc(-c2ccc(-c3cc(F)c(C(F)(F)Oc4cc(F)c(F)c(F)c4)c(F)c3)c(F)c2)cc1,,1,,,,,train
CCCCC1OC(=O)c2ccccc21,,1,,,,,train
CC1(C)CCC2OC23C(C)(C)C2CCC13C2,,1,,,,,train
CCCCCC1CC(=O)C=C(C)C1C(=O)OCC,,1,,,,,train
C[Si](C)(CCCN)O[Si](C)(C)CCCN,,1,,,,,test
CC1(C)CC(NC(=O)N2CCCCCC2=O)CC(C)(Cn2c(=O)n(CC3(C)CC(NC(=O)N4CCCCCC4=O)CC(C)(C)C3)c(=O)n(CC3(C)CC(NC(=O)N4CCCCCC4=O)CC(C)(C)C3)c2=O)C1.CC1(C)CC(n2c(=O)n(C3CC(C)(C)CC(C)(CNC(=O)N4CCCCCC4=O)C3)c(=O)n(C3CC(C)(C)CC(C)(Cn4c(=O)n(CC5(C)CC(NC(=O)N6CCCCCC6=O)CC(C)(C)C5)c(=O)n(CC5(C)CC(NC(=O)N6CCCCCC6=O)CC(C)(C)C5)c4=O)C3)c2=O)CC(C)(CNC(=O)N2CCCCCC2=O)C1,,1,,,,,train
CC(=O)OCC1CC=C(CCC=C(C)C)CC1.CC(=O)OCC1CCC=C(CCC=C(C)C)C1,,1,,,,,train
C1=CC2CC1C1Cc3ccccc3C21,,1,,,,,train
N#Cc1ncc(N)cc1C(F)(F)F,,1,,,,,train
OCCN(CCO)c1ccccc1,,1,,,,,valid
CON=C(C)Cc1c(Cl)cc(Cl)cc1Cl,,1,,,,,train
CCC(C)(C)C1CCCCC1OC(C)=O,,1,,,,,train
OCc1cncs1,,0,,,,,train
Cc1ccc(S(N)(=O)=O)cc1,,0,,,,,train
N#Cc1nn(-c2c(Cl)cc(C(F)(F)F)cc2Cl)c(N)c1SSc1c(C#N)nn(-c2c(Cl)cc(C(F)(F)F)cc2Cl)c1N,,1,,,,,test
CCCCNc1ccc2c3c(cccc13)C(=O)N(CCCC)C2=O,,1,,,,,train
CC1CCC(C(C)C)C(OC(=O)OCCO)C1,,1,,,,,train
C[N+](C)(C)Cc1ccccc1,,1,,,,,train
CC(C)C1OCC=CCO1,,0,,,,,train
CC(C)NO,,0,,,,,valid
CCCNC1CCc2c(cccc2OC)C1.O=C(O)C(O)c1ccccc1Cl,,1,,,,,train
O=C(CS)OCCOC(=O)CS,,1,,,,,train
CCN(CC)c1ccc2cc(C3N(C)c4ccccc4N3C)c(=O)oc2c1,,1,,,,,train
CC(O)CN(CCCN(C)C)CCCN(C)C,,1,,,,,train
CC1OC(C)OC(C)O1,,0,,,,,test
FC(F)(F)C(Cl)Cl,,1,,,,,train
CC=CC(=O)C(C)=C(C)C(C)C,,1,,,,,train
CS(=O)(=O)Oc1cccc(Cl)c1C1CC(C(=O)CCl)=NO1,,1,,,,,train
CCCC(C)O,,1,,,,,train
FC(F)(F)OC(F)(Cl)C(F)(F)Cl,,1,,,,,valid
Cc1ccccc1OP(=S)(S)Oc1ccccc1C,,1,,,,,train
COc1cc(S(=O)(=O)CCOS(=O)(=O)O)c(C)cc1N=Nc1c(S(=O)(=O)O)cc2c(N=Nc3ccc(S(=O)(=O)CCOS(=O)(=O)O)cc3S(=O)(=O)O)c(N)ccc2c1O,,0,,,,,train
CCCOC(=O)C1CCCCC1C(=O)OCCC,,1,,,,,train
CC(C)(C)OOC(C)(C)c1ccccc1,,1,,,,,train
FC1(F)COC1(F)F,,1,,,,,test
CC(C)(C)c1ccc(OP(Oc2ccccc2)Oc2ccccc2)c(C(C)(C)C)c1.CC(C)(C)c1ccc(OP(Oc2ccccc2)Oc2ccccc2)cc1.CC(C)(C)c1ccccc1OP(Oc1ccccc1)Oc1ccccc1.c1ccc(OP(Oc2ccccc2)Oc2ccccc2)cc1,,1,,,,,train
c1ccc(CN2CCC(Nc3ccccc3)CC2)cc1,,1,,,,,train
Cn1c(=O)cc[nH]c1=S,,1,,,,,train
O=CCC1CC2CC1C1CCCC21,,1,,,,,train
C=CC(C)CCCC(C)(C)OC(C)=O,,1,,,,,valid
O=C(O)C1=NN(c2ccc(S(=O)(=O)O)cc2)C(=O)C1=CC=CC=Cc1c(C(=O)O)[nH]n(-c2ccc(S(=O)(=O)O)cc2)c1=O,,1,,,,,train
CC(C)CC(C)(C)C,,1,,,,,train
Cc1ccc(S(=O)(=O)O)cc1.OCC1CN(Cc2ccccc2)CC=C1c1ccc(F)cc1,,1,,,,,train
C=CCCCCCCCCC(=O)OCCCCCCC,,1,,,,,train
C=CC(=O)OCC(O)COC(=O)C(C)(CCC)CCCC,,1,,,,,test
Nc1c(N=Nc2ccc(S(=O)(=O)CCOS(=O)(=O)O)cc2)c(S(=O)(=O)O)cc2cc(S(=O)(=O)O)c(N=Nc3ccc(S(=O)(=O)CCOS(=O)(=O)O)cc3)c(O)c12,,0,,,,,train
Nc1cc(S(=O)(=O)O)cc2cc(S(=O)(=O)O)cc(O)c12,,0,,,,,train
CO[Si](C)(C)CCCNCCN,,1,,,,,train
NCCCCCCN.O=C(O)c1ccc(C(=O)O)cc1,,1,,,,,train
CCCCc1cc(C)c(Nc2ccc(Nc3c(C)cc(CCCC)c(S(=O)(=O)O)c3Br)c3c2C(=O)c2ccccc2C3=O)c(Br)c1S(=O)(=O)O,,1,,,,,valid
OCCN1CN(CCO)CN(CCO)C1,,1,,,,,train
C[N+](C)=C1OCCC1(c1ccccc1)c1ccccc1,,1,,,,,train
CC(C)C(N)C(=O)O,,1,,,,,train
CC(O)C(N)C(=O)O,,0,,,,,train
COC(=O)c1ccc(C#N)cc1[N+](=O)[O-],,1,,,,,test
CN(Cc1ccccc1)CC(O)c1cccc(O)c1,,1,,,,,train
O=S(=O)(Cl)c1ccccc1,,1,,,,,train
CCCCCCCCCCCCCC[N+](C)(C)C.CCCCCCCCCCCC[N+](C)(C)C.COS(=O)(=O)OC,,1,,,,,train
C1CNCCN1.O=P(O)(O)OP(=O)(O)O,,1,,,,,train
NCCCNC1CCCCC1,,1,,,,,valid
CC(C)C=C1NC(=O)NC1=O,,0,,,,,train
Cc1ccc2cccc(N)c2n1,,1,,,,,train
CCC(=O)OCCc1ccccc1,,1,,,,,train
CCCCCCCCCCCCCC[N+](C)(C)C,,1,,,,,train
CC(N)Cc1ccc2ccccc2c1,,1,,,,,test
OCOCCOCO,,1,,,,,train
NC1CCC2(CCCCC2)CC1,,0,,,,,train
C=CC(=O)OCC1CCC2C3CCC(C3)C12,,1,,,,,train
FC(F)(I)C(F)(F)C(F)(F)C(F)(F)I,,1,,,,,train
COC(=O)c1ccccc1C(=O)c1ccccc1,,1,,,,,valid
O=C(O)Cc1ccccc1,,1,,,,,train
CC(O)CSCCO,,0,,,,,train
Nc1ccc2c(O)cc(S(=O)(=O)O)cc2c1S(=O)(=O)O,,0,,,,,train
COC(C)(C)C1CC=C(C)CC1,,1,,,,,train
CCN(CC)c1ccc2c(C)cc(=O)oc2c1,,1,,,,,test
Oc1ccc2c(c1)NCCO2,,1,,,,,train
C[N+]1(CC(=O)NN=Cc2ccccc2O)CCOCC1,,1,,,,,train
CCCC=C(C#N)c1ccccc1,,1,,,,,train
CC(C)(O)C(=O)O.C[N+](C)(C)Cc1ccccc1,,1,,,,,train
CC(C)OC([SiH3])=C(OC(C)C)OC(C)C,,0,,,,,valid
O=C(Cc1ccccc1)OCc1ccccc1,,1,,,,,train
[H]C([H])(C)N(CC(=O)N(O)c1c(C)cccc1C)C([H])([H])C,,1,,,,,train
O=C(c1cc(Cl)c(F)c(Cl)c1)C(F)(F)F,,1,,,,,train
OCc1cc(O)cc(O)c1,,0,,,,,train
CCC(O)C1CCC(C)=CC1C,,1,,,,,test
CC(C)(C)CC(C)(C)Nc1nc(Cl)nc(Cl)n1,,1,,,,,train
CC(C)COc1ccc(Cl)cc1Cc1cccc(C(=O)O)n1,,1,,,,,train
CC(C)CCCCCCCOC(=O)CC(C(=O)OCCCCCCCC(C)C)S(=O)(=O)O,,1,,,,,train
CC(=O)C=CC1C(C)=CCC(C)C1(C)C,,1,,,,,train
CC(CC(=O)O)CC(C)(C)C,,1,,,,,valid
C=C(C)C(=O)NCCC[N+](C)(C)CC(=O)NCCC[N+](C)(C)CC(O)C[N+](C)(C)C,,0,,,,,train
C=C(C)COCCC=CCC,,1,,,,,train
C=CCCC(=O)C1=CCCC(C)(C)C1,,1,,,,,train
COC(=O)OC1C2CCCC1CC2.COC(=O)OC1CC=CCCCC1.COC(=O)OC1CCC2CCCC21.COC(=O)OC1CCC2CCCC21.COC(=O)OC1CCC=CCCC1,,1,,,,,train
Cc1ccc(S(=O)(=O)NN)cc1,,1,,,,,test
C=CC(=O)N1CCOCC1,,0,,,,,train
Cc1c(I)c(=O)[nH]c(=O)n1Cc1c(F)cccc1C(F)(F)F,,1,,,,,train
CC1(C)CC(N)CC(C)(CN)C1,,1,,,,,train
NCC(O)(c1ccc(F)cc1F)C(F)(F)c1ccc(-c2ccc(OCC(F)(F)F)cc2)cn1,,1,,,,,train
CCCC1CCC(C2CCC(C(=O)O)CC2)CC1,,1,,,,,valid
CCCCCCOP(=O)(OCCCCCC)OCCCCCC,,1,,,,,train
CCC(C)c1cc(C(C)(C)C)c(O)c(C(C)(C)C)c1,,1,,,,,train
S=C(SCc1ccccc1)SCc1ccccc1,,1,,,,,train
CCCCCCCCCCCCCCCCCCOCCCN(C)C,,1,,,,,train
C=CC(=O)OCCSC(F)(F)C(F)OC(F)(F)C(F)(F)C(F)(F)F,,1,,,,,test
Nc1ccc(CCc2ccc(N)cc2)cc1,,1,,,,,train
C[N+](C)(CCNC(=O)C(=O)NCC[N+](C)(C)Cc1ccccc1Cl)Cc1ccccc1Cl,,1,,,,,train
FC(F)=C(F)OC(F)(F)C(F)(F)C(F)(F)OC(F)(F)F,,1,,,,,train
Clc1ccccc1N1C(=CC=Cc2ccc3c4ccccc4ccc3[n+]2-c2ccccc2Cl)C=Cc2c1ccc1ccccc21.O[Cl+3](O)(O)O,,1,,,,,train
CCCSc1nc(Cl)c([N+](=O)[O-])c(Cl)n1,,1,,,,,valid
CCC=CCC(C)OC(=O)c1ccccc1O,,1,,,,,train
O=C1CCCCCCC=CCCCCCCC1,,1,,,,,train
Cc1ccc(N2C(=O)C=CC2=O)cc1N1C(=O)C=CC1=O,,1,,,,,train
CC(=O)Oc1cccc(OC(C)=O)c1,,1,,,,,train
CNC(=O)c1cc(C#N)cc(C)c1NC(=O)c1cc(Cn2nnc(C(F)(F)F)n2)nn1-c1ncccc1Cl,,1,,,,,test
COc1ccc(C(=O)Nc2cccc(CNc3c(C(N)=O)cnc4c(C(N)=O)cccc34)c2)cc1,,1,,,,,train
FC(=C(F)C(F)(C(F)(F)F)C(F)(F)F)C(F)(F)F,,1,,,,,train
NC(=O)O,,1,,,,,train
CCc1ccc2c(c1)C(=O)c1ccccc1C2=O,,1,,,,,train
CCN(CC)C(=S)S[Te](SC(=S)N(CC)CC)(SC(=S)N(CC)CC)SC(=S)N(CC)CC,,1,,,,,valid
CCCCCCCCCCC=O,,1,,,,,train
CCCCCCCCC=CCCCCCCCC(=O)O.CCCCCCCCC=CCCCCCCCCNCCCN,,1,,,,,train
C=CC(=O)OCCCCCCCCCCOC(=O)C=C,,1,,,,,train
O=C1CCCCC=CCCCCCCCCC1.O=C1CCCCCC=CCCCCCCCC1.O=C1CCCCCCC=CCCCCCCC1.O=C1CCCCCCC=CCCCCCCC1,,1,,,,,train
CCCCCCC(O)CC=CCCCCCCCC(=O)NCCCN(C)C,,1,,,,,test
O=Cc1cc(F)c(C(F)(F)Oc2cc(F)c(F)c(F)c2)c(F)c1,,1,,,,,train
CCCCCCCCCCCCCCCC[n+]1ccccc1,,1,,,,,train
NC1CC2OC1c1ccccc12,,1,,,,,train
CCCCCCCCCCCCCCCC(=O)NCCC[N+](C)(C)C,,1,,,,,train
CC(=CC#N)c1ccc(Cl)cc1Cl,,1,,,,,valid
CCn1c(=Cc2ccncc2Nc2ccccc2F)sc(=C2Sc3ccccc3N2C)c1=O,,1,,,,,train
CCCCCCCCCCCCC1CC(=O)N(C2CC(C)(C)NC(C)(C)C2)C1=O,,1,,,,,train
CC=C1CC2CC1C1C3C=CC(C3)C21,,1,,,,,train
Cc1ccc2c(c1)sc(-c1ccc(N(C)C)cc1)[n+]2C,,1,,,,,train
CC1=CCC(C(C)C)C=C1,,1,,,,,test
CCOc1ccc(-c2ccc(C)cc2)c(F)c1F,,1,,,,,train
CC(C)CCCCCCCCCCOCCCN,,1,,,,,train
CCOP(=S)(OCC)OCCc1ccccc1,,1,,,,,train
O=C(NC(=O)c1c(F)cccc1F)Nc1cc(Cl)c(OC(F)(F)C(F)C(F)(F)F)c(Cl)c1F,,1,,,,,train
Nc1ccc([N+](=O)[O-])cc1,,,1,,,,valid
Clc1nc(Cl)nc(Nc2ccccc2Cl)n1,,,1,,,,train
Brc1ccc(Oc2ccccc2)cc1,,,1,,,,train
Nc1ccc(Oc2ccc(Cl)cc2)cc1,,,1,,,,train
C1CCC(NC2CCCCC2)CC1,,,1,,,,train
c1ccc(Oc2ccccc2)cc1,,,1,,,,test
CCCCN(CCO)CCCC,,,1,,,,train
CCCCN(CCCC)CCCC,,,1,,,,train
ClCCCCI,,,1,,,,train
CC(C)NCc1ccccc1,,,1,,,,train
c1ccc(N=Nc2ccccc2)cc1,,,1,,,,valid
C=CCCC1CO1,,,1,,,,train
CC(=O)OCC=Cc1ccccc1,,,1,,,,train
S=C=Nc1ccccc1,,,1,,,,train
COc1ccc(CCC(C)=O)cc1,,,1,,,,train
CCCCCCCCCCCCc1ccc(N)cc1,,,1,,,,test
OCC=Cc1ccccc1,,,1,,,,train
CCCCC(CC)CN,,,1,,,,train
Cc1ccc(N)cc1,,,1,,,,train
CCCCCC(=O)CC,,,1,,,,train
CCCI,,,1,,,,valid
CCCN,,,1,,,,train
C=CCN,,,1,,,,train
CC(C)(C)OC(=O)CCl,,,1,,,,train
CCCC(C)=O,,,1,,,,train
NCCC(=O)O,,,1,,,,test
CC(C)(Cl)OC(C)(C)Cl,,,1,,,,train
CCCCN,,,1,,,,train
CCCC#N,,,1,,,,train
O=C(O)C=CC(=O)O,,,1,,,,train
CN(C)CCCN(C)C,,,1,,,,valid
CC(C)CNCC(C)C,,,1,,,,train
CCCCCCN,,,1,,,,train
CCCSCCC,,,1,,,,train
CCCCCCCN,,,1,,,,train
CCCCCCC=O,,,1,,,,test
CCCCCCCCN,,,1,,,,train
CCCCCCCCCC(=O)Cl,,,1,,,,train
CCCCCCCCCCCCN(C)C,,,1,,,,train
CCCCCCCCCN,,,1,,,,train
S=C=NC1CCCCC1,,,1,,,,valid
CCCCCCCCCCBr,,,1,,,,train
C=CCCCCCCCCC(=O)O,,,1,,,,train
CCCCOCCOCCSC#N,,,1,,,,train
O=C(C(Cl)(Cl)Cl)C(Cl)(Cl)Cl,,,1,,,,train
COC(=O)C(Cl)Cl,,,1,,,,test
O=[N+]([O-])c1c(Cl)c(Cl)cc(Cl)c1Cl,,,1,,,,train
O=C1C(Cl)=C(Cl)C(=O)c2ccccc21,,,1,,,,train
Nc1nc2c(ncn2C2OC(CO)C(O)C2O)c(=O)[nH]1,,,1,,,,train
CCNc1cccc2ccccc12,,,1,,,,train
O=C1C(Cl)=C(Cl)C(=O)C(Cl)=C1Cl,,,1,,,,valid
COc1ccc(C(=O)C(O)c2ccc(OC)cc2)cc1,,,1,,,,train
COc1cc(-c2ccc(N)c(OC)c2)ccc1N,,,1,,,,train
CCOC(=O)c1ccc(O)cc1,,,1,,,,train
CC(C)N(CCN)C(C)C,,,0,,,,train
CC(C)(C)CC(C)(C)c1ccc(OCCOCC[N+](C)(C)Cc2ccccc2)cc1,,,1,,,,test
CN(C)c1ccccc1,,,1,,,,train
CCOC(=O)CC(SP(=S)(OC)OC)C(=O)OCC,,,1,,,,train
Nc1ccc([N+](=O)[O-])cc1Cl,,,1,,,,train
CCNc1nc(Cl)nc(NCC)n1,,,1,,,,train
c1ccc(Nc2ccccc2)cc1,,,1,,,,valid
COc1ccc(C(=O)C(=O)c2ccc(OC)cc2)cc1,,,1,,,,train
CCCCC(C=O)CC,,,1,,,,train
COc1ccc(C=O)cc1,,,1,,,,train
CCCC=O,,,1,,,,train
CCCCCC(C)N,,,1,,,,test
CCCCCCCCCCCCCCCC[N+](C)(C)CC,,,1,,,,train
NCCCCNCCCN,,,1,,,,train
CCCCCCCCCCCCN,,,1,,,,train
ClC(Cl)=C(Cl)Cl,,,1,,,,train
N#CSCc1ccc([N+](=O)[O-])cc1,,,1,,,,valid
CON(C)C(=O)Nc1ccc(Br)c(Cl)c1,,,1,,,,train
c1ccc2c(c1)Nc1ccccc1O2,,,1,,,,train
Nc1ccc(N=Nc2ccccc2)c(N)n1,,,1,,,,train
CC(C)Nc1nc(Cl)nc(NC(C)C)n1,,,1,,,,train
CC(=O)Nc1ccc(C(=O)CCl)cc1,,,1,,,,test
CC(C)N(C(=O)COc1nnc(C(F)(F)F)s1)c1ccc(F)cc1,,,1,,,,train
CCCCCCCCOC(=O)c1ccc(N)cc1,,,1,,,,train
CCCCCCCCCCS,,,1,,,,train
CCCCCCNCCCCCC,,,1,,,,train
CCCCCCCCCCCCCCCCN,,,1,,,,valid
CC(=O)c1ccc(C#N)cc1,,,1,,,,train
COc1nc(NC(C)C)nc(NC(C)C)n1,,,1,,,,train
CCOC(=O)N=C=S,,,1,,,,train
CCCCCCCCCCCC(=O)c1ccccc1,,,1,,,,train
CON(C)C(=O)Nc1ccc(Cl)cc1,,,1,,,,test
C=CCOC(=O)C=Cc1ccccc1,,,1,,,,train
CNc1ncnc2c1ncn2C1OC(CO)C(O)C1O,,,1,,,,train
CCCN(CCC)c1c([N+](=O)[O-])cc(S(N)(=O)=O)cc1[N+](=O)[O-],,,1,,,,train
CCNc1nc(Cl)nc(NC(C)C)n1,,,1,,,,train
N#Cc1cc([N+](=O)[O-])c(Cl)c([N+](=O)[O-])c1,,,1,,,,valid
c1cc[n+](C23CC4CC(CC(C4)C2)C3)cc1,,,1,,,,train
NC(=O)c1c(Cl)cccc1Cl,,,1,,,,train
CCCCCCCCCCCCCCN,,,1,,,,train
CCCCCCCCCCN,,,1,,,,train
Brc1ccc(Oc2ccc(Br)cc2)cc1,,,1,,,,test
Oc1c(Cl)cc(Cl)c2ccccc12,,,1,,,,train
CSc1nnc(C(C)(C)C)c(=O)n1N,,,1,,,,train
C=CCSSCC=C,,,1,,,,train
S=C=Nc1c(Cl)cc(Cl)cc1Cl,,,1,,,,train
CC(C)N=C=S,,,1,,,,valid
CCNc1nc(NC(C)C(C)C)nc(SC)n1,,,1,,,,train
CCCCOCN(C(=O)CCl)c1c(CC)cccc1CC,,,1,,,,train
CCCC[N+](CCCC)(CCCC)Cc1ccccc1,,,1,,,,train
C=CC(=O)OCCN(C)C,,,1,,,,train
CC(C)c1cccc(C(C)C)c1N,,,1,,,,test
CCCCCCCCCCCCc1ccc(S(=O)(=O)O)cc1,,,1,,,,train
CC(=O)CCc1ccccc1,,,1,,,,train
CCCCCCCCCCCCCCCN,,,1,,,,train
CCN(CC)CCCN=C=S,,,1,,,,train
ClCC=Cc1ccccc1,,,1,,,,valid
Nc1ccccc1Oc1ccccc1,,,1,,,,train
CC1(C)CC(N)CC(C)(CN)C1,,,1,,,,train
CC(Cl)C(=O)O,,,1,,,,train
CCCCCCCCCCCCCN,,,1,,,,train
C=CCOC(=O)CCl,,,1,,,,test
NCCC(=O)NC(Cc1c[nH]cn1)C(=O)O,,,1,,,,train
CON(C)C(=O)Nc1ccc(Br)cc1,,,1,,,,train
CCCC[N+](CCCC)(CCCC)CCCC,,,1,,,,train
Cc1ccc(C(C)CC=O)o1,,,1,,,,train
NCC1CCCCC1,,,1,,,,valid
O=C(O)c1ccc(OC(F)(F)F)cc1,,,1,,,,train
CCCCCCc1ccc(N)cc1,,,1,,,,train
CCCCCCCCCCCC(=O)N(CC)CC,,,1,,,,train
COc1ccc(N=C=S)c(OC)c1,,,1,,,,train
NCCC1=CCCCC1,,,1,,,,test
CC(C)c1ccc(NC(=O)N(C)C)cc1,,,1,,,,train
CCOCN(C(=O)CCl)c1c(C)cccc1CC,,,1,,,,train
Cc1cc(C)c(S(=O)(=O)O)c(C)c1,,,1,,,,train
Nc1c(Cl)c(Cl)cc(Cl)c1Cl,,,1,,,,train
Clc1ncc(Br)c(Cl)n1,,,1,,,,valid
CC(=O)c1cc(Cl)sc1Cl,,,1,,,,train
O=C(O)C(F)(F)C(F)(F)C(F)(F)F,,,1,,,,train
CCCCCCCc1ccc(N)cc1,,,1,,,,train
CCCCCCCCCCc1ccc(N)cc1,,,1,,,,train
Oc1ccc(Oc2ccc(C(F)(F)F)cc2)cc1,,,1,,,,test
CCCCCCOc1ccc(N)cc1,,,1,,,,train
CCC(CC)Nc1c([N+](=O)[O-])cc(C)c(C)c1[N+](=O)[O-],,,1,,,,train
CC(=O)C(C)Cl,,,1,,,,train
CCCCCCCCCCCCCCCCCN,,,1,,,,train
O=C(O)CCCCCBr,,,1,,,,valid
O=C(O)C(F)(F)C(F)(F)F,,,1,,,,train
COC(=O)c1cc(Oc2ccc(Cl)cc2Cl)ccc1[N+](=O)[O-],,,1,,,,train
CC(C)(C)C(=O)C(Oc1ccc(Cl)cc1)n1cncn1,,,1,,,,train
O=[N+]([O-])c1c(Cl)ncnc1Cl,,,1,,,,train
Fc1c(F)c(F)c(C(F)(F)F)c(F)c1F,,,1,,,,test
BrCC=Cc1ccccc1,,,1,,,,train
SCCc1ccccc1,,,1,,,,train
CNc1ncnc2[nH]cnc12,,,1,,,,train
O=C(O)CCCC1CCCCC1,,,1,,,,train
CCCCCCCCN(C)CCCCCCCC,,,1,,,,valid
O=C(c1ccccc1)C(Cl)c1ccccc1,,,1,,,,train
O=C(O)Cc1cc(O)ccc1O,,,1,,,,train
BrCCCCCCCCBr,,,1,,,,train
CCCCN(CC)N=O,,,1,,,,train
CN(C)CC=CCN(C)C,,,1,,,,test
O=C(O)c1ccc(F)cc1,,,1,,,,train
CCCCCCC(=O)CCCCCC,,,1,,,,train
[O-][N+](=Nc1ccccc1)c1ccccc1,,,1,,,,train
CCCCC[N+](CCCCC)(CCCCC)CCCCC,,,1,,,,train
c1ccc2c(c1)cc1ccc3cccc4ccc2c1c34,,,1,,,,valid
C1CSCSC1,,,1,,,,train
CC(=O)Oc1ccccc1C(=O)O,,,1,,,,train
CCc1cccc(C)c1N(C(=O)CCl)C(C)COC,,,1,,,,train
CCCOCCN(C(=O)CCl)c1c(CC)cccc1CC,,,1,,,,train
CN(C)c1nc(=O)n(C2CCCCC2)c(=O)n1C,,,1,,,,test
CCCCCCCC[N+](C)(CCCCCCCC)CCCCCCCC,,,1,,,,train
CC(C)(S)C(N)C(=O)O,,,1,,,,train
O=S(=O)(O)c1ccc2ccccc2c1,,,1,,,,train
Cc1cc([N+](=O)[O-])cc([N+](=O)[O-])c1O,,,1,,,,train
O=C(N=Nc1ccccc1)NNc1ccccc1,,,1,,,,valid
CC(=O)Nc1ccc2c(c1)Cc1ccccc1-2,,,1,,,,train
O=C(c1ccccc1)C1CCC1,,,1,,,,train
C[N+](C)(C)CCCCCCCCCC[N+](C)(C)C,,,1,,,,train
CC(C)CCCC(C)N,,,1,,,,train
CCCCSCCCC,,,1,,,,test
S=C=Nc1cccc2ccccc12,,,1,,,,train
N=C(NCCCCCCNC(=N)NC(=N)Nc1ccc(Cl)cc1)NC(=N)Nc1ccc(Cl)cc1,,,1,,,,train
C=CCI,,,1,,,,train
C=CCOCC,,,1,,,,train
COc1ccc(CCN)cc1,,,1,,,,valid
C[N+](C)(C)CCCCCC[N+](C)(C)C,,,1,,,,train
Nc1cc(O)nc(N)n1,,,1,,,,train
NCCCC(=O)O,,,1,,,,train
CC[N+](CC)(CC)Cc1ccccc1,,,1,,,,train
CCC(=C(CC)c1ccc(O)cc1)c1ccc(O)cc1,,,1,,,,test
c1ccc2cc3c(ccc4ccccc43)cc2c1,,,1,,,,train
O=C(NC(CO)C(O)c1ccc([N+](=O)[O-])cc1)C(Cl)Cl,,,1,,,,train
CSc1nnc(CC(C)C)c(=O)n1N=CC(C)C,,,1,,,,train
C=CCN=C=S,,,1,,,,train
Cn1c(=O)c2c(ncn2C)n(C)c1=O,,,1,,,,valid
Cc1cnc(O)nc1N,,,1,,,,train
O=[N+]([O-])c1cc(O)cc([N+](=O)[O-])c1,,,1,,,,train
Nc1ncnc2c1ncn2C1OC(COP(=O)(O)OP(=O)(O)O)C(O)C1O,,,1,,,,train
O=C(O)c1cc(O)c2cccc(O)c2n1,,,1,,,,train
CCCCN=C=S,,,1,,,,test
O=c1ccc2ccccc2[nH]1,,,1,,,,train
Nc1cc2ccccc2cc1C(=O)O,,,1,,,,train
O=NN1CCOCC1,,,1,,,,train
CCCC(=O)OCC(COC(=O)CCC)OC(=O)CCC,,,1,,,,train
NCCCCCC(=O)O,,,1,,,,valid
O=CN(c1ccccc1)c1ccccc1,,,1,,,,train
O=C(CCc1ccc(O)cc1)c1c(O)cc(O)cc1O,,,1,,,,train
Cc1ccc(C)c(S(=O)(=O)O)c1,,,1,,,,train
CN(N=O)c1ccccc1,,,1,,,,train
Nc1nc2cc(Cl)ccc2o1,,,1,,,,test
COC(=O)c1ccc(N)cc1,,,1,,,,train
NC(=O)c1ccc([N+](=O)[O-])cc1,,,1,,,,train
O=C1C(Cl)=CC(=Nc2ccc(O)cc2)C=C1Cl,,,1,,,,train
CNCC(=O)c1ccc(O)c(O)c1,,,1,,,,train
CCCCCN(CCCCC)CCCCC,,,1,,,,valid
O=C(O)c1ccc([N+](=O)[O-])cc1,,,1,,,,train
CCOc1ccc(NC(C)=O)cc1,,,1,,,,train
Nc1ccccc1,,,1,,,,train
O=C(O)CCCCl,,,1,,,,train
BrCCCCCCBr,,,1,,,,test
Nc1ccc(Cl)c(Cl)c1Cl,,,1,,,,train
Nc1cc(Cl)c(Cl)c(Cl)c1,,,1,,,,train
NC(=O)Nc1ccccc1,,,1,,,,train
O=C(O)CI,,,1,,,,train
CN(C)C1C(O)=C(C(N)=O)C(=O)C2(O)C(O)=C3C(=O)c4c(O)ccc(Cl)c4C(C)(O)C3CC12,,,1,,,,valid
CN(C)C1C(O)=C(C(N)=O)C(=O)C2(O)C(O)=C3C(=O)c4c(O)cccc4C(C)(O)C3CC12,,,1,,,,train
COc1nc(C)nc(NC(=O)NS(=O)(=O)c2ccccc2Cl)n1,,,1,,,,train
Cc1ncc(CO)c(C=O)c1O,,,1,,,,train
NC(=O)c1ccccc1O,,,1,,,,train
Nc1nc(N)nc(NC2CC2)n1,,,1,,,,test
O=c1cc[nH]c(=O)[nH]1,,,1,,,,train
CCCCCC=O,,,1,,,,train
O=Cc1cccc2ccccc12,,,1,,,,train
O=Cc1ccc2ccccc2c1,,,1,,,,train
CC(Cc1ccc(C(C)(C)C)cc1)CN1CCCCC1,,,1,,,,valid
O=Cc1ccc(Oc2ccccc2)cc1,,,1,,,,train
C[N+](C)(C)CCO,,,1,,,,train
CC(C)=O,,,1,,,,train
ClC(Cl)Cl,,,1,,,,train
O=c1[nH]c(=O)c2[nH]c(=O)[nH]c2[nH]1,,,1,,,,test
CCC(=O)Nc1ccc(Cl)c(Cl)c1,,,1,,,,train
NC(Cc1c[nH]cn1)C(=O)O,,,1,,,,train
NCCCNCCCCNCCCN,,,1,,,,train
CC[N+](CC)(CC)CC,,,1,,,,train
CCCCCCCCCCCC[N+](C)(C)Cc1ccccc1,,,1,,,,valid
CSc1nc(NC(C)C)nc(NC(C)C)n1,,,1,,,,train
CCCCCCCCCCCN,,,1,,,,train
Nc1ncnc2nc[nH]c12,,,1,,,,train
CN(C(=O)COc1nc2ccccc2s1)c1ccccc1,,,1,,,,train
Nc1nc2[nH]cnc2c(=O)[nH]1,,,1,,,,test
[N-]=[N+]=Nc1ccc(N=C=S)cc1,,,1,,,,train
Nc1cc2ccccc2cc1N,,,1,,,,train
C[N+](C)(C)Cc1ccc(C(=O)c2ccccc2)cc1,,,1,,,,train
COC(=O)c1sccc1S(=O)(=O)NC(=O)Nc1nc(C)nc(OC)n1,,,1,,,,train
Cc1ccc(S(=O)(=O)N(C)N=O)cc1,,,1,,,,valid
O=S(=O)(O)c1cccc2c(S(=O)(=O)O)cccc12,,,1,,,,train
Cc1cc(Br)c2c(c1N)C(=O)c1ccccc1C2=O,,,1,,,,train
O=C1CCCCC1Cl,,,1,,,,train
O=[N+]([O-])c1ccc(Nc2ccccc2)cc1,,,1,,,,train
Cc1cc2nc3c(=O)[nH]c(=O)nc-3n(CC(O)C(O)C(O)CO)c2cc1C,,,1,,,,test
O=NN(c1ccccc1)c1ccccc1,,,1,,,,train
O=C(Nc1ccccc1)c1ccccc1O,,,1,,,,train
Nc1ccccc1[N+](=O)[O-],,,1,,,,train
CCOC(=O)c1ccccc1S(=O)(=O)NC(=O)Nc1nc(Cl)cc(OC)n1,,,1,,,,train
c1ccc2ccccc2c1,,,1,,,,valid
O=C(O)c1ccccc1Nc1ccccc1,,,1,,,,train
CCN(CC)C1CCCCC1,,,1,,,,train
CCN(CC)c1ccccc1,,,1,,,,train
COc1ccc(OC)c(C=O)c1,,,1,,,,train
CN(C)c1ncnc2nc[nH]c12,,,1,,,,test
O=C(Oc1ccccc1)c1ccccc1,,,1,,,,train
CCOC(=O)c1ccc(N)cc1,,,1,,,,train
COc1nc(C)nc(NC(=O)NS(=O)(=O)c2ccccc2CCC(F)(F)F)n1,,,1,,,,train
CCCOC(=O)c1ccc(O)cc1,,,1,,,,train
CCCCOC(=O)c1ccc(N)cc1,,,1,,,,valid
CCCCOC(=O)c1ccc(O)cc1,,,1,,,,train
COc1ccc(Cl)cc1N,,,1,,,,train
Cc1ccccc1C,,,1,,,,train
Cc1ccc(C)c(C)c1,,,1,,,,train
Nc1ccc(Cl)c(Cl)c1,,,1,,,,test
Cc1ccc(N)cc1N,,,1,,,,train
Cc1cc(C)c(C)cc1C,,,1,,,,train
C=CCOC(=O)C(=C)C,,,1,,,,train
CCOP(=S)(OCC)Oc1ccc(Cl)cc1Cl,,,1,,,,train
CCc1ccc(S(=O)(=O)O)cc1,,,0,,,,valid
CC(=O)c1ccccc1,,,1,,,,train
O=C(CCl)c1ccc(O)c(O)c1,,,1,,,,train
COC(=O)c1ccc(O)cc1,,,1,,,,train
C[N+](C)(C)CCCl,,,1,,,,train
ClC(Cl)(Cl)Cl,,,1,,,,test
CCCCCCCCCCCCCCCC[N+](C)(C)C,,,1,,,,train
CN(C)N,,,1,,,,train
CC1=CC(=O)c2ccccc2C1=O,,,1,,,,train
Oc1c(Cl)cc(Cl)c(Cl)c1Cl,,,1,,,,train
O=C(O)CN(CCN(CC(=O)O)CC(=O)O)CC(=O)O,,,1,,,,valid
Nc1ccc(N=Nc2ccccc2)cc1,,,1,,,,train
OCCS,,,1,,,,train
CNN,,,1,,,,train
Nc1ncn[nH]1,,,1,,,,train
Nc1ccc(S(N)(=O)=O)cc1,,,1,,,,test
O=C(O)c1ccccc1O,,,1,,,,train
CC=O,,,1,,,,train
CCS,,,1,,,,train
ClC(Cl)Br,,,1,,,,train
CC(C)(C)OO,,,1,,,,valid
CC(C)(C)C(=O)O,,,1,,,,train
O=[N+]([O-])C(Cl)(Cl)Cl,,,1,,,,train
CCCCOCCOP(=O)(OCCOCCCC)OCCOCCCC,,,1,,,,train
CC1=CC(=O)CC(C)(C)C1,,,0,,,,train
CC(Cl)CCl,,,0,,,,test
ClC=C(Cl)Cl,,,1,,,,train
C=CC(=O)O,,,1,,,,train
O=C(O)CCl,,,1,,,,train
NNC(N)=S,,,1,,,,train
CC(C)(c1cc(Br)c(O)c(Br)c1)c1cc(Br)c(O)c(Br)c1,,,1,,,,valid
CC(C)(C1CCC(O)CC1)C1CCC(O)CC1,,,1,,,,train
CC(C)(c1ccc(O)cc1)c1ccc(O)cc1,,,1,,,,train
O=S(=O)(c1ccc(O)cc1)c1ccc(O)cc1,,,1,,,,train
c1cc2c3c(cccc3c1)CC2,,,1,,,,train
CC(C)COC(=O)c1ccccc1C(=O)OCC(C)C,,,1,,,,test
CCCCOC(=O)c1ccccc1C(=O)OCCCC,,,1,,,,train
c1ccc2c(c1)ccc1ccccc12,,,1,,,,train
O=C1OC(=O)c2ccccc21,,,1,,,,train
c1ccc2c(c1)Cc1ccccc1-2,,,1,,,,train
Cc1cccc(N)c1C,,,1,,,,valid
Clc1cccc(Cl)c1Cl,,,1,,,,train
Oc1c(Cl)c(Cl)c(Cl)c(Cl)c1Cl,,,1,,,,train
Cc1cc(C)c(N)c(C)c1,,,1,,,,train
CCC(CC)C(=O)O,,,1,,,,train
CC(C)(C)c1ccccc1O,,,1,,,,test
Cc1ccccc1S(N)(=O)=O,,,0,,,,train
Cc1ccc(C(C)(C)C)c(O)c1,,,1,,,,train
O=[N+]([O-])c1ccccc1O,,,1,,,,train
CCC(C)c1cc([N+](=O)[O-])cc([N+](=O)[O-])c1O,,,1,,,,train
Nc1ccc(Cl)cc1[N+](=O)[O-],,,1,,,,valid
O=[N+]([O-])c1cc(Cl)ccc1O,,,1,,,,train
CCC(C)c1ccccc1O,,,1,,,,train
Cc1ccc(C(C)C)c(O)c1,,,1,,,,train
O=Cc1ccccc1O,,,1,,,,train
COc1ccccc1O,,,0,,,,test
Cc1cccc2ccccc12,,,1,,,,train
c1ccc(Nc2cccc3ccccc23)cc1,,,1,,,,train
N#Cc1ccccc1C#N,,,0,,,,train
c1ccc2ncccc2c1,,,1,,,,train
COc1ccccc1[N+](=O)[O-],,,1,,,,valid
CCOc1ccc2c(c1)C(C)=CC(C)(C)N2,,,1,,,,train
Cc1ccc2ccccc2c1,,,1,,,,train
Nc1ccc2ccccc2c1,,,1,,,,train
Nc1nc(N)nc(-c2ccccc2)n1,,,1,,,,train
Nc1ccc(-c2ccc(N)c(Cl)c2)cc1Cl,,,1,,,,test
c1ccc(-c2ccccc2)cc1,,,1,,,,train
Oc1ccc(-c2ccccc2)cc1,,,1,,,,train
O=C(O)c1cc2ccccc2cc1O,,,1,,,,train
c1ccc2c(c1)Nc1ccccc1S2,,,1,,,,train
Oc1ccc(-c2ccc(O)cc2)cc1,,,1,,,,valid
C=CCc1ccc(OC)c(OC)c1,,,1,,,,train
CC(=O)CC(=O)Nc1ccccc1C,,,0,,,,train
CC(C)(C)NSc1nc2ccccc2s1,,,1,,,,train
c1ccc2sc(SNC3CCCCC3)nc2c1,,,1,,,,train
Cc1ccccc1Cl,,,1,,,,test
Nc1ccccc1Cl,,,1,,,,train
Cc1ccccc1N,,,0,,,,train
Nc1ccccc1N,,,1,,,,train
Nc1ccccc1O,,,1,,,,train
Cc1ccc(N)cc1C,,,1,,,,valid
Cc1cc(N)ccc1N,,,1,,,,train
Cc1ccc(C)c(N)c1,,,1,,,,train
Cc1ccc(Cl)c(N)c1,,,1,,,,train
Nc1cc(Cl)ccc1Cl,,,1,,,,train
Cc1ccc(C)c(O)c1,,,1,,,,test
Oc1cc(Cl)c(Cl)cc1Cl,,,1,,,,train
c1ccc(C2CO2)cc1,,,1,,,,train
ClCC(Br)CBr,,,1,,,,train
OC(CCl)CCl,,,0,,,,train
CCC(C)=NO,,,1,,,,valid
C=CC(=O)OC,,,1,,,,train
CC(C)(C)c1ccc(O)c(C(C)(C)C)c1,,,1,,,,train
COc1ccc(N)c([N+](=O)[O-])c1,,,1,,,,train
O=[N+]([O-])c1ccc(Cl)c([N+](=O)[O-])c1,,,1,,,,train
Cc1ccccc1N=C(N)Nc1ccccc1C,,,1,,,,test
C=C(C)C(=O)OCCCC,,,1,,,,train
FC(F)(F)c1ccccc1,,,1,,,,train
Cc1ccc(C(C)(C)C)cc1,,,1,,,,train
Cc1ccc(S(=O)(=O)Cl)cc1,,,1,,,,train
C=C(C)c1ccccc1,,,1,,,,valid
ClC(Cl)c1ccccc1,,,1,,,,train
Cc1cccc(C(=O)O)c1,,,1,,,,train
Nc1cccc([N+](=O)[O-])c1,,,1,,,,train
O=[N+]([O-])c1ccc(Cl)c(Cl)c1,,,1,,,,train
O=[N+]([O-])c1cccc([N+](=O)[O-])c1,,,1,,,,test
CCC(C)c1ccc(O)cc1,,,1,,,,train
Cc1ccc(C(C)C)cc1,,,1,,,,train
CC(C)c1ccc(N)cc1,,,1,,,,train
Cc1ccc(C(=O)O)cc1,,,1,,,,train
O=C(O)c1ccc(O)cc1,,,1,,,,valid
Cc1ccc([N+](=O)[O-])cc1,,,1,,,,train
O=[N+]([O-])c1ccc(CCl)cc1,,,1,,,,train
O=[N+]([O-])c1ccc([N+](=O)[O-])cc1,,,1,,,,train
C=Cc1ccncc1,,,1,,,,train
OCc1ccccc1,,,0,,,,test
ON=C1CCCCC1,,,1,,,,train
C=Cc1ccccn1,,,1,,,,train
O=C(Nc1ccc(Cl)cc1)Nc1ccc(Cl)c(Cl)c1,,,1,,,,train
Nc1ccc(Cc2ccc(N)cc2)cc1,,,1,,,,train
Nc1ccc(Oc2ccc(N)cc2)cc1,,,1,,,,valid
CCC(C)Nc1ccc(NC(C)CC)cc1,,,1,,,,train
NC(=Nc1ccccc1)Nc1ccccc1,,,1,,,,train
c1ccc(COCc2ccccc2)cc1,,,1,,,,train
CCNc1ccccc1,,,1,,,,train
CN(C)Cc1ccccc1,,,1,,,,test
CCCCc1ccccc1,,,1,,,,train
COc1ccc(N)cc1,,,1,,,,train
CCOC(=O)CC(=O)OCC,,,0,,,,train
Cc1ccc(O)c(C)c1,,,1,,,,train
Oc1ccc(Br)cc1,,,1,,,,valid
Cc1ccc(C)cc1,,,1,,,,train
Cc1ccc(Cl)cc1,,,1,,,,train
Cc1ccc(O)cc1,,,1,,,,train
Clc1ccc(Cl)cc1,,,1,,,,train
Nc1ccc(Cl)cc1,,,1,,,,test
Oc1ccc(Cl)cc1,,,1,,,,train
Nc1ccc(N)cc1,,,1,,,,train
C=C(C)C(=O)OCC1CO1,,,1,,,,train
ClCCCl,,,0,,,,train
C=CC#N,,,1,,,,valid
C=COC(C)=O,,,1,,,,train
Cc1cccc(C)c1,,,1,,,,train
Nc1cccc(Cl)c1,,,1,,,,train
Nc1cccc(N)c1,,,1,,,,train
Cc1cc(C)cc(N)c1,,,1,,,,test
O=c1[nH]c(=O)[nH]c(=O)[nH]1,,,0,,,,train
Brc1ccccc1,,,1,,,,train
CC1CCCCC1,,,1,,,,train
Cc1ccccc1,,,1,,,,train
NC1CCCCC1,,,1,,,,valid
Oc1ccccc1,,,0,,,,train
Sc1ccccc1,,,1,,,,train
BrCCCBr,,,1,,,,train
CCNCC,,,1,,,,train
CC(=O)OCC(C)C,,,0,,,,test
CC=CC=CC(=O)O,,,1,,,,train
CCCCCS,,,1,,,,train
C1CNCCN1,,,0,,,,train
c1ccncc1,,,1,,,,train
C1COCCN1,,,1,,,,valid
CCCCCCC(=O)O,,,1,,,,train
O=C(O)CCSCCC(=O)O,,,1,,,,train
O=CCCCC=O,,,1,,,,train
ClCCOCCCl,,,0,,,,train
CCCCCCCO,,,1,,,,test
C1=CCCC=CCC1,,,1,,,,train
CCCCCCCCCCCC(=O)OC,,,1,,,,train
CCCCCCCCS,,,1,,,,train
CCCCCCCCCC(C)=O,,,1,,,,train
NCCNCCNCCN,,,1,,,,valid
CCCCCCCCCCO,,,1,,,,train
NCCNCCNCCNCCN,,,1,,,,train
CCCCCCCCCCCCCO,,,1,,,,train
O=P(Oc1ccccc1)(Oc1ccccc1)Oc1ccccc1,,,1,,,,train
O=P(OCCCl)(OCCCl)OCCCl,,,0,,,,test
O=C1OC(=O)c2c(Cl)c(Cl)c(Cl)c(Cl)c21,,,1,,,,train
Cc1c(Cl)cccc1Cl,,,1,,,,train
Oc1c(Br)cc(Br)cc1Br,,,1,,,,train
Nc1ccc(O)c([N+](=O)[O-])c1,,,1,,,,train
O=C(c1ccccc1)c1ccccc1,,,1,,,,valid
Cc1cc(-c2ccc(N)c(C)c2)ccc1N,,,1,,,,train
Clc1ccc(Cl)c(Cl)c1,,,1,,,,train
Oc1ccc(Cl)cc1Cl,,,1,,,,train
CCC(C)(C)c1ccc(O)c(C(C)(C)CC)c1,,,1,,,,train
Cc1ccc([N+](=O)[O-])cc1S(=O)(=O)O,,,0,,,,test
CCN(CC)CC,,,1,,,,train
CC(=O)C=Cc1ccccc1,,,1,,,,train
c1ccc(NNc2ccccc2)cc1,,,1,,,,train
CCCC(C)C=O,,,1,,,,train
Nc1ccc(O)cc1,,,1,,,,valid
Oc1ccc(O)cc1,,,1,,,,train
O=C(O)CCCCC(=O)O,,,1,,,,train
CCCCCCCC(=O)O,,,1,,,,train
NCCCCCCN,,,1,,,,train
CCCCCCCCCCCCCCCCCCN(C)C,,,1,,,,test
ClC(Br)Br,,,1,,,,train
C=C(C)C#N,,,1,,,,train
ClC(COCC(Cl)C(Cl)(Cl)Cl)C(Cl)(Cl)Cl,,,1,,,,train
C=CCOC(=O)c1ccccc1C(=O)OCC=C,,,1,,,,train
COc1ccc(C(=O)c2ccccc2)c(O)c1,,,1,,,,valid
Oc1ccccc1-c1ccccc1,,,1,,,,train
c1ccc2c(c1)sc1ccccc12,,,1,,,,train
Oc1ccc2ccccc2c1,,,1,,,,train
C=CC(=O)OCC,,,1,,,,train
C=CC(=O)OCCCC,,,1,,,,test
NCCO,,,1,,,,train
CCCCOCCCC,,,1,,,,train
CCCCCCCCCO,,,1,,,,train
CCCCCCCCC=CCCCCCCCC(=O)O,,,1,,,,train
O=C(O)C(=O)O,,,1,,,,valid
Oc1cccc2cccnc12,,,1,,,,train
S=c1[nH]c2ccccc2s1,,,1,,,,train
c1ccc2c(c1)-c1ccc3ccc4cccc5cc-2c1c3c45,,,1,,,,train
O=CC(=O)O,,,1,,,,train
CCCCCCCCCC(=O)O,,,1,,,,test
Fc1ccc(Br)cc1F,,,1,,,,train
O=[N+]([O-])c1ccc(F)c(Cl)c1,,,1,,,,train
Nc1cccc(F)c1,,,1,,,,train
N#CC=CC(F)(F)F,,,1,,,,train
Nc1cccnc1,,,1,,,,valid
CC12CCC(CC1)C(C)(C)O2,,,0,,,,train
Nc1cccc2cccc(N)c12,,,1,,,,train
Cc1cc(C)c(C=O)c(C)c1,,,1,,,,train
Nc1ccncc1,,,1,,,,train
Nc1ccccn1,,,1,,,,test
CCOC(=O)C(Cl)(Cl)Cl,,,1,,,,train
O=[N+]([O-])c1ccccc1[N+](=O)[O-],,,1,,,,train
ClC=CCCl,,,1,,,,train
COc1cccc([N+](=O)[O-])c1,,,1,,,,train
CN=C=S,,,1,,,,valid
CN(C)c1ccc(C(=C2C=CC(=[N+](C)C)C=C2)c2ccccc2)cc1,,,1,,,,train
Cc1ccc2ccccc2c1C,,,1,,,,train
Cc1cc(C)c2ccccc2c1,,,1,,,,train
Cc1cccc(C)c1O,,,1,,,,train
CCCCC(CC)COC(=O)CC(C(=O)OCC(CC)CCCC)S(=O)(=O)O,,,0,,,,test
Cc1ccc2ccc(C)cc2c1,,,1,,,,train
Nc1cccc(O)c1,,,1,,,,train
CCCCCCCCCCCC(C)=O,,,1,,,,train
CC(C)(c1ccccc1)c1ccc(O)cc1,,,1,,,,train
Cc1c([N+](=O)[O-])cccc1[N+](=O)[O-],,,1,,,,valid
ClCc1ccccc1Cl,,,1,,,,train
Oc1ccc(Br)cc1Br,,,1,,,,train
Oc1ccc(Cc2ccc(O)cc2)cc1,,,1,,,,train
Cc1ccc(Nc2ccc(C)cc2)cc1,,,1,,,,train
CSSC,,,1,,,,test
N#CCCCCCCC#N,,,0,,,,train
Nc1c(Cl)cc(Cl)cc1Cl,,,1,,,,train
C=C1CC(=O)O1,,,1,,,,train
CCCCCCCCCCCC[N+](C)(C)CC(=O)O,,,1,,,,train
C=C(C)C(=O)OCC(CC)CCCC,,,1,,,,valid
CCCCCCCCC(C)=O,,,1,,,,train
C=CC(Cl)CCl,,,1,,,,train
N#CC=CC#N,,,1,,,,train
C=CC(=O)OCCO,,,1,,,,train
CCCCCCCCCCCCCCCCCC(=O)O,,,0,,,,test
c1ccc(C2CCCCC2)cc1,,,1,,,,train
C=C(C)C(=O)OCCO,,,0,,,,train
N#Cc1ccccc1Cl,,,1,,,,train
CC(C)(c1ccc(OCCO)cc1)c1ccc(OCCO)cc1,,,1,,,,train
C=C(Cl)C#N,,,1,,,,valid
c1ccc(-c2cc3ccccc3[nH]2)cc1,,,1,,,,train
CCNc1nc(NCC)nc(SC)n1,,,1,,,,train
CCCCCCCCN(CCCCCCCC)CCCCCCCC,,,1,,,,train
CC(N)=CC#N,,,1,,,,train
C=Cc1ccccc1C=C,,,1,,,,test
NCc1cccc(CN)c1,,,1,,,,train
C=Cn1c2ccccc2c2ccccc21,,,1,,,,train
O=C1CCCCC1C1=CCCCC1,,,1,,,,train
CCCCCCCCCCCC[N+](C)(C)[O-],,,1,,,,train
CCC1CCCCC1,,,1,,,,valid
CCCCCCCCc1ccc(O)cc1,,,1,,,,train
N#CC1=CCCCC1,,,1,,,,train
Cc1cc(C)c(O)c(C(C)(C)C)c1,,,1,,,,train
COc1ccc(OC)c(Cl)c1,,,1,,,,train
Cc1cccc(C(C)(C)C)c1O,,,1,,,,test
O=c1c2ccccc2ccc2ccccc12,,,1,,,,train
Nc1cccc2c(N)cccc12,,,1,,,,train
CC1(C)CC(O)CC(C)(C)N1,,,0,,,,train
Cc1ccc(O)c(C(C)(C)C)c1,,,1,,,,train
CCCCCCCCCCCC#N,,,1,,,,valid
Cc1ccc2nc3sc(=O)sc3nc2c1,,,1,,,,train
CN(C)c1ccc(C(=N)c2ccc(N(C)C)cc2)cc1,,,1,,,,train
Nc1cc(C(=O)O)ccc1Cl,,,1,,,,train
C=C(C)C(=O)OCCN(C)C,,,1,,,,train
CCCCC(CC)C(=O)OOC(C)(C)C,,,1,,,,test
CN(C)CCN(C)CCN(C)C,,,1,,,,train
C1=CCC2CC=CC2C1,,,1,,,,train
CSCCC=O,,,1,,,,train
Oc1cc(Cl)ccc1Oc1ccc(Cl)cc1Cl,,,1,,,,train
CCC(C)c1ccccc1OC(=O)NC,,,1,,,,valid
NCCNCCNCCNCCNCCN,,,1,,,,train
CC=CC=O,,,1,,,,train
C=C(C)c1ccc(O)cc1,,,1,,,,train
NNc1c(Cl)cc(Cl)cc1Cl,,,1,,,,train
CCC(C)c1cccc(C(C)CC)c1O,,,1,,,,test
O=[N+]([O-])c1ccc2ccc3cccc4ccc1c2c34,,,1,,,,train
C=C(C)C(=O)O,,,1,,,,train
CCc1ccc(-c2ccccc2)cc1,,,1,,,,train
CC1CC(CC2CCC(N)C(C)C2)CCC1N,,,1,,,,train
c1cnc2c(c1)CCCC2,,,1,,,,valid
CC12CCCC=C1C(=O)OC2=O,,,1,,,,train
C=CC(=O)OCCCCCCOC(=O)C=C,,,1,,,,train
CCCCC(CC)COP(=O)(O)CC(CC)CCCC,,,1,,,,train
CCCCCc1ccc(O)cc1,,,1,,,,train
CC=C1CC2C=CC1C2,,,1,,,,test
CCOP(=S)(OCC)Oc1cc(-c2ccccc2)on1,,,1,,,,train
CC(C)(C)c1cc(C(=O)O)c(O)c(C(C)(C)C)c1,,,1,,,,train
C#CC(C)(C)NC(=O)c1cc(Cl)cc(Cl)c1,,,1,,,,train
COc1ccc(O)c(C(C)(C)C)c1,,,1,,,,train
CC(C)c1ccccc1C(C)C,,,1,,,,valid
CC(C)CCCCCCCO,,,1,,,,train
CC(C)OP(=O)(OC(C)C)SCc1ccccc1,,,1,,,,train
CC(c1ccc(O)cc1)(c1ccc(O)cc1)c1ccc(O)cc1,,,1,,,,train
CCN(CC)C(=O)SCc1ccc(Cl)cc1,,,1,,,,train
CC(C)c1cccc2ccccc12,,,1,,,,test
BrC(Br)c1ccccc1OCC1CO1,,,1,,,,train
O=C(c1ccc(O)cc1)c1ccc(O)c(O)c1O,,,1,,,,train
C=CC(=O)OCCn1c(=O)n(CCOC(=O)C=C)c(=O)n(CCOC(=O)C=C)c1=O,,,1,,,,train
CCOc1cc(N2CCOCC2)c(OCC)cc1N,,,1,,,,train
CC1(C)CC(OC(=O)CCCCCCCCC(=O)OC2CC(C)(C)NC(C)(C)C2)CC(C)(C)N1,,,1,,,,valid
NCc1cc(C(F)(F)F)cc(C(F)(F)F)c1,,,1,,,,train
BrC=Cc1ccccc1,,,1,,,,train
O=P(OCC(Br)CBr)(OCC(Br)CBr)OCC(Br)CBr,,,1,,,,train
BrCCBr,,,1,,,,train
Brc1cc(Oc2cc(Br)c(Br)c(Br)c2Br)c(Br)c(Br)c1Br,,,1,,,,test
Brc1ccccc1-c1ccccc1Br,,,1,,,,train
Brc1cnc2[nH]ccc2c1,,,1,,,,train
C(CC1CCNCC1)CC1CCNCC1,,,1,,,,train
C(=Cc1ccccc1)C=NCCCCCCN=CC=Cc1ccccc1,,,1,,,,train
C(CCOCC1CO1)COCC1CO1,,,1,,,,valid
c1ccc(CCCc2ccncc2)cc1,,,1,,,,train
c1ccc(CCOC2CCCCC2)cc1,,,1,,,,train
c1ccc(CN2CCC(Nc3ccccc3)CC2)cc1,,,1,,,,train
c1ccc(CNCc2ccccc2)cc1,,,1,,,,train
C1CC(N2CCOCC2)CCN1,,,0,,,,test
C1=CC2CCC1C2,,,1,,,,train
C1CCCCC1,,,1,,,,train
C1CCCNCC1,,,1,,,,train
C1CCNC1,,,1,,,,train
C1CCc2[nH]nnc2C1,,,0,,,,valid
c1ccc2c(c1)CCCC2,,,1,,,,train
c1ccc(C(c2ccccc2)N2CCNCC2)cc1,,,1,,,,train
c1ccc2sc(SSN3CCOCC3)nc2c1,,,1,,,,train
C1CN1,,,1,,,,train
c1ccc(C2=NCCN2)cc1,,,1,,,,test
C1COCCO1,,,0,,,,train
c1cc[n+]2c(c1)-c1cccc[n+]1CC2,,,1,,,,train
C1N2CN3CN1CN(C2)C3,,,0,,,,train
C=C,,,1,,,,train
C=CC(=O)OCC1CC2CC1C1CCC(COC(=O)C=C)C21,,,1,,,,valid
C=CC(=O)OCc1ccccc1,,,1,,,,train
C=CC1CC=CCC1,,,1,,,,train
C=CCCC(=O)Oc1ccccc1,,,1,,,,train
C=CCCCCCC=O,,,1,,,,train
C=CCNCC=C,,,1,,,,test
C=CCOC(=O)C1CCCCC1C(=O)OCC=C,,,1,,,,train
C=CCOC(=O)COc1ccccc1,,,1,,,,train
C=CCOc1nc(OCC=C)nc(OCC=C)n1,,,1,,,,train
C=CN1CCN(C=C)C1=O,,,0,,,,train
C=COC1CCCCC1,,,1,,,,valid
C=COCCCCOC=C,,,1,,,,train
C=Cc1ccccc1,,,1,,,,train
CC#N,,,0,,,,train
C=C(C)C(=O)OC(C)(C)C,,,1,,,,train
C=C(C)C(=O)OC1CCCCC1,,,1,,,,test
C=C(C)C(=O)OCC(F)(F)C(F)(F)C(F)(F)C(F)F,,,1,,,,train
C=C(C)C(=O)OCC(F)(F)F,,,1,,,,train
C=C(C)C(=O)OCC1CCC2OC2C1,,,1,,,,train
C=C(C)C(=O)OCC1COC(C)(C)O1,,,0,,,,train
C=C(C)C(=O)OCCCCOC(=O)C(=C)C,,,1,,,,valid
C=C(C)C(=O)OCCN1CCNC1=O,,,0,,,,train
C=C(C)C(=O)OCCN1CCOC1,,,1,,,,train
C=C(C)C(=O)OCCNC(C)(C)C,,,1,,,,train
C=C(C)C(=O)OCCOC(=O)c1c(CC(O)CCl)cccc1C(=O)O,,,1,,,,train
C=C(C)C(=O)OCc1ccccc1,,,1,,,,test
C=C(C)C(=O)Oc1ccccc1,,,1,,,,train
C=C(C)C(N)=O,,,0,,,,train
C=C(C)C1CC=C(C)C(=O)C1,,,1,,,,train
C=C(C)C1CC=C(C)CC1,,,1,,,,train
C=C(C)CC(C)(C)C,,,1,,,,valid
CC(=O)C1C(=O)C=C(C)OC1=O,,,1,,,,train
CC(=O)CC(C)(C)C1CCCCC1,,,1,,,,train
CC(=O)CC(C)(C)O,,,0,,,,train
CC(=O)CC(C)(C)c1ccccc1,,,1,,,,train
CC(=O)CC(C)=O,,,1,,,,test
CC(=O)CO,,,1,,,,train
CC(=O)Nc1ccc(N)c(S(=O)(=O)O)c1,,,0,,,,train
CC(=O)Nc1ccc(O)cc1,,,0,,,,train
C=C(OC(C)=O)c1ccccc1,,,1,,,,train
CC(=O)OC(C)(C)C1CC=C(C)CC1,,,1,,,,valid
CC(=O)OC1C2(C)CCC(C2)C1(C)C,,,1,,,,train
CC(=O)OC1CC2CC1C1CCCC21,,,1,,,,train
CC(=O)OC1CCC2CCCCC2C1,,,1,,,,train
CC(=O)OC1CCCCC1C(C)(C)C,,,1,,,,train
C=C(COC(C)=O)COC(C)=O,,,1,,,,test
CC(=O)OCC(COC(C)=O)OC(C)=O,,,0,,,,train
CC(=O)OCCc1ccccc1,,,1,,,,train
CC(=O)OCc1ccccc1,,,0,,,,train
CC(=O)OOC(C)(C)C,,,1,,,,train
CC(=O)Oc1ccc([N+](=O)[O-])cc1,,,1,,,,valid
CC(=O)Oc1ccccc1[N+](=O)[O-],,,1,,,,train
CC(=O)c1cc2ccccc2o1,,,1,,,,train
CC(=O)c1ccc(C)cc1,,,1,,,,train
CC(=O)c1ccc(Cl)cc1Cl,,,1,,,,train
CC(=O)c1ccc(Oc2ccc(Cl)cc2)cc1Cl,,,1,,,,test
CC(=O)c1ccc2ccccc2c1,,,1,,,,train
CC(=O)c1cccc(C(F)(F)F)c1,,,1,,,,train
CC(=O)c1cccc([N+](=O)[O-])c1,,,1,,,,train
CC(=O)c1cccnc1,,,0,,,,train
CC(C#N)c1cccc(C(=O)c2ccccc2)c1,,,1,,,,valid
CC(C)(C)C(=O)OCCc1ccccc1,,,1,,,,train
CC(C)(C)C1CCC(=O)CC1,,,1,,,,train
C=CC(=O)OC1CCC(C(C)(C)C)CC1,,,1,,,,train
CC(C)(C)C1CCC(O)CC1,,,1,,,,train
CC(C)(C)CC(C)(C)N,,,1,,,,test
CC(C)(C)CC(C)(C)c1ccc(OCCO)cc1,,,1,,,,train
CC(C)(C)N(CC(=O)c1ccc(O)c(CO)c1)Cc1ccccc1,,,1,,,,train
C=CC(=O)OC(C)(C)C,,,1,,,,train
CC(C)(C)OC(=O)NC(C(=O)O)C12CC3CC(CC(O)(C3)C1)C2,,,1,,,,train
CC(C)(C)OOC(C)(C)C,,,1,,,,valid
CC(C)(C)c1cc(C(C)(C)C)c(O)c(C(C)(C)C)c1,,,1,,,,train
CC(C)(C)c1ccc(O)cc1,,,1,,,,train
CC(C)(COC(=O)c1ccccc1)COC(=O)c1ccccc1,,,1,,,,train
C=CC(=O)OCCCOCC(C)(C)COCCCOC(=O)C=C,,,1,,,,train
CC(C)(Cl)Cl,,,1,,,,test
C#CC(C)(C)N,,,0,,,,train
CC(C)(C#N)N=NC(C)(C)C#N,,,1,,,,train
CC(C)(O)C(=O)c1ccc(OCCO)cc1,,,1,,,,train
CC(C)(O)C(=O)c1ccccc1,,,1,,,,train
C=CCOC(=O)C(C)(C)OC(=O)c1cc(N)ccc1Cl,,,1,,,,valid
C=CCOC(=O)C(C)(C)OC(=O)c1cc([N+](=O)[O-])ccc1Cl,,,1,,,,train
CC(C)(OOC(C)(C)c1ccccc1)c1ccccc1,,,1,,,,train
C=CCc1cc(C(C)(C)c2ccc(O)c(CC=C)c2)ccc1O,,,1,,,,train
CC1=CCC(=C(C)C)CC1,,,1,,,,train
C=CC(=C)CCC=C(C)C,,,1,,,,test
CC(C)=CCCC(C)(O)C1CC=C(C)CC1,,,1,,,,train
C=CC(C)(O)CCC=C(C)C,,,1,,,,train
C=CC(C)(CCC=C(C)C)OC=O,,,1,,,,train
C=CC(C)(O)CCC=C(C)CCC=C(C)C,,,1,,,,train
CC(C)=CCCC(C)=CCCC(C)=CCO,,,1,,,,valid
CC(C)=CCCC(C)=CCCC=O,,,1,,,,train
CC(C)=CCCC(C)=CCO,,,1,,,,train
CC(=O)OCC=C(C)CCC=C(C)C,,,1,,,,train
CC(C)=CCCC(C)=CCOC=O,,,1,,,,train
CC(C)=CCO,,,0,,,,test
CC(C)Br,,,0,,,,train
CC(C)C(=O)Nc1nc(-c2ccc(O)cc2O)cs1,,,1,,,,train
C=CC(C)(CCC=C(C)C)OC(=O)C(C)C,,,1,,,,train
CC(C)C(=O)OCCOc1ccccc1,,,1,,,,train
CC(C)C(=O)OCCc1ccccc1,,,1,,,,valid
CC(C)C(=O)c1ccccc1,,,1,,,,train
CC(=O)C(C)C,,,1,,,,train
CC1=CCC(C(C)C)C=C1,,,1,,,,train
CC1=CC(=O)C(C(C)C)CC1,,,1,,,,train
CC1CCC(C(C)C)C2(C1)OCC(CO)O2,,,1,,,,test
CC1CCC(C(C)C)C(C(=O)NCCc2ccccn2)C1,,,1,,,,train
CC1CCC(C(C)C)C(O)C1,,,1,,,,train
CC1CCC(C(C)C)C(OC(=O)C2CCC(=O)N2)C1,,,1,,,,train
CC1CCC(C(C)C)C(OC(=O)OCCO)C1,,,1,,,,train
CC1CCC(C(C)C)C(OCC(O)CO)C1,,,0,,,,valid
CC(C)C1CCC(O)CC1,,,1,,,,train
CC(C)C1OCCN1CCO,,,0,,,,train
CC(C)CC(=O)CC(C)C,,,1,,,,train
CC(C)CC(C)(O)CCC(C)(O)CC(C)C,,,1,,,,train
CC(C)CC(C)(c1ccc(O)cc1)c1ccc(O)cc1,,,1,,,,test
CC(CC(C)C)=NNC(=O)c1cc2ccccc2cc1O,,,1,,,,train
CC(C)CC1(C)OCC(CO)O1,,,0,,,,train
CC(C)CC1CC(C)CCO1,,,1,,,,train
CC(C)CCC(C)(O)C#CC(C)(O)CCC(C)C,,,1,,,,train
CC(C)CCC(C)C(C)O,,,1,,,,valid
CC(C)CCC1CCC(O)CC1,,,1,,,,train
C=CC(C)(O)CCCC(C)C,,,1,,,,train
C#CC(C)(O)CCCC(C)CCCC(C)C,,,1,,,,train
CC(C)CCCCCCCCCCOCCCN,,,1,,,,train
CC(C)CCCCCCO,,,1,,,,test
CC(C)CCCCCO,,,1,,,,train
CC(C)CCCCOC(=O)c1ccccc1C(=O)OCCCCC(C)C,,,0,,,,train
CC(C)CCOC(=O)CC(C)C,,,1,,,,train
CC(C)CCOC(=O)Cc1ccccc1,,,1,,,,train
CC(C)CCOC(=O)c1ccccc1O,,,1,,,,valid
CC(C)CCOC(=S)S,,,1,,,,train
CC(C)CN(CC(O)C(N)Cc1ccccc1)S(=O)(=O)c1ccc(N)cc1,,,1,,,,train
CC(C)CNCC(O)C(Cc1ccccc1)NC(=O)OC(C)(C)C,,,1,,,,train
CC(C)CO,,,0,,,,train
C=C(C)C(=O)OCC(C)C,,,1,,,,test
C=CC(=O)OCC(C)C,,,1,,,,train
CC(C)COC(=O)Cc1ccccc1,,,1,,,,train
CC(C)COC(=O)c1ccc(O)cc1,,,1,,,,train
CC(C)COC(=O)c1ccccc1O,,,1,,,,train
C=COCC(C)C,,,1,,,,valid
CC(C)COP(=S)(S)OCC(C)C,,,0,,,,train
Cc1cc(CC(C)C)ccc1CCC=O,,,1,,,,train
CC(=O)c1ccc(CC(C)C)cc1,,,1,,,,train
CC(C)Cc1ccccc1,,,1,,,,train
CC(C)OC(=O)C(C(=O)OC(C)C)=C1SCCS1,,,1,,,,test
CC(C)OC(=O)C(C)(C)Br,,,1,,,,train
CC(C)OC(=O)C(F)(F)F,,,1,,,,train
CC(C)OC(=O)c1ccc(O)cc1,,,1,,,,train
CC(C)OCCCN,,,1,,,,train
CC(C)OCCO,,,0,,,,valid
CC(C)OCCOC(=O)c1ccccc1O,,,1,,,,train
CC(C)S,,,1,,,,train
CC(C)Sc1ncccc1OCC(F)(F)F,,,1,,,,train
CC(C)c1ccc(CCC=O)cc1,,,1,,,,train
CC(C)c1ccc(C#N)cc1,,,1,,,,test
CC(C)c1ccc2c(c1)OCC(=O)CO2,,,1,,,,train
CC(C)c1cccc(C(C)CC=O)c1,,,1,,,,train
CC(C)c1ccccc1,,,1,,,,train
CC(C=O)=Cc1ccccc1,,,1,,,,train
CC(=O)OC(C)CC(C)(C)c1ccccc1,,,1,,,,valid
CC(CC(=O)O)CC(C)(C)C,,,1,,,,train
CC1=CCC(C(C)CC2CCCC2=O)CC1,,,1,,,,train
CC(CC=O)c1ccccc1,,,1,,,,train
CC(C)=CCCC(C)CC#N,,,1,,,,train
CC(C)=CCCC(C)=CCCC(C)CC=O,,,1,,,,test
C=CC(C)CCC=C(C)CCC=O,,,1,,,,train
CC(=Cc1ccc(C)cc1)CCC=O,,,1,,,,train
C=CC(C)CCCC(C)(C)O,,,1,,,,train
CC(CC=O)CCCC(C)(C)O,,,0,,,,train
C=CC(C)CCCC(C)(C)OC(C)=O,,,1,,,,valid
C=CC(C)CCCC(C)(C)OC=O,,,1,,,,train
CC(CCN)CC(C)(C)CN,,,1,,,,train
CC(CCO)CC(C)(C)C,,,1,,,,train
CC(C)=CCCC(C)CCOC=O,,,1,,,,train
CC(CCl)OC(C)CCl,,,0,,,,test
CC(CCl)OP(=O)(OC(C)CCl)OC(C)CCl,,,1,,,,train
CC(CN=Cc1ccccc1O)N=Cc1ccccc1O,,,1,,,,train
CC(=Cc1ccc(C)cc1)CO,,,1,,,,train
CC(CO)CC(C)c1ccccc1,,,1,,,,train
CC1=CCC(CCC(C)CO)C1(C)C,,,1,,,,valid
CC(CO)CCCC1CCCCC1,,,1,,,,train
CC(CO)COC1CC2CCC1(C)C2(C)C,,,1,,,,train
CC(COC(=O)c1ccccc1)OC(=O)c1ccccc1,,,1,,,,train
CC(C=O)Cc1ccc2c(c1)OCO2,,,1,,,,train
C=CC(C)(C#N)Cc1ccccc1,,,1,,,,test
CC(Cl)(Cl)Cl,,,1,,,,train
CC(Cl)Cl,,,0,,,,train
CC(N)c1ccccc1,,,1,,,,train
CC1=CC(=O)C(=C(C)O)C(=O)O1,,,1,,,,train
CC(O)C(C)Cc1ccccc1,,,1,,,,valid
CC(O)CC(C)(C)c1ccccc1,,,1,,,,train
CC(O)CCC1CCCCC1,,,1,,,,train
CC(O)CN(CC(C)O)CC(C)O,,,0,,,,train
Cc1ccc(N(CC(C)O)CC(C)O)cc1,,,0,,,,train
CC(O)CN(CCCN(C)C)CC(C)O,,,1,,,,test
CC(O)CN(CCCN(C)C)CCCN(C)C,,,1,,,,train
CC(O)COC(=O)OC1CC(C)CCC1C(C)C,,,1,,,,train
CC(O)COc1ccc(C(C)(C)c2ccc(OCC(C)O)cc2)cc1,,,1,,,,train
CC(O)Cn1ccnc1,,,1,,,,train
Cc1ccc(C)c(C(C)c2ccccc2)c1,,,1,,,,valid
CC(c1ccccc1)c1ccc(O)cc1O,,,1,,,,train
CC1(C)C2CC=C(CCC=O)C1C2,,,1,,,,train
CC1(C)C2CC=C(CCO)C1C2,,,1,,,,train
CC12CCC(C1)C(C)(C)C2O,,,1,,,,train
C=C1C2CCC(C2)C1(C)C,,,1,,,,test
C=CC(=O)OC1CC2CCC1(C)C2(C)C,,,1,,,,train
CC1(C)C2CCC1(C)C(O)C2,,,1,,,,train
CC1(C)CC(N)CC(C)(C)N1,,,0,,,,train
CC1(C)CC(O)CC(C)(C)N1[O],,,0,,,,train
CC1(C)CC2(CC(C)(C)N1)OC1(CCCCCCCCCCC1)NC2=O,,,1,,,,valid
C=CCCC(=O)C1=CCCC(C)(C)C1,,,1,,,,train
C=CC1(C)CCCC(C)(C)O1,,,1,,,,train
CC1(C)SC2C(N)C(=O)N2C1C(=O)O,,,1,,,,train
CC1(CO)CC1CC1CC2CC2(C)C1(C)C,,,1,,,,train
CC12CCCC(C)(CC1)C2=NO,,,1,,,,test
CC12CCC3C4=C(CCC3C1CCC2=O)CC(=O)CC4,,,1,,,,train
CC12C=CC(=O)C=C1CCC1C2CCC2(C)C(=O)CCC12,,,1,,,,train
C#CC1(O)CCC2C3CCC4=CC(=O)CCC4C3CCC21C,,,1,,,,train
CC12CCC3C4CCC(=O)C=C4CCC3C1CCC2=O,,,1,,,,train
CC12CCC3C(CCC4=CC(=O)CCC43C)C1CCC2=O,,,1,,,,valid
CC12CCC(=O)C=C1CCC1C2CCC2(C)C(O)CCC12,,,1,,,,train
CC12CCC3C(CCC4CC5OC5CC43C)C1CC(N1CCCC1)C2=O,,,1,,,,train
CC1=CCC(CC#N)C1(C)C,,,1,,,,train
CC1=NN(c2cccc(S(=O)(=O)O)c2)C(=N)C1,,,0,,,,train
CC1=NN(c2ccc(S(=O)(=O)O)cc2)C(=O)C1,,,1,,,,test
CC1=NN(c2ccccc2)C(=O)C1,,,1,,,,train
CC1C(C)(C)C2=C(C(=O)CCC2)C1(C)C,,,1,,,,train
CC1C(C)(C)C2CCc3cncnc3C2C1(C)C,,,1,,,,train
CC(=O)OCC1CCC(C)=CC1C,,,1,,,,train
CC1CC(=O)C=C2CCC3C4CCC(O)C4(C)CCC3C21C,,,1,,,,valid
CC1CC(C)(c2ccccc2)CO1,,,1,,,,train
CC1=CC(C)C(C=O)C(C)C1,,,1,,,,train
CC1CC(CC2CC(C)C(N)C(C)C2)CC(C)C1N,,,1,,,,train
CC1CC(O)CC(C)(C)C1,,,1,,,,train
CC1CC2C3CC(F)C4=CC(=O)C=CC4(C)C3C(O)CC2(C)C1C(=O)CO,,,1,,,,test
CC1CC=CCCCCCCCCC(=O)C1,,,1,,,,train
C=C(C)C1CCC(C)CC1O,,,1,,,,train
CC1CCC2(O)C(C)(C)C3CCC2(C)C1C3,,,1,,,,train
C=CC1(C)CC(OC(=O)CO)C2(C)C(C)CCC3(CCC(=O)C32)C(C)C1O,,,1,,,,train
CC(=O)C1=C(C)C2CC3(C1)C(C)CCC3C2(C)C,,,1,,,,valid
CC1CCC2C(=O)OC(=O)C2C1,,,0,,,,train
CC(C)=CC1CC(C)CCO1,,,1,,,,train
CC1CCOC(c2ccccc2)C1,,,1,,,,train
CC1COc2ccccc2N1C(=O)C(Cl)Cl,,,1,,,,train
CC1=C(O)C(=O)C(C)O1,,,0,,,,test
CC1OCC(c2ccccc2)O1,,,1,,,,train
CC=CC(=O)C1C(C)C=CCC1(C)C,,,1,,,,train
CC=CC(=O)C1CCC(C)(C)C=C1C,,,1,,,,train
CC=CC(C)(O)CCC=C(C)C,,,1,,,,train
CC=NO,,,1,,,,valid
CCBr,,,0,,,,train
CCC(=O)C=CC1C(C)=CCCC1(C)C,,,1,,,,train
CCC(=O)N(c1ccccc1)C1CCN(Cc2ccccc2)CC1,,,1,,,,train
CCC(=O)N(c1ccccc1)C1CCNCC1,,,1,,,,train
CCC(=O)OC1CCC(C(C)C)CC1,,,1,,,,test
C=COC(=O)CC,,,1,,,,train
CCC(=O)OCc1ccccc1,,,1,,,,train
CCC(=O)c1ccc(C)cc1,,,1,,,,train
CCC(C)(C)C1CCCCC1OC(C)=O,,,1,,,,train
CCC(C)(C)OC,,,0,,,,valid
CCC(C)(C)OO,,,1,,,,train
CCC(C)(C)O,,,1,,,,train
CCC(C)(C)c1cc(-n2nc3ccccc3n2)c(O)c(C(C)(C)CC)c1,,,1,,,,train
CCC(C)(C)c1ccccc1,,,1,,,,train
CCC(C)(C#N)N=NC(C)(C#N)CC,,,1,,,,test
C#CC(C)(O)CCC=C(C)CC,,,1,,,,train
C=CC(C)(O)CCC=C(C)CC,,,1,,,,train
C=CC(C)(CCC=C(C)CC)OC(C)=O,,,1,,,,train
CCC(C)=CCCC(C)=O,,,1,,,,train
CCC(C)=O,,,0,,,,valid
CCC(C)C(=O)N(C)c1ccccc1,,,1,,,,train
CCC(C)C(=O)O,,,1,,,,train
CCC(C)C1CCCCC1=O,,,1,,,,train
CCC(CC(C)CC)=NO,,,1,,,,train
CCC(C)Cl,,,1,,,,test
CCC(C)NCCO,,,1,,,,train
CCC(C)OP(=S)(S)OC(C)CC,,,0,,,,train
CCC(C)c1cc(S(=O)(=O)O)cc(-n2nc3ccccc3n2)c1O,,,1,,,,train
CCC(C(=O)O)C1CCC(C)C(C(C)C(O)C(C)C(=O)C(CC)C2OC3(C=CC(O)C4(CCC(C)(C5CCC(O)(CC)C(C)O5)O4)O3)C(C)CC2C)O1,,,1,,,,train
CCC(CC)C(=O)OCCOCCOCCOC(=O)C(CC)CC,,,1,,,,valid
C=CCOCC(CC)(CO)CO,,,0,,,,train
CCC(CO[N+](=O)[O-])(CO[N+](=O)[O-])CO[N+](=O)[O-],,,1,,,,train
CCC(Cl)Cl,,,1,,,,train
CCC(O)CC,,,0,,,,train
CCC(O)COC1CCCCC1C(C)(C)C,,,1,,,,test
CC=CC(=O)OC(CC)C(C)C,,,1,,,,train
CCC1(CC=C2CCCc3cc(OC)ccc32)C(=O)CCC1=O,,,1,,,,train
CCC1(CC=C2CCCc3cc(OC)ccc32)C(=O)CCC1O,,,1,,,,train
C=CC(=O)OCC1(CC)COCOC1,,,1,,,,train
CCC1(O)CCCC1CCC(C)C,,,1,,,,valid
CCC1CC2CC1CC2OC,,,1,,,,train
CCC=C(C)C(=O)O,,,1,,,,train
CCC=CCC1=C(C)CCC1=O,,,1,,,,train
CCC=CCCOC(=O)C(C)C,,,1,,,,train
CCC=CCCOC(=O)C1CC1,,,1,,,,test
CCC=CCCOC(=O)c1ccccc1O,,,1,,,,train
C=C(C)COCCC=CCC,,,1,,,,train
CCCC(=O)OCCC(C)C,,,1,,,,train
CCCC(C)=NO,,,1,,,,train
CCCC(C)C1OCC(C)(CCC)CO1,,,1,,,,valid
CCCC1CC(=O)C=C(C)C1,,,1,,,,train
CCCC1CC=C(C)C(=O)C1,,,1,,,,train
CCCC1CO1,,,1,,,,train
C=CCCC,,,1,,,,train
CCCCC,,,1,,,,test
CCCCC(C#N)c1ccccc1,,,1,,,,train
CCCCC(CC)C(=O)OCC(COC(=O)C(CC)CCCC)(COC(=O)C(CC)CCCC)COC(=O)C(CC)CCCC,,,1,,,,train
CCCCC(CC)C1OCCO1,,,1,,,,train
CCCCC(CC)COC(=O)C1CCC2OC2C1,,,1,,,,train
C=CC(=O)OCC(CC)CCCC,,,1,,,,valid
CCCCC(CC)COC(=O)CC#N,,,1,,,,train
CCCCC(CC)COC(=O)CCS,,,1,,,,train
CCCCC1OC(C)CC(C)(C)O1,,,1,,,,train
CCCCC=O,,,1,,,,train
CCCCCBr,,,1,,,,test
CCCCCC(=O)OC,,,1,,,,train
CCCCCC(=O)OCC,,,1,,,,train
CCCCCC(C)=O,,,1,,,,train
CCCCCC(C=O)=Cc1ccccc1,,,1,,,,train
CCCCCC(CO)CCC,,,1,,,,valid
CCCCCC(CO)Cc1ccccc1,,,1,,,,train
CCCCCC1C(=O)CCC1C(=O)OC,,,1,,,,train
CCCCCC1CCC(=O)O1,,,1,,,,train
CCCCCC1CCCC(=O)O1,,,1,,,,train
CCCCCC1COCCC1OC(C)=O,,,1,,,,test
CCCCCCC#CC(=O)OC,,,1,,,,train
CCCCCCC(=O)CO,,,0,,,,train
CCCCCCC(C)O,,,1,,,,train
CCCCCCC(O)CO,,,1,,,,train
CCCCCCC1(C)CCC(=O)O1,,,1,,,,valid
CCCCCCC1C(=O)CCC1C(=O)OC,,,1,,,,train
CCCCCCC1CCC(=O)O1,,,1,,,,train
CCCCCCCC(=O)CC(=O)c1ccccc1,,,1,,,,train
CCCCCCCC(=O)N(C)C,,,1,,,,train
CCCCCCCC(=O)NCCN(CCO)CCC(=O)O,,,1,,,,test
CCCCCCCC(=O)OCC,,,1,,,,train
CCCCCCCC1CCC(=O)O1,,,1,,,,train
CCCCCCCC=O,,,1,,,,train
CCCCCCCCC(=O)N(C)C,,,1,,,,train
CCCCCCCCC(C)C#N,,,1,,,,valid
CCCCCCCCC(=O)O,,,1,,,,train
CCCCCCCCC(O)CO,,,1,,,,train
CCCCCCCCC=CC(=O)NCCC[N+](C)(C)CC(=O)O,,,1,,,,train
CCCCCCCCC=CCCCCCCCC(=O)N(CCO)CCO,,,1,,,,train
CCCCCCCCC=CCCCCCCCC(=O)OCC(O)CO,,,1,,,,test
CCCCCCCCC=CCCCCCCCCN(CCO)CCO,,,1,,,,train
CCCCCCCCC=CCCCCCCCCNCCCN,,,1,,,,train
CCCCCCCCC=CCCCCCCCCNCCCNCCCN,,,1,,,,train
CCCCCCCCC=CCCCCCCCCNCCCNCCCNCCCN,,,1,,,,train
CCCCCCCCC=CCCCCCCCC[N+](C)(CCO)CCO,,,1,,,,valid
CCCCCCCCC=O,,,1,,,,train
CCCCCCCCCC(=O)CCCCCC,,,1,,,,train
CCCCCCCCCC(=O)OCCCC,,,1,,,,train
CCCCCCCCCC(C)C=O,,,1,,,,train
CCCCCCCCCC=O,,,1,,,,test
CCCCCCCCCCC=CC1CC(=O)OC1=O,,,1,,,,train
CCCCCCCCCCCC(=O)N(C)C,,,1,,,,train
CCCCCCCCCCCC(=O)NC(CCCNC(=N)N)C(=O)OCC,,,1,,,,train
CCCCCCCCCCCC(=O)OC1CC(C)(C)NC(C)(C)C1,,,1,,,,train
CCCCCCCCCCCC(=O)O,,,1,,,,valid
CCCCCCCCCCCCC1CC(=O)N(C2CC(C)(C)NC(C)(C)C2)C1=O,,,1,,,,train
CCCCCCCCCCCCCC(=O)NC(CCC(=O)O)C(=O)O,,,1,,,,train
CCCCCCCCCCCCCC(=O)O,,,1,,,,train
CCCCCCCCCCCCCCCC(=O)NCCC[N+](C)(C)C,,,1,,,,train
CCCCCCCCCCCCCCCC(=O)O,,,1,,,,test
CCCCCCCCCCCCCCCCCC(=O)NCCCN(C)C,,,1,,,,train
CCCCCCCCCCCCCCCCCCCCCC(=O)NCCCN(C)C,,,1,,,,train
CCCCCCCCCCCCCCCCCCOC(=O)CCS,,,1,,,,train
CCCCCCCCCCCCCCCCCCOCCC[N+](C)(C)C,,,1,,,,train
CCCCCCCCCCCCCCCCCC[N+](C)(C)C,,,1,,,,valid
CCCCCCCCCCCCCCCCN(C)C,,,1,,,,train
CCCCCCCCCCCCCCCC[n+]1ccccc1,,,1,,,,train
CCCCCCCCCCCCCCC[N+](C)(C)[O-],,,1,,,,train
CCCCCCCCCCCCCC[N+](C)(C)[O-],,,1,,,,train
CCCCCCCCCCCCCOC(=O)c1ccccc1C(=O)OCCCCCCCCCCCCC,,,1,,,,test
CCCCCCCCCCCCOP(=O)(O)O,,,1,,,,train
CCCCCCCCCCCC[N+](C)(C)C,,,1,,,,train
CCCCCCCCCCOC(C)=O,,,1,,,,train
CCCCCCCCCCOS(=O)(=O)O,,,1,,,,train
CCCCCCCCCOC(C)=O,,,1,,,,valid
CCCCCCCCCc1ccc(OCC(=O)O)cc1,,,1,,,,train
CCCCCCCCN(CCO)CCO,,,1,,,,train
CCCCCCCCN1CCCC1=O,,,1,,,,train
CCCCCCCCO,,,1,,,,train
CCCCCCCCOCCO,,,1,,,,test
CCCCCCCCP(=O)(O)O,,,1,,,,train
CCCCCCCC[N+](C)(C)[O-],,,1,,,,train
CCCCCCCOCC(C)CC=O,,,1,,,,train
CCCCCCN(CCCCCC)CCCCCC,,,1,,,,train
CCCCCCO,,,1,,,,valid
C=CC(=O)OCCCCCC,,,1,,,,train
CCCCCCOC(C)=O,,,1,,,,train
CCCCCCOC1CCC(C)(C)O1,,,1,,,,train
CCCCCCc1ccc(O)cc1O,,,1,,,,train
CCCCCO,,,0,,,,test
CCCCCOC(=O)Cc1ccccc1,,,1,,,,train
CCCCN(C)C,,,1,,,,train
CCCCN(CCO[N+](=O)[O-])[N+](=O)[O-],,,1,,,,train
CCCCN=C=O,,,1,,,,train
C=CC(=O)OCCOC(=O)NCCCC,,,1,,,,valid
CCCCNCCO,,,1,,,,train
CCCCOC(=O)C(C)O,,,0,,,,train
CCCCOC(=O)C=CC(=O)O,,,1,,,,train
C=C(CC(=O)OCCCC)C(=O)OCCCC,,,1,,,,train
CCCCOC(=O)CCC,,,1,,,,test
CCCCOC(=O)CCC(C)=O,,,0,,,,train
CCCCOC(=O)CCP1(=O)Oc2ccccc2-c2ccccc21,,,1,,,,train
CCCCOC(=O)CCS,,,1,,,,train
CCCCOC(=O)CSCSCC(=O)OCCCC,,,1,,,,train
CCCCOC(=O)c1ccccc1C(=O)OCc1ccccc1,,,1,,,,valid
C=COCCCC,,,1,,,,train
CCCCOCC,,,0,,,,train
C=CCOCC(O)COCCCC,,,0,,,,train
CCCCOCCCN,,,1,,,,train
CCCCOCCO,,,0,,,,test
CCCCOCCOC(=O)CCCCC(=O)OCCOCCCC,,,1,,,,train
C=C(C)C(=O)OCCOCCOCCCC,,,1,,,,train
CCCCOCCOCCOCCCC,,,1,,,,train
CCCCOCCOCCOCCO,,,0,,,,train
CCCCOCc1ccc(O)c(OC)c1,,,1,,,,valid
CCCCOP(=O)(OCCCC)OCCCC,,,1,,,,train
CCCC[N+](C)(CCCC)CCCC,,,0,,,,train
CCCC[P+](CCCC)(CCCC)CCCC,,,1,,,,train
CCCN(C)C,,,1,,,,train
CCCOC(=O)C1CCCCC1C(=O)OCCC,,,1,,,,test
CCCOC(C)=O,,,0,,,,train
CCCOC(C)OCCc1ccccc1,,,1,,,,train
CCCS(=O)(=O)Nc1ccc(F)c(C(=O)c2c[nH]c3ncc(Br)cc23)c1F,,,1,,,,train
CCCc1ccccc1,,,1,,,,train
CCCl,,,0,,,,valid
CCN(C(=O)SCc1ccccc1)C(C)C(C)C,,,1,,,,train
CCN(C(C)C)C(C)C,,,0,,,,train
CCN(CC)C(=O)c1cccc(C)c1,,,1,,,,train
CCN(CC)CC(C)O,,,1,,,,train
CCN(CC)CCCN,,,1,,,,test
CCN(CC)[P+](Cc1ccccc1)(c1ccccc1)c1ccccc1,,,1,,,,train
CCN(CC)c1ccc(C=CC2=[N+](C)c3ccccc3C2(C)C)cc1,,,1,,,,train
CCN(CC)c1ccc(C(c2ccc(N(CC)CC)cc2)c2ccc(S(=O)(=O)O)cc2S(=O)(=O)O)cc1,,,1,,,,train
CCN(CC)c1ccc2c(C)cc(=O)oc2c1,,,1,,,,train
CCN(CC)c1ccc2cc(-c3n(C)c4ccccc4[n+]3C)c(=O)oc2c1,,,1,,,,valid
CCN(CCCl)c1ccc(C=O)cc1,,,1,,,,train
CCN(CCO)CCCC(C)N,,,1,,,,train
CCN(Cc1cccc(S(=O)(=O)O)c1)c1ccc(C(c2ccc(N(CC)Cc3cccc(S(=O)(=O)O)c3)cc2)c2ccc(O)cc2S(=O)(=O)O)cc1,,,1,,,,train
CCN1CCCCC1,,,1,,,,train
CCN1CCOCC1,,,1,,,,test
CCNC(=O)C(=O)OC1CC(C)CCC1C(C)C,,,1,,,,train
CCNC(=O)C1CC(C)CCC1C(C)C,,,1,,,,train
CCNC(=S)NCC,,,0,,,,train
CCNCCO,,,1,,,,train
C=C(OCC)C1C(C)(C)CC(=O)CC1(C)C,,,1,,,,valid
CCOC(=O)C(C)C,,,0,,,,train
CCOC(=O)C(C)O,,,0,,,,train
CCOC(=O)C(Cl)C(C)=O,,,1,,,,train
CCOC(=O)C(O)C(O)C(=O)OCC,,,0,,,,train
CCOC(=O)C12CCCC1C1CCC2C1,,,1,,,,test
CCOC(=O)C1=C(C)C=CCC1(C)C,,,1,,,,train
CCOC(=O)C1CCC(C)CC1=O,,,1,,,,train
CCOC(=O)C1CCC(C(=O)OCC)CC1,,,1,,,,train
CCOC(=O)C=Cc1ccccc1,,,1,,,,train
CCOC(=O)CC(C)C,,,0,,,,valid
CCOC(=O)CCSP(=S)(OC(C)C)OC(C)C,,,1,,,,train
CCOC(=O)CNC(=O)C1CC(C)CCC1C(C)C,,,1,,,,train
CCOC(=O)Cc1ccccc1,,,1,,,,train
CCOC(=O)N(CC)c1ccccc1,,,1,,,,train
CCOC(=O)N(c1ccccc1)c1ccccc1,,,1,,,,test
CCOC(=O)NS(=O)(=O)c1ccc(C)cc1,,,1,,,,train
CCOC(=O)c1ccc(O)c(O)c1,,,1,,,,train
CCOC(=O)c1ccc(N(C)C)cc1,,,1,,,,train
CCOC(=O)c1ccccc1,,,1,,,,train
CCOC(=O)c1ccccc1O,,,1,,,,valid
CCOC(=O)c1nn(-c2ccc(OC)cc2)c2c1CCN(c1ccc(N3CCCCC3=O)cc1)C2=O,,,1,,,,train
CCOC(C)(C)CC,,,0,,,,train
C=CC(C)(CCC=C(C)C)OC(C)OCC,,,1,,,,train
CCOC(C)OCCc1ccccc1,,,1,,,,train
CCOC1C(C)CCCC1C,,,1,,,,test
CCOC1CC(C)CC(C)(C)C1,,,1,,,,train
C=COCC,,,1,,,,train
CCOCCC(=O)OCC,,,1,,,,train
CCOCCO,,,0,,,,train
CCOCCOC(C)=O,,,0,,,,valid
CCOP(=S)(OCC)Oc1ccc(=O)n(-c2ccccc2)n1,,,1,,,,train
CCOP(=S)(OCC)SCn1c(=O)oc2cc(Cl)ccc21,,,1,,,,train
CCOc1ccc(CC(CNCCN)NC(=O)OCc2ccccc2)cc1,,,1,,,,train
CCOc1ccc(C(=O)O)cc1,,,0,,,,train
CCOc1ccccc1C(=N)N,,,1,,,,test
CCOc1ccccc1C(=O)O,,,1,,,,train
CCSSCC,,,1,,,,train
CCc1cc(C(C)(C)C)c(O)c(C(C)(C)C)c1,,,1,,,,train
CCc1ccc(C)nc1,,,1,,,,train
CCc1ccc(CC)cc1,,,1,,,,valid
CCc1cccc(C)c1N,,,1,,,,train
CCc1cccc2c(CCO)c[nH]c12,,,1,,,,train
CCc1ccccc1,,,1,,,,train
CCc1occc(=O)c1O,,,1,,,,train
CCn1cc[n+](C)c1,,,1,,,,test
CN(C(=O)N(C)c1ccccc1)c1ccccc1,,,1,,,,train
CN(C)C(=O)Nc1ccc(Cl)c(Cl)c1,,,1,,,,train
CN(C)C(=O)Nc1cccc(C(F)(F)F)c1,,,1,,,,train
CN(C)C(C)(C)CO,,,0,,,,train
CN(C)C12CC3CC(CC(C3)C1)C2,,,1,,,,valid
CN(C)C1C(=O)C(=C(N)O)C(=O)C2(O)C(=O)C3=C(O)c4c(O)ccc(Cl)c4C(C)(O)C3CC12,,,1,,,,train
CN(C)C1C(=O)C(=C(N)O)C(=O)C2(O)C(=O)C3=C(O)c4c(O)cccc4C(C)(O)C3CC12,,,1,,,,train
CN(C)C1CCCCC1,,,1,,,,train
CN(C)CCCN,,,1,,,,train
CN(C)CCCN(C)CCCN(C)C,,,1,,,,test
CN(C)CCCN(CCCN(C)C)CCCN(C)C,,,1,,,,train
C=C(C)C(=O)NCCCN(C)C,,,1,,,,train
CN(C)CCCNC1CC(C)(C)NC(C)(C)C1,,,1,,,,train
CN(C)CCCNCCCN,,,1,,,,train
CN(C)CCN1CCN(C)CC1,,,1,,,,valid
CN(C)CCOCCN(C)C,,,1,,,,train
CN(C)CCOCCN(C)CCOCCN(C)C,,,1,,,,train
CN(C)CCOCCO,,,0,,,,train
CN(C)Cc1cc(CN(C)C)c(O)c(CN(C)C)c1,,,1,,,,train
CN(C)c1ccc(C=O)cc1,,,1,,,,test
CN(C)c1ccc(C(O)(c2ccc(N(C)C)cc2)c2ccc(N(C)C)cc2)cc1,,,1,,,,train
CN(C)c1ccc(C(c2ccccc2)c2ccc(N(C)C)cc2)cc1,,,1,,,,train
CN(C=O)c1ccccc1,,,1,,,,train
CN(CC=CC#CC(C)(C)C)Cc1cccc2ccccc12,,,1,,,,train
CN(CCCN)CCCN,,,1,,,,valid
CN1CCC(Cl)CC1,,,1,,,,train
CN1CCCC1,,,0,,,,train
CN1CCCC1c1cccnc1,,,1,,,,train
CN1CCCCC1CCO,,,1,,,,train
CNC(=S)NN,,,1,,,,test
CNC(C)C(O)c1ccccc1,,,1,,,,train
CNC(C)c1cccc(O)c1,,,1,,,,train
CNC=O,,,0,,,,train
CNCCO,,,1,,,,train
CNCCOCCN(C)C,,,1,,,,valid
CNc1ccccc1,,,1,,,,train
CNc1ccccc1C(=O)OC,,,0,,,,train
CNc1ncnc2nc[nH]c12,,,1,,,,train
COC(=O)C(=Cc1ccc(OC)cc1)C(=O)OC,,,1,,,,train
COC(=O)C(C)(C)c1ccc(Br)cc1,,,1,,,,test
C=C(C)C(=O)OC,,,1,,,,train
COC(=O)C(C)N(C(=O)Cc1ccccc1)c1c(C)cccc1C,,,1,,,,train
C=C(F)C(=O)OC,,,1,,,,train
COC(=O)C1C(C)=CCCC1(C)C,,,1,,,,train
COC(=O)C1CC2(C(C)C)C=CC1(C)CC2,,,1,,,,valid
COC(=O)C=CC(=O)OC,,,1,,,,train
COC(=O)C=Cc1ccccc1,,,1,,,,train
COC(=O)CC1CCCCC1,,,1,,,,train
COC(=O)CCCCCCCCC(=O)OC,,,1,,,,train
COC(=O)Cc1ccccc1,,,1,,,,test
COC(=O)c1ccc(C(=O)OC)c(N)c1,,,1,,,,train
COC(=O)c1ccc(C(=O)OC)c(C(=O)OC)c1,,,1,,,,train
COC(=O)c1ccc(C(=O)OC)cc1,,,1,,,,train
COC(=O)c1cccc(C(=O)OC)c1,,,1,,,,train
COC(=O)c1ccccc1C(=O)c1ccccc1,,,1,,,,valid
COC(=O)c1ccccc1O,,,1,,,,train
COC(=O)c1nc(Cl)c(Cl)nc1N,,,1,,,,train
COC(C)(C)C1CC=C(C)CC1,,,1,,,,train
COC(C)(C)CC(C)(C#N)N=NC(C)(C#N)CC(C)(C)OC,,,1,,,,train
COC(Cc1ccccc1)OC,,,1,,,,test
COC1(OC)CCC2=C(CCC3C2CCC2(C)C(=O)CCC32)C1,,,1,,,,train
COC1=CCC2=C(CCC3C2CCC2(C)C3CCC2(O)C#N)C1,,,1,,,,train
COC1=Cc2ccccc2Nc2ccccc21,,,1,,,,train
COC1CC(C)CCC1C(C)C,,,1,,,,train
COC1CCCCCCCCCCC1,,,1,,,,valid
C=COC,,,1,,,,train
COCC(=O)N(c1c(C)cccc1C)C(C)C(=O)OC,,,1,,,,train
COCC(C)OC(C)=O,,,0,,,,train
COCC(=O)O,,,1,,,,train
COCCCN,,,1,,,,test
COCCOC,,,0,,,,train
COCc1ccc(-c2ccc(COC)cc2)cc1,,,1,,,,train
COP(=O)(CCC(=O)NCO)OC,,,0,,,,train
COS(=O)(=O)c1ccc(C)cc1,,,1,,,,train
COc1cc(Br)c(C=O)cc1O,,,1,,,,valid
COc1cc(Br)c2c3c1OC1CC(=O)C=C(CCN(C)C2)C31,,,1,,,,train
COc1cc(C=O)ccc1O,,,0,,,,train
C=CCc1ccc(O)c(OC)c1,,,1,,,,train
COc1cc(OC)nc(NC(=O)NS(=O)(=O)c2ncccc2C(F)(F)F)n1,,,0,,,,train
COc1cc([N+](=O)[O-])c(OC)cc1Cl,,,1,,,,test
COc1cc(C#N)ccc1C=O,,,1,,,,train
COc1cc([N+](=O)[O-])ccc1N,,,1,,,,train
COc1ccc(C=O)cc1OC,,,1,,,,train
COc1ccc(CC(C)=O)cc1,,,0,,,,train
COc1ccc(CC(C)C=O)cc1,,,1,,,,valid
COc1ccc(CC(=O)O)cc1,,,0,,,,train
COc1ccc(CO)cc1,,,0,,,,train
COc1ccc(COC(C)=O)cc1,,,1,,,,train
COc1ccc(O)cc1,,,1,,,,train
COc1ccc(OC)cc1,,,1,,,,test
COc1ccc(C(=O)CSc2cccc(OC)c2)cc1,,,1,,,,train
COc1ccc(C(C)=O)cc1,,,1,,,,train
COc1ccc2ccccc2c1,,,1,,,,train
COc1cccc(C(C)=O)c1,,,1,,,,train
COc1ccccc1,,,1,,,,valid
COc1ccccc1C(=O)O,,,1,,,,train
COc1ccccc1N,,,1,,,,train
CP(=O)(Oc1ccccc1)Oc1ccccc1,,,1,,,,train
CS,,,1,,,,train
CS(=O)(=O)OCC1COC(Cn2ccnc2)(c2ccc(Cl)cc2Cl)O1,,,1,,,,test
CS(=O)(=O)OCC1COC(Cn2cncn2)(c2ccc(Cl)cc2Cl)O1,,,1,,,,train
CSC(=O)c1cccc2nnsc12,,,1,,,,train
CSc1c(C)cc(O)cc1C,,,1,,,,train
C=CC(=O)OCCOC(=O)Nc1cccc(SC)c1,,,1,,,,train
CSc1nnc(C(C)(C)C)c(=O)n1N=CC(C)C,,,1,,,,valid
C=CC(=O)NCCC[N+](C)(C)C,,,1,,,,train
C[N+](C)(CC[N+](C)(C)CC(O)COCC(F)(F)C(F)F)CC(O)COCC(F)(F)C(F)F,,,1,,,,train
C[N+](C)=C1OCCC1(c1ccccc1)c1ccccc1,,,1,,,,train
C[N+]1(Cc2ccccc2)C=CC=CC1,,,1,,,,train
Cc1c(Br)c(Br)c(Br)c(Br)c1Br,,,1,,,,test
Cc1cc(C)c(N)c(C)c1N,,,0,,,,train
Cc1cc(C)c(N)c(S(=O)(=O)O)c1,,,1,,,,train
Cc1cc(C)cc(C(=O)Cl)c1,,,1,,,,train
Cc1cc(Cc2cc(C)cc(C(C)(C)C)c2O)c(O)c(C(C)(C)C)c1,,,1,,,,train
Cc1cc(Cl)ccc1Cl,,,1,,,,valid
Cc1cc(O)ccc1Cl,,,1,,,,train
Cc1cc(C(C)(C)C)c(O)c(C(C)(C)C)c1,,,1,,,,train
Cc1cc(C(C)(C)c2cc(C)c(O)c(C)c2)cc(C)c1O,,,1,,,,train
Cc1cc(S(=O)(=O)O)ccc1N,,,0,,,,train
Cc1cc([N+](=O)[O-])ccc1N,,,1,,,,test
Cc1cc2c(cc1C)N(CC(O)C(O)C(O)CO)C1NC(=O)NC(=O)C1N2,,,1,,,,train
C=Cc1ccc(C)cc1,,,1,,,,train
Cc1ccc(C=O)cc1C,,,1,,,,train
Cc1ccc(Cl)c(Cl)c1,,,1,,,,train
Cc1ccc(Cl)cc1C,,,1,,,,valid
Cc1ccc(Cl)cc1Cl,,,1,,,,train
Cc1ccc(N)c(C)c1,,,1,,,,train
Cc1ccc(N)c(Cl)c1O,,,1,,,,train
Cc1ccc(N)c(S(=O)(=O)O)c1,,,1,,,,train
Cc1ccc(N)cc1O,,,1,,,,test
Cc1ccc(N2C(=O)c3cccc4c(N)ccc(c34)C2=O)c(C)c1,,,1,,,,train
Cc1ccc(C(=O)CC(=O)C(F)(F)F)cc1,,,1,,,,train
Cc1ccc(S(=O)(=O)CNC=O)cc1,,,1,,,,train
Cc1ccc(S(=O)(=O)NC(=O)Nc2cccc(OS(=O)(=O)c3ccc(C)cc3)c2)cc1,,,1,,,,train
Cc1ccc(S(=O)(=O)NCCCCCC(=O)O)cc1,,,0,,,,valid
Cc1ccc(S(=O)(=O)NN)cc1,,,1,,,,train
Cc1ccc(S(N)(=O)=O)cc1,,,0,,,,train
Cc1ccc(C(=O)O)cc1[N+](=O)[O-],,,0,,,,train
Cc1ccc(S(C)(=O)=O)cc1[N+](=O)[O-],,,1,,,,train
Cc1ccc2cc(C)ccc2c1,,,1,,,,test
Cc1cccc(C)c1C,,,1,,,,train
Cc1cccc(C)c1N,,,1,,,,train
Cc1cccc(C)c1OS(=O)(=O)c1ccc(O)cc1,,,1,,,,train
Cc1cccc(CC(C)(C)CO)c1,,,1,,,,train
Cc1cccc(Cl)c1,,,1,,,,valid
Cc1cccc(O)c1C,,,1,,,,train
Cc1cccc(S(=O)(=O)O)c1C,,,1,,,,train
Cc1cccc2sc(N)nc12,,,1,,,,train
Cc1ccccc1NC(=N)Nc1ccccc1C,,,1,,,,train
Cc1cn(-c2cc(N)cc(C(F)(F)F)c2)cn1,,,1,,,,test
Cc1coc2ccc(O)cc12,,,1,,,,train
Cc1nc2ccccn2c(=O)c1CCCl,,,1,,,,train
Cc1ncc(CN)c(N)n1,,,1,,,,train
Cc1ncc(CO)c(CO)c1O,,,1,,,,train
Cc1ncc([N+](=O)[O-])n1CCO,,,1,,,,valid
Cc1nccn1C,,,1,,,,train
Cc1occc(=O)c1O,,,1,,,,train
C=CC(=C)Cl,,,1,,,,train
ClC(Cl)C(Cl)(Cl)Cl,,,1,,,,train
ClC(Cl)C(Cl)Cl,,,1,,,,test
ClC=CCl,,,1,,,,train
ClCC(Cl)(Cl)Cl,,,1,,,,train
ClCC(Cl)CCl,,,0,,,,train
ClCC(Cl)Cl,,,1,,,,train
ClCCCCCCCl,,,1,,,,valid
ClCCCCl,,,0,,,,train
O=c1[nH]c2ccccc2n1CCCCl,,,1,,,,train
O=c1[nH]c2ccccc2c(=O)n1CCCl,,,1,,,,train
ClCc1ccc(CCl)cc1,,,1,,,,train
ClCc1ccc(-c2ccc(CCl)cc2)cc1,,,1,,,,test
Clc1cc(Cl)cc(Cl)c1,,,1,,,,train
Clc1cc(Cl)ncn1,,,1,,,,train
O=Cc1ccc(Cl)cc1,,,1,,,,train
Clc1ccc(Oc2cccc(Cl)c2)cc1,,,1,,,,train
O=c1ccn(-c2ccc(Cl)cc2)[nH]1,,,1,,,,valid
N#Cc1ccc(Cl)cc1,,,1,,,,train
O=c1[nH]c2cc(Cl)ccc2n1C1CCNCC1,,,1,,,,train
Clc1cccc(Cl)c1,,,1,,,,train
Clc1cccc(Cl)c1Nc1ccccc1,,,1,,,,train
Clc1cccc2ccccc12,,,1,,,,test
Clc1ccccc1,,,1,,,,train
O=C(c1ccccc1Cl)C1CCCC1,,,1,,,,train
O=Cc1ccccc1Cl,,,1,,,,train
Clc1ccccc1Cl,,,1,,,,train
Clc1ccccc1NNc1ccccc1Cl,,,1,,,,valid
Cn1cc(C(=O)O)c(C(F)F)n1,,,1,,,,train
Cn1cc[n+](C)c1N=Nc1ccc(N)cc1,,,1,,,,train
Cn1ccnc1,,,0,,,,train
O=C(OC(=O)C(F)(F)F)C(F)(F)F,,,1,,,,train
FC(F)(F)C=CC(F)(F)F,,,1,,,,test
FC(F)(F)COc1cccnc1Cl,,,1,,,,train
FC(F)(F)c1cccc(C(F)(F)F)c1,,,1,,,,train
FC1(F)COC1(F)F,,,1,,,,train
O=C1OCC(F)O1,,,1,,,,train
Fc1cc(Br)cc(F)c1F,,,1,,,,valid
O=C(c1ccc(F)cc1)C1CCNCC1,,,1,,,,train
O=C(CCCCl)c1ccc(F)cc1,,,1,,,,train
O=C(c1ccc(F)cc1)c1ccc(F)cc1,,,1,,,,train
Fc1ccc(C(c2ccc(F)cc2)N2CCNCC2)cc1,,,1,,,,train
Fc1ccc2c(c1)CCC(C1CO1)O2,,,1,,,,test
Fc1ccc2c(C3CCNCC3)noc2c1,,,1,,,,train
N#CC(c1ccccc1)c1ccccc1,,,1,,,,train
N#CC1(N2CCCCC2)CCN(Cc2ccccc2)CC1,,,1,,,,train
N#CCCNCCCCCCNCCC#N,,,1,,,,train
N#[N+]c1ccc(Nc2ccccc2)cc1,,,1,,,,valid
c1ccc(Nc2ccc(Nc3ccccc3)cc2)cc1,,,1,,,,train
N=C(Nc1ccccc1)Nc1ccccc1,,,1,,,,train
N#CNC(=N)N,,,0,,,,train
N=C(N)NC(=N)NCCCCCCNC(=N)NC(=Nc1ccc(Cl)cc1)Nc1ccc(Cl)cc1,,,1,,,,train
N#Cc1ccc(NC(=N)N)cc1,,,1,,,,test
N=C(N)S(=O)O,,,1,,,,train
NC(=O)CCl,,,1,,,,train
NC(=O)c1ccccc1N,,,1,,,,train
NC(CC(=O)O)C(=O)O,,,1,,,,train
NC(CO)CO,,,0,,,,valid
NC(CS)C(=O)O,,,1,,,,train
NC(Cc1ccc(O)cc1)C(=O)O,,,1,,,,train
NC(Cc1cnc[nH]1)C(=O)O,,,0,,,,train
N#CN=C(N)N,,,0,,,,train
NC(=O)N=C(N)N,,,1,,,,test
NC12CC3CC(CC(C3)C1)C2,,,1,,,,train
NC1=C(Cl)C(=O)c2ccccc2C1=O,,,1,,,,train
NC=O,,,0,,,,train
NCC1C2CCC(C2)C1CN,,,1,,,,train
NCC1CCCC(CN)C1,,,1,,,,valid
NCCC(=O)NC(Cc1cnc[nH]1)C(=O)O,,,1,,,,train
NCCCCCCCCCCC(=O)O,,,1,,,,train
NCCCCCCCCCCN,,,1,,,,train
NCCCNC1CCCCC1,,,1,,,,train
C=COCCCN,,,1,,,,test
NCCCn1ccnc1,,,1,,,,train
NCCOCCN,,,1,,,,train
NCCS,,,1,,,,train
NN1CC2CCCC2C1,,,1,,,,train
NNC(=O)C(N)CO,,,1,,,,valid
NNC(=O)CCCCC(=O)NN,,,1,,,,train
NNC(=O)NN,,,1,,,,train
NNC(N)=O,,,1,,,,train
NP(N)(=O)Nc1ccccc1[N+](=O)[O-],,,1,,,,train
NS(=O)(=O)c1ccc(NC(=S)Nc2ccc(F)cc2)cc1,,,1,,,,test
NS(=O)(=O)c1ncccc1C(F)(F)F,,,0,,,,train
Nc1c(OCCO)nn2ccccc12,,,1,,,,train
Nc1cc(=O)nc(N)[nH]1,,,0,,,,train
Nc1cc(Cl)ccc1Oc1ccc(Cl)cc1Cl,,,1,,,,train
Nc1cc([N+](=O)[O-])cc(Cl)c1O,,,1,,,,valid
Nc1cc(S(=O)(=O)O)cc2cccc(S(=O)(=O)O)c12,,,0,,,,train
Nc1ccc(Br)c(C(F)(F)F)c1,,,1,,,,train
Nc1ccc(CCNCC(O)c2ccccc2)cc1,,,1,,,,train
Nc1ccc(Cc2ccc(N)c(Cl)c2)cc1Cl,,,1,,,,train
Nc1ccc(Cl)c(S(=O)(=O)O)c1,,,1,,,,test
Nc1ccc(Cl)cc1Cl,,,1,,,,train
Nc1ccc(F)cc1F,,,1,,,,train
Nc1ccc(N)c(S(=O)(=O)O)c1,,,0,,,,train
Nc1ccc(O)c(Cc2cc(N)ccc2O)c1,,,1,,,,train
Nc1ccc(OCCO)c(N)c1,,,1,,,,valid
Nc1ccc(Oc2cccc(Oc3ccc(N)cc3)c2)cc1,,,1,,,,train
Nc1ccc(S(=O)(=O)O)c(N)c1,,,0,,,,train
Nc1ccc(C(F)(F)F)cc1,,,1,,,,train
Nc1ccc(S(=O)(=O)c2ccc(N)cc2)cc1,,,1,,,,train
Nc1ccc(S(=O)(=O)O)cc1,,,1,,,,test
Nc1ccc(S(=O)(=O)O)cc1N,,,1,,,,train
Nc1ccc2[nH]c(=O)[nH]c2c1,,,1,,,,train
Nc1ccc2c(S(=O)(=O)O)cc(S(=O)(=O)O)cc2c1,,,0,,,,train
Nc1cccc(C(F)(F)F)c1,,,1,,,,train
Nc1ccccc1-c1cc(F)c(F)c(F)c1,,,1,,,,valid
Nc1ccccc1F,,,1,,,,train
Nc1cnn(CCO)c1N,,,1,,,,train
Nc1nc(=S)[nH][nH]1,,,0,,,,train
Nc1nc[nH]n1,,,1,,,,train
Nc1ncccc1O,,,1,,,,test
Nc1ncnc2[nH]cnc12,,,1,,,,train
Nc1nn[nH]n1,,,1,,,,train
O=C(c1ccccc1)C1CCCCC1,,,1,,,,train
O=C(Cc1ccccc1)OCc1ccccc1,,,1,,,,train
O=C(OC1CCCCC1)c1ccccc1C(=O)OC1CCCCC1,,,1,,,,valid
O=C(OCCCc1ccccc1)c1ccccc1,,,1,,,,train
O=C(OCCc1ccccc1)c1ccccc1,,,1,,,,train
O=C1CCCC(=O)C1,,,1,,,,train
O=C1CCCCCCCCCCC(=O)OCCO1,,,1,,,,train
O=C1CCCCCCCCCCC1,,,1,,,,test
O=C1CCCCCCCCCCCN1,,,0,,,,train
O=C1CCCCCCCCCCOCCCCO1,,,1,,,,train
O=C1CCCCCCCCCOCCCCCO1,,,1,,,,train
O=C1CCN(Cc2ccccc2)CC1,,,0,,,,train
O=C1CCN(c2ccccc2)N1,,,1,,,,valid
O=C1Cc2ccccc2O1,,,1,,,,train
O=C1NC(=O)c2ccccc21,,,0,,,,train
O=C1OC(=O)C2CC=CCC12,,,1,,,,train
O=C1OC(=O)C2CCCCC12,,,1,,,,train
O=C1c2ccccc2C(=O)c2ccccc21,,,1,,,,test
O=CC1CCC2C3CCC(C3)C12,,,1,,,,train
O=CC=Cc1ccccc1,,,1,,,,train
O=CCc1ccccc1,,,1,,,,train
O=Cc1ccc(C=O)cc1,,,1,,,,train
O=Cc1ccc2c(c1)OCO2,,,1,,,,valid
O=Cc1ccccc1,,,1,,,,train
O=Cc1ccccn1,,,1,,,,train
O=C(O)C(CCBr)(c1ccccc1)c1ccccc1,,,1,,,,train
O=C(O)C(F)(F)F,,,0,,,,train
O=C(O)C1CCC(C(=O)O)CC1,,,1,,,,test
O=C(O)CC(=O)C(=O)O,,,1,,,,train
O=C(O)CCC(=O)C(=O)O,,,1,,,,train
O=C(O)CCC(=O)O,,,1,,,,train
O=C(O)CCC1(CCC(=O)O)CCCC(CCC(=O)O)(CCC(=O)O)C1=O,,,1,,,,train
O=C(O)CCCC(=O)O,,,0,,,,valid
O=C(O)CCCCC1CCSS1,,,1,,,,train
O=C(O)CCCl,,,1,,,,train
O=C(O)CCS,,,1,,,,train
O=C(O)CNCCNCC(=O)O,,,0,,,,train
O=C(O)COc1ccc2sc3ccccc3c(=O)c2c1,,,1,,,,test
O=C(O)CS,,,1,,,,train
O=C(O)CSc1nc2ccccc2s1,,,1,,,,train
O=C(O)Cc1ccc(O)cc1,,,0,,,,train
O=C(O)Cc1ccc([N+](=O)[O-])cc1,,,1,,,,train
O=C(O)c1cc(=O)c2cccc(O)c2[nH]1,,,1,,,,valid
O=C(O)c1cc(C(=O)O)cc(C(=O)O)c1,,,1,,,,train
O=C(O)c1ccc(NC(=O)c2ccc(Cl)cc2)cc1,,,1,,,,train
O=C(O)c1ccc(C(=O)O)cc1,,,1,,,,train
O=C(O)c1ccccc1C1c2cc(Br)c(O)c(Br)c2OC2C(Br)C(=O)C(Br)CC12,,,1,,,,train
O=C(O)c1ccccn1,,,1,,,,test
O=S(=O)(O)C(O)CCCC(O)S(=O)(=O)O,,,1,,,,train
OC(CNCc1ccccc1)C1CCc2cc(F)ccc2O1,,,1,,,,train
C=CC(=O)OCC(O)COCCCCOCC(O)COC(=O)C=C,,,1,,,,train
O=C(O)O,,,0,,,,train
OC(c1ccccc1)c1nc2ccccc2[nH]1,,,1,,,,valid
O=C(c1ccccc1)C1(O)CCCCC1,,,1,,,,train
OC1(c2ccc(Cl)cc2)CCNCC1,,,1,,,,train
O=C1C2=C(O)CCC(O)=C2C(=O)c2ccccc21,,,1,,,,train
OC1CCNCC1,,,0,,,,train
O=CC1=C(Cl)C(=CO)CCC1,,,1,,,,test
O=C(O)CO,,,1,,,,train
OCC1COC(Cn2ccnc2)(c2ccc(Cl)cc2Cl)O1,,,1,,,,train
OCC1OC(OC2OC(CO)C(O)C(O)C2O)C(O)C(O)C1O,,,1,,,,train
C=CCO,,,1,,,,train
OCCCCCCCl,,,1,,,,valid
C=COCCCCO,,,1,,,,train
O=[N+]([O-])c1cc(O)ccc1NCCCO,,,1,,,,train
OCCCc1ccccc1,,,0,,,,train
C=CCCCCCCCCC(=O)N(CCO)CCO,,,1,,,,train
OCCN(CCO)C1CCCCC1,,,1,,,,test
OCCN1CCCCC1,,,1,,,,train
OCCNc1ccccc1,,,0,,,,train
O=[N+]([O-])c1ccccc1NCCO,,,1,,,,train
OCCOc1ccc2ccccc2c1,,,1,,,,train
O=c1n(CCO)c(=O)n(CCO)c(=O)n1CCO,,,0,,,,valid
O=C(NCO)NCO,,,1,,,,train
OCc1ccc(Br)cc1,,,1,,,,train
OCc1ccc(Cl)cc1Cl,,,1,,,,train
ON=Cc1ccccn1,,,1,,,,train
O=S(=O)(O)C(F)(F)F,,,1,,,,test
[N-]=[N+]=C1C=C(S(=O)(=O)O)c2ccccc2C1=O,,,1,,,,train
[N-]=[N+]=C1C=Cc2c(cccc2S(=O)(=O)O)C1=O,,,1,,,,train
O=S(=O)(O)c1ccccc1,,,1,,,,train
O=S(=O)(O)c1ccccc1C=Cc1ccc(-c2ccc(C=Cc3ccccc3S(=O)(=O)O)cc2)cc1,,,1,,,,train
O=C1C=CC(=Nc2cc(Cl)c(O)c(Cl)c2)C=C1,,,1,,,,valid
O=Cc1cc(O)c(O)c([N+](=O)[O-])c1,,,1,,,,train
Oc1cc(Cl)cc(Br)c1,,,1,,,,train
Oc1cc(Cl)cc(Cl)c1,,,1,,,,train
O=C(c1ccccc1)c1ccc(O)c(O)c1O,,,1,,,,train
C=Cc1ccc(O)c(C=C)c1,,,1,,,,test
O=Cc1ccc(O)cc1,,,1,,,,train
Oc1ccc(Cl)c(O)c1,,,1,,,,train
O=c1c(O)c(-c2ccc(O)cc2O)oc2cc(O)cc(O)c12,,,1,,,,train
Oc1ccc(C2(c3ccc(O)cc3)CCCCC2)cc1,,,1,,,,train
Oc1ccc(C2CCCCC2)cc1,,,1,,,,valid
O=C1NC(=O)C(c2ccc(O)cc2)N1,,,1,,,,train
C=CCN1CCC23c4c5ccc(O)c4OC2C(=O)CCC3(O)C1C5,,,1,,,,train
O=C(OCc1ccccc1)c1ccccc1O,,,1,,,,train
Oc1nc(Cl)c(Cl)cc1Cl,,,1,,,,train
On1nnc2ccccc21,,,1,,,,test
c1ccc(SSc2ccccc2)cc1,,,1,,,,train
S=C(Nc1ccccc1)Nc1ccccc1,,,1,,,,train
S=c1[nH]c(=S)[nH]c(=S)[nH]1,,,1,,,,train
S=c1[nH]nc(SSc2n[nH]c(=S)s2)s1,,,1,,,,train
SC1CCCCC1,,,1,,,,valid
O=C(CS)OCC(COC(=O)CS)(COC(=O)CS)COC(=O)CS,,,1,,,,train
O=C(CS)OCCOC(=O)CS,,,1,,,,train
O=C(CCS)OCCOC(=O)CCS,,,1,,,,train
O=C(CCS)OCCn1c(=O)n(CCOC(=O)CCS)c(=O)n(CCOC(=O)CCS)c1=O,,,1,,,,train
Sc1ccccc1Cl,,,1,,,,test
Sc1nc2ccccc2s1,,,1,,,,train
[C-]#[C-],,,1,,,,train
O=[N+]([O-])c1c(Cl)c(Cl)c(Cl)c(Cl)c1Cl,,,1,,,,train
O=[N+]([O-])c1cc(Cl)c(OC(F)(F)C(F)C(F)(F)F)cc1Cl,,,1,,,,train
O=[N+]([O-])c1cc(Cl)ccc1Cl,,,1,,,,valid
O=[N+]([O-])c1ccc(Cl)cc1Cl,,,1,,,,train
O=[N+]([O-])c1ccc2c3c(cccc13)-c1ccccc1-2,,,1,,,,train
O=[N+]([O-])c1cccc(Cl)c1,,,1,,,,train
c1cc2ccc3cccc4ccc(c1)c2c34,,,1,,,,train
c1ccc(-c2cccc(-c3ccccc3)c2)cc1,,,1,,,,test
c1ccc(-c2ccccc2-c2ccccc2)cc1,,,1,,,,train
c1ccc2[nH]nnc2c1,,,1,,,,train
c1ccc2c(c1)[nH]c1ccccc12,,,1,,,,train
c1ccc2c3c(ccc2c1)-c1cccc2cccc-3c12,,,1,,,,train
c1ccccc1,,,1,,,,valid
c1ccoc1,,,1,,,,train
c1ccc2[nH]cnc2c1,,,1,,,,train
c1ccc2scnc2c1,,,1,,,,train
c1nc[nH]n1,,,1,,,,train
N=C(N)N,,,1,,,,test
CC1CC2C3CCC4=CC(=O)C=CC4(C)C3(F)C(O)CC2(C)C1(O)C(=O)CO,,,1,,,,train
CC(=O)OCC(=O)C1(O)CCC2C3CCC4=CC(=O)CCC4(C)C3C(O)CC21C,,,1,,,,train
CC(=O)OCC(=O)C1(O)CCC2C3CCC4=CC(=O)CCC4(C)C3C(=O)CC21C,,,1,,,,train
CN1C(=O)NC(=O)C(C)(C2=CCCCC2)C1=O,,,1,,,,train
CCOC(=O)C1(c2ccccc2)CCN(C)CC1,,,1,,,,valid
O=P1(N(CCCl)CCCl)NCCCO1,,,1,,,,train
CC12CCC(=O)C=C1CCC1C2C(O)CC2(C)C(C(=O)CO)CCC12,,,1,,,,train
CC12CCC(=O)C=C1CCC1C2C(O)CC2(C)C1CCC2(O)C(=O)CO,,,1,,,,train
CC12C=CC(=O)C=C1CCC1C2C(O)CC2(C)C1CCC2(O)C(=O)CO,,,1,,,,train
CC12CCC3c4ccc(O)cc4CCC3C1CC(O)C2O,,,1,,,,test
CC12CCC3c4ccc(O)cc4CCC3C1CCC2O,,,1,,,,train
Clc1ccc(C(c2ccc(Cl)cc2)C(Cl)(Cl)Cl)cc1,,,1,,,,train
O=C(O)c1c(Cl)cccc1Cl,,,1,,,,train
O=C(O)c1c(Cl)ccc(Cl)c1Cl,,,1,,,,train
CCCCC1C(=O)N(c2ccccc2)N(c2ccccc2)C1=O,,,1,,,,valid
CC(C)[N+](C)(CCOC(=O)C1c2ccccc2Oc2ccccc21)C(C)C,,,1,,,,train
O=C1CCC(N2C(=O)c3ccccc3C2=O)C(=O)N1,,,1,,,,train
COC(=O)C1C(OC(=O)c2ccccc2)CC2CCC1N2C,,,1,,,,train
CCN(CC)C(=O)C1C=C2c3cccc4[nH]cc(c34)CC2N(C)C1,,,1,,,,train
O=C(O)c1c(Cl)cc(Cl)cc1Cl,,,1,,,,test
S=c1nc[nH]c2nc[nH]c12,,,1,,,,train
O=C(O)c1cccc(Cl)c1Cl,,,1,,,,train
CN(C)CCC=C1c2ccccc2CCc2ccccc21,,,1,,,,train
CN(C)CCCN1c2ccccc2CCc2ccccc21,,,1,,,,train
CC12CCC3c4ccc(OC(=O)c5ccccc5)cc4CCC3C1CCC2O,,,1,,,,valid
CSc1ccc2c(c1)N(CCC1CCCCN1C)c1ccccc1S2,,,1,,,,train
CN(C)CCCN1c2ccccc2Sc2ccc(Cl)cc21,,,1,,,,train
Cc1ccc(N(CC2=NCCN2)c2cccc(O)c2)cc1,,,1,,,,train
O=C(Nc1ccc([N+](=O)[O-])cc1Cl)c1cc(Cl)ccc1O,,,1,,,,train
CSc1ncnc2nc[nH]c12,,,1,,,,test
NCCc1c[nH]c2ccc(O)cc12,,,1,,,,train
O=C(O)c1cc(Cl)cc(Cl)c1Cl,,,1,,,,train
O=C(O)c1ccc(Cl)c(Cl)c1Cl,,,1,,,,train
Cc1c2oc3c(C)ccc(C(=O)NC4C(=O)NC(C(C)C)C(=O)N5CCCC5C(=O)N(C)CC(=O)N(C)C(C(C)C)C(=O)OC4C)c3nc-2c(C(=O)NC2C(=O)NC(C(C)C)C(=O)N3CCCC3C(=O)N(C)CC(=O)N(C)C(C(C)C)C(=O)OC2C)c(N)c1=O,,,1,,,,train
O=C(O)c1cc(Cl)ccc1Cl,,,1,,,,valid
O=C1OC(C(O)CO)C(O)=C1O,,,1,,,,train
O=C(O)c1cc(Cl)c(Cl)cc1Cl,,,1,,,,train
O=C(O)c1ccc(Cl)cc1Cl,,,1,,,,train
Cc1cn(C2CC(O)C(CO)O2)c(=O)[nH]c1=O,,,1,,,,train
O=c1[nH]c(=O)n(C2CC(O)C(CO)O2)cc1F,,,1,,,,test
CCCCOCCOCCOCc1cc2c(cc1CCC)OCO2,,,1,,,,train
CCN(CC)CCOC(=O)c1ccc(N)cc1,,,1,,,,train
CCOCCOCCOC(C)Oc1ccc2c(c1)OCO2,,,1,,,,train
C[n+]1ccccc1C=NO,,,1,,,,train
C1CN1c1nc(N2CC2)nc(N2CC2)n1,,,1,,,,valid
O=c1[nH]cc(Br)c(=O)[nH]1,,,1,,,,train
O=c1[nH]cc(F)c(=O)[nH]1,,,1,,,,train
O=C(O)Cc1cc(I)c(Oc2ccc(O)c(I)c2)c(I)c1,,,1,,,,train
O=[N+]([O-])c1ccc(O)c([N+](=O)[O-])c1,,,1,,,,train
O=C(O)C1CC(O)CN1,,,1,,,,test
O=C(O)c1cc(Cl)cc(Cl)c1,,,1,,,,train
O=C(O)c1cc(Cl)c(Cl)c(Cl)c1,,,1,,,,train
NCC(O)c1ccc(O)c(O)c1,,,1,,,,train
CNCC(O)c1ccc(O)c(O)c1,,,1,,,,train
O=C(O)c1ccc(Cl)c(Cl)c1,,,1,,,,valid
NCCc1cnc[nH]1,,,1,,,,train
NC(Cc1cc(I)c(Oc2cc(I)c(O)c(I)c2)c(I)c1)C(=O)O,,,1,,,,train
ClCCN(Cc1ccccc1)Cc1ccccc1,,,1,,,,train
CCCc1cc(=O)[nH]c(=S)[nH]1,,,1,,,,train
CN1C2CCC1CC(OC(=O)C(CO)c1ccccc1)C2,,,1,,,,test
CNC(C)Cc1ccccc1,,,1,,,,train
NCCc1ccc(O)c(O)c1,,,1,,,,train
CC(N)Cc1ccccc1,,,1,,,,train
NC(Cc1ccc(F)cc1)C(=O)O,,,1,,,,train
CN(CCCl)CCCl,,,1,,,,valid
CCOC(N)=O,,,1,,,,train
C[N+](C)(C)CCOC(N)=O,,,1,,,,train
CC(=O)OCC[N+](C)(C)C,,,1,,,,train
CC(=O)SC1CC2=CC(=O)CCC2(C)C2CCC3(C)C(CCC34CCC(=O)O4)C12,,,1,,,,train
S=P(N1CC1)(N1CC1)N1CC1,,,1,,,,test
CC12CCC(=O)C=C1CCC1C2C(O)CC2(C=O)C(C(=O)CO)CCC12,,,1,,,,train
C1CN1P1(N2CC2)=NP(N2CC2)(N2CC2)=NP(N2CC2)(N2CC2)=N1,,,1,,,,train
O=[N+]([O-])C(Br)(CO)CO,,,1,,,,train
COc1ccc(CCN(C)CCCC(C#N)(c2ccc(OC)c(OC)c2)C(C)C)cc1OC,,,1,,,,train
CCOP(=S)(OCC)Oc1cc(C)c(SC)c(C)c1,,,1,,,,valid
COP(=O)(OC)C(O)C(Cl)(Cl)Cl,,,1,,,,train
COP(=S)(OC)Oc1ccc(S(=O)(=O)N(C)C)cc1,,,1,,,,train
O=C(CCCN1CCC(O)(c2ccc(Cl)cc2)CC1)c1ccc(F)cc1,,,1,,,,train
CC12C=CC(=O)C=C1CCC1C2C(=O)CC2(C)C1CCC2(O)C(=O)CO,,,1,,,,train
CC12CCC(=O)C=C1CCC1C2C(=O)CC2(C)C1CCC2(O)C(=O)CO,,,1,,,,test
CC12CCC3c4ccc(O)cc4CCC3C1CCC2=O,,,1,,,,train
Clc1ccc(C(c2ccccc2Cl)C(Cl)Cl)cc1,,,1,,,,train
CC12CCC3C(CCC4CC(O)CCC43C)C1CCC2=O,,,1,,,,train
CC12CCC3C(CC=C4CC(O)CCC43C)C1CCC2=O,,,1,,,,train
CN(C)CCCN1c2ccccc2Sc2ccccc21,,,1,,,,valid
c1ccc2c(c1)ccc1cc3c(ccc4ccccc43)cc12,,,1,,,,train
COc1ccc(CC(N)C(=O)NC2C(CO)OC(n3cnc4c(N(C)C)ncnc43)C2O)cc1,,,1,,,,train
NC(=O)c1ccc[n+](C2OC(COP(=O)(O)OP(=O)(O)OCC3OC(n4cnc5c(N)ncnc54)C(O)C3O)C(O)C2O)c1,,,1,,,,train
COc1ccc2c(c1)c(CC(=O)O)c(C)n2C(=O)c1ccc(Cl)cc1,,,1,,,,train
CC(=O)N(O)c1ccc2c(c1)Cc1ccccc1-2,,,1,,,,test
CCN(CC)CCCC(C)Nc1ccnc2cc(Cl)ccc12,,,1,,,,train
O=c1cnn(C2OC(CO)C(O)C2O)c(=O)[nH]1,,,1,,,,train
Cc1c(O)cc2c(c1C)OC(C)(CCCC(C)CCCC(C)CCCC(C)C)CC2,,,1,,,,train
NS(=O)(=O)c1cc(C(=O)O)c(NCc2ccco2)cc1Cl,,,1,,,,train
CC(C)(C(=O)c1cccnc1)c1cccnc1,,,1,,,,valid
Nc1nc(N)c2nc(CNc3ccc(C(=O)NC(CCC(=O)O)C(=O)O)cc3)cnc2n1,,,1,,,,train
CCC1C(=O)OCC1Cc1cncn1C,,,1,,,,train
NNC(=O)c1ccncc1,,,1,,,,train
O=C1N=C(O)CN1N=Cc1ccc([N+](=O)[O-])o1,,,1,,,,train
C1CCc2nnnn2CC1,,,1,,,,test
CCN(CC)N=O,,,1,,,,train
NC(=O)c1ccccc1,,,1,,,,train
O=C(O)c1ccncc1,,,1,,,,train
COP(=S)(OC)Oc1cc(C)c(SC)c(C)c1,,,1,,,,train
COP(=S)(OC)Oc1ccc(SC)c(C)c1,,,1,,,,valid
CNc1ccc(O)cc1,,,1,,,,train
NC(=NCCCCCCN=C(N)N=C(N)Nc1ccc(Cl)cc1)N=C(N)Nc1ccc(Cl)cc1,,,1,,,,train
O=[N+]([O-])OCC(CO[N+](=O)[O-])O[N+](=O)[O-],,,1,,,,train
CC(C)OP(=O)(F)OC(C)C,,,1,,,,train
CC(CCC(C)OS(C)(=O)=O)OS(C)(=O)=O,,,1,,,,test
CS(=O)(=O)OCCCCOS(C)(=O)=O,,,1,,,,train
Cc1cc(=O)[nH]c(=S)[nH]1,,,1,,,,train
Nc1cc(=O)[nH]c(N)n1,,,1,,,,train
N=C(N)SCCN,,,1,,,,train
NCCSSCCN,,,1,,,,valid
CCOP(=S)(OCC)Oc1ccc([N+](=O)[O-])cc1,,,1,,,,train
Cc1ccc2cc3c(ccc4ccccc43)c3c2c1CC3,,,1,,,,train
C=CC1CN2CCC1CC2C(O)c1ccnc2ccc(OC)cc12,,,1,,,,train
O=[N+]([O-])c1cc[n+]([O-])c2ccccc12,,,1,,,,train
Nc1ncnc2c1ncn2C1OC(COP(=O)(O)OP(=O)(O)OP(=O)(O)O)C(O)C1O,,,1,,,,test
NC(Cc1c[nH]c2ccc(O)cc12)C(=O)O,,,1,,,,train
CCOP(=S)(OCC)Oc1ccc2c(C)c(Cl)c(=O)oc2c1,,,1,,,,train
OCC(O)CO,,,1,,,,train
C[N+](C)(C)Cc1ccccc1,,,1,,,,train
ON=Cc1cc[n+](CCC[n+]2ccc(C=NO)cc2)cc1,,,1,,,,valid
CN(CC(=O)O)C(=N)N,,,1,,,,train
CC(C)(O)C(Cl)(Cl)Cl,,,1,,,,train
CCC1(O)CC2CN(CCc3c([nH]c4ccccc34)C(C(=O)OC)(c3cc4c(cc3OC)N(C=O)C3C(O)(C(=O)OC)C(OC(C)=O)C5(CC)C=CCN6CCC43C65)C2)C1,,,1,,,,train
CN1CCC23c4c5ccc(O)c4OC2C(O)C=CC3C1C5,,,1,,,,train
C=CCN1CCC23c4c5ccc(O)c4OC2C(O)C=CC3C1C5,,,1,,,,test
CC1CN1P(=O)(N1CC1C)N1CC1C,,,1,,,,train
O=C1NC(=O)C(c2ccccc2)(c2ccccc2)N1,,,1,,,,train
CCC1(CC)C(=O)NC(=O)NC1=O,,,1,,,,train
CNC(=O)Oc1ccc2c(c1)C1(C)CCN(C)C1N2C,,,1,,,,train
OCC1OC(OC2(CO)OC(CO)C(O)C2O)C(O)C(O)C1O,,,1,,,,valid
CCCC(C)(COC(N)=O)COC(N)=O,,,1,,,,train
CC(O)CO,,,0,,,,train
C#CC1(O)CCC2C3CCc4cc(O)ccc4C3CCC21C,,,1,,,,train
CCCN(CCC)S(=O)(=O)c1ccc(C(=O)O)cc1,,,1,,,,train
NC(N)=NS(=O)(=O)c1ccc(N)cc1,,,1,,,,test
Cc1cc(C)nc(NS(=O)(=O)c2ccc(N)cc2)n1,,,1,,,,train
CC(=O)C(C)=NO,,,1,,,,train
ClC1=C(Cl)C2(Cl)C3C(Cl)C(Cl)CC3C1(Cl)C2(Cl)Cl,,,1,,,,train
CC(=O)C1CCC2C3CCC4=CC(=O)CCC4(C)C3CCC12C,,,1,,,,train
CCC(=O)OC1CCC2C3CCC4=CC(=O)CCC4(C)C3CCC12C,,,1,,,,valid
CC(C)CCCC(C)C1CCC2C3CC=C4CC(O)CCC4(C)C3CCC12C,,,1,,,,train
Cc1c2ccccc2c(C)c2c1ccc1ccccc12,,,1,,,,train
CN1CCc2cccc3c2C1Cc1ccc(O)c(O)c1-3,,,1,,,,train
CCc1nc(N)nc(N)c1-c1ccc(Cl)cc1,,,1,,,,train
CC12CCC(=O)C=C1CCC1C2CCC2(C)C1CCC2(C)O,,,1,,,,test
CN=C1CN(O)C(c2ccccc2)=c2cc(Cl)ccc2=N1,,,1,,,,train
CNCCCN1c2ccccc2CCc2ccccc21,,,1,,,,train
c1ccc2c(c1)Oc1ccccc1[As]2O[As]1c2ccccc2Oc2ccccc21,,,1,,,,train
C=C(CC)C(=O)c1ccc(OCC(=O)O)c(Cl)c1Cl,,,1,,,,train
Cn1c(=O)c2[nH]cnc2n(C)c1=O,,,1,,,,valid
CN(C)CCOC(c1ccccc1)c1ccccc1,,,1,,,,train
O=C(O)CCCCC1SCC2NC(=O)NC21,,,1,,,,train
ClC1C(Cl)C(Cl)C(Cl)C(Cl)C1Cl,,,1,,,,train
NS(=O)(=O)c1cc2c(cc1Cl)NCNS2(=O)=O,,,1,,,,train
CC(=O)Oc1c(C)c(C)c2c(c1C)CCC(C)(CCCC(C)CCCC(C)CCCC(C)C)O2,,,1,,,,test
O=c1ccn(C2OC(COP(=O)(O)O)C(O)C2O)c(=O)[nH]1,,,1,,,,train
Cc1c(C)c2c(c(C)c1O)CCC(C)(CCCC(C)CCCC(C)CCCC(C)C)O2,,,1,,,,train
CN(Cc1cnc2nc(N)nc(N)c2n1)c1ccc(C(=O)NC(CCC(=O)O)C(=O)O)cc1,,,1,,,,train
CCOc1cc(NC(C)=O)ccc1C(=O)OC,,,1,,,,train
O=c1[nH]c(=O)n(C2CC(O)C(CO)O2)cc1Br,,,1,,,,valid
CCN(CC)C(=O)c1cccnc1,,,1,,,,train
Nc1nc2ncc(CNc3ccc(C(=O)NC(CCC(=O)O)C(=O)O)cc3)nc2c(=O)[nH]1,,,1,,,,train
Nc1ccc(S(=O)(=O)Nc2cnc3ccccc3n2)cc1,,,1,,,,train
CNCC(O)c1cccc(O)c1,,,1,,,,train
Cc1ncc(C[n+]2csc(CCO)c2C)c(N)n1,,,1,,,,test
Cc1ccccc1OCC(O)CO,,,1,,,,train
O=C1Cc2ccccc2N1,,,1,,,,train
O=c1[nH]c2ccccc2o1,,,1,,,,train
CSCCC(N)C(=O)O,,,1,,,,train
OCC(S)CS,,,1,,,,valid
CC(=O)Nc1nnc(S(N)(=O)=O)s1,,,1,,,,train
O=C(O)c1cccnc1,,,1,,,,train
NC(=O)NN=Cc1ccc([N+](=O)[O-])o1,,,1,,,,train
NNc1ccccc1,,,1,,,,train
NC(Cc1ccc(O)c(O)c1)C(=O)O,,,1,,,,test
c1ccc(CC2=NCCN2)cc1,,,1,,,,train
CN(C)C(=O)Oc1cccc([N+](C)(C)C)c1,,,1,,,,train
CN(C)c1ccc(N=Nc2ccccc2)cc1,,,1,,,,train
OCCc1ccccc1,,,1,,,,train
CCCCCC=CCC=CCCCCCCCC(=O)O,,,1,,,,valid
CC(N)=O,,,1,,,,train
CNC(=O)CSP(=S)(OC)OC,,,1,,,,train
Cn1cc[nH]c1=S,,,1,,,,train
O=C(CCc1ccc(O)cc1)c1c(O)cc(O)cc1OC1OC(CO)C(O)C(O)C1O,,,1,,,,train
CC(CN1c2ccccc2Sc2ccccc21)N(C)C,,,1,,,,test
Nc1ncnc2c1ncn2C1OC2COP(=O)(O)OC2C1O,,,1,,,,train
COc1ccc2c(c1)N(CCCN(C)C)c1ccccc1S2,,,1,,,,train
Nc1ncnc2c1ncn2C1OC(COP(=O)(O)O)C(O)C1O,,,1,,,,train
COc1ccc(Cc2nccc3cc(OC)c(OC)cc23)cc1OC,,,1,,,,train
CCN1C(=O)Cc2ccccc21,,,1,,,,valid
O=C(O)Cc1cccc2ccccc12,,,1,,,,train
CC1(C)SC2C(NC(=O)Cc3ccccc3)C(=O)N2C1C(=O)O,,,1,,,,train
CN(C)CCc1c[nH]c2ccccc12,,,1,,,,train
NCCc1c[nH]c2ccccc12,,,1,,,,train
O=C1NCCN1c1ncc([N+](=O)[O-])s1,,,1,,,,test
Cc1cccc(Nc2ccccc2C(=O)O)c1C,,,1,,,,train
CN(C)c1ccc2nc3ccc(=[N+](C)C)cc-3sc2c1,,,1,,,,train
CC[N+](C)(C)Cc1ccccc1Br.Cc1ccc(S(=O)(=O)O)cc1,,,1,,,,train
CC(C)CC(N)C(=O)O,,,1,,,,train
CCOS(C)(=O)=O,,,1,,,,valid
CC(N)=S,,,1,,,,train
CC(C)(N)C(=O)O,,,1,,,,train
CC=C(C)C(=O)OC1CCC2(C)C3CCC4C5(O)CC(O)C6(O)C(CN7CC(C)CCC7C6(C)O)C5(O)CC42OC13O,,,1,,,,train
CCCC(C(=O)OCCN(CC)CC)(c1ccccc1)c1ccccc1,,,1,,,,train
COP(=O)(OC)OC=C(Cl)Cl,,,1,,,,test
CN(C)N=O,,,1,,,,train
CNC(=O)Oc1cccc2ccccc12,,,1,,,,train
O=c1ccn(C2OC(COP(=O)(O)OP(=O)(O)OP(=O)(O)O)C(O)C2O)c(=O)[nH]1,,,1,,,,train
Cc1cccc(NC(N)=O)c1,,,1,,,,train
CNC(=O)Oc1cccc(C(C)C)c1,,,1,,,,valid
NCCc1ccccc1,,,1,,,,train
CCO,,,1,,,,train
O=CO,,,0,,,,train
CC(=O)O,,,1,,,,train
CCOS(=O)(=O)OCC,,,1,,,,test
CC12CCC(=O)C=C1CCC1C2CCC2(C)C(C(=O)CO)CCC12,,,1,,,,train
COc1cc2c(c(OC)c1OC)-c1ccc(OC)c(=O)cc1C(NC(C)=O)CC2,,,1,,,,train
COC(=O)C1C(O)CCC2CN3CCc4c([nH]c5ccccc45)C3CC21,,,1,,,,train
Nc1ccn(C2OC(CO)C(O)C2O)c(=O)n1,,,1,,,,train
Nc1ccc(C(=O)O)c(O)c1,,,1,,,,valid
CN(C)c1ccc2cc3ccc(N(C)C)cc3nc2c1,,,1,,,,train
O=C(O)c1ccccc1,,,1,,,,train
COS(C)(=O)=O,,,1,,,,train
O=C1CC2OCC=C3CN4CCC56c7ccccc7N1C5C2C3CC46,,,1,,,,train
c1cnc2c(c1)ccc1cccnc12,,,1,,,,test
O=c1oc2ccccc2c(O)c1Cc1c(O)c2ccccc2oc1=O,,,1,,,,train
CC1CC(C)C(=O)C(C(O)CC2CC(=O)NC(=O)C2)C1,,,1,,,,train
CN(CC(=O)O)C(N)=NP(=O)(O)O,,,1,,,,train
O=C1CN(N=Cc2ccc([N+](=O)[O-])o2)C(=O)N1,,,1,,,,train
CCSCCC(N)C(=O)O,,,1,,,,valid
O=C(O)CN(CCOCCOCCN(CC(=O)O)CC(=O)O)CC(=O)O,,,1,,,,train
O=C(O)CN(CCN(CC(=O)O)CC(=O)O)CCN(CC(=O)O)CC(=O)O,,,1,,,,train
O=C1OCCN1N=Cc1ccc([N+](=O)[O-])o1,,,1,,,,train
O=Cc1ccc(CO)o1,,,1,,,,train
Cc1cc(C)[nH]n1,,,1,,,,test
O=C1CC(=O)NC(=O)N1,,,1,,,,train
CC(=O)OCC(=O)C1(O)C(OC(C)=O)CC2C3CCC4=CC(=O)C=CC4(C)C3(F)C(O)CC21C,,,1,,,,train
CCN(CC)CCOC(=O)C1(C2CCCCC2)CCCCC1,,,1,,,,train
C=C1CCC(O)CC1=CC=C1CCCC2(C)C1CCC2C(C)CCCC(C)C,,,1,,,,train
CCN(CC)CCOc1ccc(C(O)(Cc2ccc(OC)cc2)c2ccccc2)cc1,,,1,,,,valid
CN1C(=O)C23CC4=CC=CC(O)C4N2C(=O)C1(CO)SS3,,,1,,,,train
Cc1ccc(S(=O)(=O)Nc2ccccc2)cc1,,,1,,,,train
Nc1ccc(S(=O)(=O)Nc2ncccn2)cc1,,,1,,,,train
ClC(Cl)(Cl)c1ccc(C(Cl)(Cl)Cl)cc1,,,1,,,,train
O=c1[nH]cnc2nc[nH]c12,,,1,,,,test
CCN(CC)CCCC(C)Nc1c2ccc(Cl)cc2nc2ccc(OC)cc12,,,1,,,,train
OCC(O)C(O)C(O)C(O)CO,,,1,,,,train
O=C(O)c1cc(SSc2ccc([N+](=O)[O-])c(C(=O)O)c2)ccc1[N+](=O)[O-],,,1,,,,train
OCC1OC(OC2C(CO)OC(O)C(O)C2O)C(O)C(O)C1O,,,1,,,,train
O=c1[nH]c(=O)c2[nH]cnc2[nH]1,,,1,,,,valid
COc1ccccc1OCC1CNC(=O)O1,,,1,,,,train
O=C(CBr)c1ccccc1,,,1,,,,train
NC(CCC(=O)NC(CS)C(=O)NCC(=O)O)C(=O)O,,,1,,,,train
O=C1CCCN1CC#CCN1CCCC1,,,1,,,,train
CN(N=O)C(=N)N[N+](=O)[O-],,,1,,,,test
Oc1c(Cl)cc(Cl)c(Cl)c1Cc1c(O)c(Cl)cc(Cl)c1Cl,,,1,,,,train
O=[N+]([O-])c1ccc(F)c([N+](=O)[O-])c1,,,1,,,,train
CC(C)=CC1C(C(=O)OCc2ccc(C)cc2C)C1(C)C,,,1,,,,train
O=C(O)CC(S)C(=O)O,,,1,,,,train
CCC(=O)c1ccc(N)cc1,,,1,,,,valid
CCC(=O)c1ccc(O)cc1,,,1,,,,train
C[N+](C)(C)CCOC(=O)CCC(=O)OCC[N+](C)(C)C,,,1,,,,train
Nc1ccnc(=O)[nH]1,,,1,,,,train
CCCC(C)C1(CC)C(=O)N=C(S)NC1=O,,,1,,,,train
CC(N)(CCC(=O)O)C(=O)O,,,1,,,,test
CCOP(=O)(OC=C(Cl)Cl)OCC,,,1,,,,train
Nc1ccc(S(=O)(=O)Nc2nccs2)cc1,,,1,,,,train
C#CC1(O)CCC2C3CCc4cc(OC)ccc4C3CCC21C,,,1,,,,train
COc1ccc(C(c2ccc(OC)cc2)C(Cl)(Cl)Cl)cc1,,,1,,,,train
Cc1ccccc1-n1c(C)nc2ccccc2c1=O,,,1,,,,valid
O=C1c2ccccc2C(=O)c2c1ccc(O)c2O,,,1,,,,train
Clc1ccc(C(c2ccc(Cl)cc2)C(Cl)Cl)cc1,,,1,,,,train
Nc1ncnc2c1ncn2C1OC(CO)CC1O,,,1,,,,train
COc1ccc2[nH]cc(CCNC(C)=O)c2c1,,,1,,,,train
Nc1nc2nc[nH]c2c(=O)[nH]1,,,1,,,,test
NS(=O)(=O)c1cc2c(cc1C(F)(F)F)NC(Cc1ccccc1)NS2(=O)=O,,,1,,,,train
Cc1ncc(CO)c(N)n1,,,1,,,,train
O=C(O)c1ccc(Cl)cc1,,,1,,,,train
O=[N+]([O-])c1ccc(N=Nc2ccc(O)cc2O)cc1,,,1,,,,train
CC(C)OP(=S)(Oc1ccc([N+](=O)[O-])cc1)OC(C)C,,,1,,,,valid
CC12CCC(C(Br)C1=O)C2(C)C,,,1,,,,train
COC(F)(F)C(Cl)Cl,,,1,,,,train
ClC1=C(Cl)C2(Cl)C3C(Cl)C=CC3C1(Cl)C2(Cl)Cl,,,1,,,,train
CC(=O)OC1CC2CCC1(C)C2(C)C,,,1,,,,train
Cc1c(C2(c3cc(C(C)C)c(O)c(Br)c3C)OS(=O)(=O)c3ccccc32)cc(C(C)C)c(O)c1Br,,,1,,,,test
Cc1c(C2(c3cc(Br)c(O)c(Br)c3C)OS(=O)(=O)c3ccccc32)cc(Br)c(O)c1Br,,,1,,,,train
CCOC(=O)C(CC)(C(=O)OCC)c1ccccc1,,,1,,,,train
CCCC(C)C(CC)(C(=O)OCC)C(=O)OCC,,,1,,,,train
CCCC(C)C1(CC)C(=O)NC(=O)NC1=O,,,1,,,,train
COC1=CC(C)C2CC3OC(=O)CC4C(C)=C(OC)C(=O)C(C2(C)C1=O)C34C,,,1,,,,valid
OC(c1ccccc1)(c1ccccc1)c1ccccc1,,,1,,,,train
C[N+]1(C)CCCC(OC(=O)C(O)(c2ccccc2)c2ccccc2)C1,,,1,,,,train
O=C(O)C(O)(c1ccccc1)c1ccccc1,,,1,,,,train
CN1CCC23CCCCC2C1Cc1ccc(O)cc13,,,1,,,,train
O=C1OC(c2ccc(O)cc2)(c2ccc(O)cc2)c2ccccc21,,,1,,,,test
NS(=O)(=O)c1cc(C2(O)NC(=O)c3ccccc32)ccc1Cl,,,1,,,,train
ClC1=C(Cl)C(Cl)(Cl)C(Cl)=C1Cl,,,1,,,,train
CC1(C)C(=O)N(Br)C(=O)N1Br,,,1,,,,train
CCC(Br)(CC)C(=O)NC(N)=O,,,1,,,,train
CCC1(C)CC(=O)NC1=O,,,1,,,,valid
CC1(C)NC(=O)NC1=O,,,1,,,,train
C1=CC2C3C=CC(C3)C2C1,,,1,,,,train
CCC(C)(O)CC,,,1,,,,train
C#CC(C)(O)CC,,,1,,,,train
COS(=O)(=O)OC,,,1,,,,test
CCOP(=O)(C#N)N(C)C,,,1,,,,train
CCOC(=O)C1OC1(C)c1ccccc1,,,1,,,,train
NC(CO)(CO)CO,,,1,,,,train
CCOC(=O)CC(O)(CC(=O)OCC)C(=O)OCC,,,1,,,,train
O=C(O)C1(O)CC(O)C(O)C(O)C1,,,1,,,,valid
CCC(CO)(CO)CO,,,1,,,,train
CC[N+](CC)(CCOc1ccc(C(C)(C)CC(C)(C)C)cc1)Cc1ccccc1,,,1,,,,train
C=C[Si](OCC)(OCC)OCC,,,1,,,,train
CCO[Si](OCC)(OCC)OCC,,,1,,,,train
O=[N+]([O-])OCC(CO[N+](=O)[O-])(CO[N+](=O)[O-])CO[N+](=O)[O-],,,1,,,,test
C#CC1(O)CCCCC1,,,1,,,,train
Cc1ccccc1OP(=O)(Oc1ccccc1C)Oc1ccccc1C,,,1,,,,train
CCOP(=O)(CC)OCC,,,1,,,,train
CCCC(C)(COC(N)=O)COC(=O)NC(C)C,,,1,,,,train
CCCCSP(=O)(SCCCC)SCCCC,,,1,,,,valid
COP(=S)(OC)SCc1nc(N)nc(N)n1,,,1,,,,train
CCO[Si](C)(C)OCC,,,1,,,,train
CCC(C)(O)C#CC(C)(O)CC,,,1,,,,train
CC(C)[N+](=O)[O-],,,1,,,,train
CC(C)=CCCC(C)C1CCC2(C)C3=C(CCC12C)C1(C)CCC(O)C(C)(C)C1CC3,,,1,,,,test
CC(C)(CO)C(O)C(=O)NCCC(=O)O,,,1,,,,train
CC(C)(c1cc(Cl)c(O)c(Cl)c1)c1cc(Cl)c(O)c(Cl)c1,,,1,,,,train
O=S(=O)(c1ccccc1)c1ccc(Cl)cc1,,,1,,,,train
CC(O)(c1ccc(Cl)cc1)c1ccc(Cl)cc1,,,1,,,,train
O=S(=O)(c1ccc(Cl)cc1)c1ccc(Cl)cc1,,,1,,,,valid
O=S1(=O)N2CN3CN1CN(C2)S3(=O)=O,,,1,,,,train
O=C(O)c1ccc(S(=O)(=O)N(Cl)Cl)cc1,,,1,,,,train
CC(C)(OO)c1ccccc1,,,1,,,,train
NNS(=O)(=O)c1ccccc1,,,1,,,,train
COS(=O)(=O)c1ccccc1,,,1,,,,test
Nc1ccc(S(=O)(=O)Nc2ccc(Cl)nn2)cc1,,,1,,,,train
O=S(=O)(Oc1ccc(Cl)cc1)c1ccc(Cl)cc1,,,1,,,,train
COc1ccc(NS(=O)(=O)c2ccc(N)cc2)nn1,,,1,,,,train
O=S(=O)(Oc1ccc(Cl)cc1)c1ccccc1,,,1,,,,train
CCCOS(=O)(=O)c1ccccc1,,,1,,,,valid
CCCCOS(=O)(=O)c1ccccc1,,,1,,,,train
CCC(C)(C)c1ccc(O)cc1,,,1,,,,train
CC1(N)CCC(C(C)(C)N)CC1,,,1,,,,train
CC1=CC(=O)C2CC1C2(C)C,,,1,,,,train
O=C(O)C(O)C(=O)O,,,1,,,,test
Nc1ccc(C=Cc2ccc(N)cc2S(=O)(=O)O)c(S(=O)(=O)O)c1,,,1,,,,train
CC(=O)c1c(C)c([N+](=O)[O-])c(C(C)(C)C)c([N+](=O)[O-])c1C,,,1,,,,train
Cc1c([N+](=O)[O-])c(C)c([N+](=O)[O-])c(C(C)(C)C)c1[N+](=O)[O-],,,1,,,,train
Clc1cccc(Cl)c1C(Cl)Cl,,,1,,,,train
CC(CCC(=O)O)C1CCC2C3C(O)CC4CC(O)CCC4(C)C3CC(O)C12C,,,1,,,,valid
Nc1c(Br)cc(Br)c2c1C(=O)c1ccccc1C2=O,,,1,,,,train
O=C1c2ccccc2C(=O)c2c(O)c(O)cc(O)c21,,,1,,,,train
O=C1c2ccc(O)c(O)c2C(=O)c2c(O)ccc(O)c21,,,1,,,,train
O=C1c2ccccc2C(=O)c2c(O)ccc(O)c21,,,1,,,,train
O=c1c2ccccc2c(=O)c2c1ccc1[nH]c3c(ccc4c(=O)c5ccccc5c(=O)c43)[nH]c12,,,1,,,,test
CC(=O)CC(c1ccccc1)c1c(O)c2ccccc2oc1=O,,,1,,,,train
CC(=O)CC(c1ccc(Cl)cc1)c1c(O)c2ccccc2oc1=O,,,1,,,,train
O=C1OC(=O)c2cccc3cccc1c23,,,1,,,,train
COc1c2occc2c(OC)c2c(=O)cc(C)oc12,,,1,,,,train
O=C1c2ccccc2-c2cccc3cccc1c23,,,1,,,,valid
O=C1c2cc(O)c(O)c(O)c2C(=O)c2cc(O)c(O)c(O)c21,,,1,,,,train
O=C1c2cccc(Cl)c2C(=O)c2c(Cl)cccc21,,,1,,,,train
O=C1c2ccccc2C(=O)c2c(Cl)cccc21,,,1,,,,train
Nc1cccc2c1C(=O)c1ccccc1C2=O,,,1,,,,train
O=[N+]([O-])c1c(O)c(Cl)cc(Cl)c1Cl,,,1,,,,test
O=C1c2ccccc2C(=O)C1C(=O)C(c1ccccc1)c1ccccc1,,,1,,,,train
O=[N+]([O-])c1cc([N+](=O)[O-])c(O)c([N+](=O)[O-])c1O,,,1,,,,train
O=C1C(=O)c2cccc3cccc1c23,,,1,,,,train
CN1CCN(C(c2ccccc2)c2ccc(Cl)cc2)CC1,,,1,,,,train
O=C(Cl)N(c1ccccc1)c1ccccc1,,,1,,,,valid
O=C(O)C(c1ccc(Cl)cc1)c1ccc(Cl)cc1,,,1,,,,train
Cc1c(N)c(=O)n(-c2ccccc2)n1C,,,1,,,,train
CCOC(=O)C(C(=O)OCC)c1ccccc1,,,1,,,,train
O=C1CCC(=O)N1c1ccccc1,,,1,,,,train
CC(C)(C)C(=O)C1C(=O)c2ccccc2C1=O,,,1,,,,test
CC(C)CC(=O)C1C(=O)c2ccccc2C1=O,,,1,,,,train
O=C(O)c1c(O)cc(O)cc1O,,,1,,,,train
O=C1CCc2ccccc21,,,1,,,,train
Cc1c[nH]c2ccccc12,,,1,,,,train
O=Cc1c(Cl)cccc1Cl,,,1,,,,valid
NC(=O)c1nc[nH]c1C(N)=O,,,1,,,,train
Cc1cccc([N+](=O)[O-])c1C,,,1,,,,train
Cc1c(Cl)cccc1[N+](=O)[O-],,,1,,,,train
CCC(CCC(C)C1CCC2C3CC=C4CC(O)CCC4(C)C3CCC12C)C(C)C,,,1,,,,train
CCC(C=CC(C)C1CCC2C3CC=C4CC(O)CCC4(C)C3CCC12C)C(C)C,,,1,,,,test
Oc1cccc2c(O)cccc12,,,1,,,,train
CCCOC(=O)C1c2cc3c(cc2CC(C)C1C(=O)OCCC)OCO3,,,1,,,,train
Nc1ccc(S(=O)(=O)O)c2cccc(O)c12,,,1,,,,train
COc1c(C(C)(C)C)cc([N+](=O)[O-])c(C)c1[N+](=O)[O-],,,1,,,,train
Cn1cnc2c1c(=O)[nH]c(=O)n2C,,,1,,,,valid
O=C1C=C(O)c2ccccc2C1=O,,,1,,,,train
Oc1c(I)cc(I)c2cccnc12,,,1,,,,train
O=C1C(=O)c2ccccc2-c2ccccc21,,,1,,,,train
CCC(c1ccc(O)cc1)C(CC)c1ccc(O)cc1,,,1,,,,train
Nc1ncnc2c1ncn2C1OC(CO)C(OP(=O)(O)O)C1O,,,1,,,,test
CCc1ccc2c(c1)C(=O)c1ccccc1C2=O,,,1,,,,train
Nc1ccn(C2OC(CO)C(OP(=O)(O)O)C2O)c(=O)n1,,,1,,,,train
Cc1ccc2c(c1)C(=O)c1ccccc1C2=O,,,1,,,,train
O=C1c2ccc(O)cc2C(=O)c2ccc(O)cc21,,,1,,,,train
O=C(Oc1ccccc1)c1ccccc1C(=O)Oc1ccccc1,,,1,,,,valid
CCCCCCCCCOC(=O)c1ccccc1C(=O)OCCCCCCCCC,,,1,,,,train
CC(CN(C)C)CN1c2ccccc2Sc2ccccc21,,,1,,,,train
c1ccc2c(c1)ccc1ncccc12,,,1,,,,train
Cc1ccc2ccccc2c1CC(=O)O,,,1,,,,train
O=C(c1ccccc1)c1cc(Cl)ccc1O,,,1,,,,test
CCc1c(Br)c(Br)c(Br)c(Br)c1Br,,,1,,,,train
O=C(c1ccc(Cl)cc1)c1ccccc1Cl,,,1,,,,train
Nc1nc(=S)c2ncn(C3OC(CO)C(O)C3O)c2[nH]1,,,1,,,,train
O=C(O)Cc1c(Cl)ccc(Cl)c1Cl,,,1,,,,train
O=C1NC(=O)C2CC=CCC12,,,1,,,,valid
O=S(=O)(O)c1cccc2ccccc12,,,1,,,,train
O=C(O)c1ccccc1C(=O)c1ccccc1,,,1,,,,train
O=C(O)c1ccccc1C(=O)c1ccc(C(=O)c2ccccc2C(=O)O)cc1,,,1,,,,train
Cc1cccc(NC(=O)c2ccccc2C(=O)O)c1,,,1,,,,train
Cc1ccccc1N=Nc1ccc(N=Nc2c(O)ccc3ccccc23)c(C)c1,,,1,,,,test
Nc1ccc2ccccc2c1N=Nc1ccccc1,,,1,,,,train
Oc1ccc2ccccc2c1N=Nc1ccccn1,,,1,,,,train
Oc1ccc2ccccc2c1N=Nc1ccc(N=Nc2ccccc2)cc1,,,1,,,,train
CCN(C(=O)N(CC)c1ccccc1)c1ccccc1,,,1,,,,train
CCN(CC)Cc1cc(Nc2ccnc3cc(Cl)ccc23)ccc1O,,,1,,,,valid
Cc1c(Cc2ccccc2)c(=O)oc2cc(O)ccc12,,,1,,,,train
COP(=S)(OC)SCn1nnc2ccccc2c1=O,,,1,,,,train
N#Cc1cccc2ccccc12,,,1,,,,train
O=[N+]([O-])c1cccc2ccccc12,,,1,,,,train
COc1cc(C=O)cc(OC)c1OC,,,1,,,,test
NC(=O)Cc1cccc2ccccc12,,,1,,,,train
NC(=S)Nc1cccc2ccccc12,,,1,,,,train
O=c1cc(O)c2ccccc2[nH]1,,,1,,,,train
Clc1ccc2c(Cl)ccnc2c1,,,1,,,,train
CCOc1ccc2c(C)cc(=O)oc2c1,,,1,,,,valid
CC1(C)SC2C(NC(=O)COc3ccccc3)C(=O)N2C1C(=O)O,,,1,,,,train
O=C(Nc1ccc(Br)cc1)c1cc(Br)cc(Br)c1O,,,1,,,,train
CCOC=C(C(=O)OCC)C(=O)OCC,,,1,,,,train
CCOC(=O)c1ccccc1N,,,1,,,,train
COc1c(Cl)cc(Cl)cc1Cl,,,1,,,,test
O=C1OCc2ccccc21,,,1,,,,train
Clc1ncnc2nc[nH]c12,,,1,,,,train
C=C1CCC=C(C)CCC2C1CC2(C)C,,,1,,,,train
Cc1cc(OC(=O)N(C)C)n(-c2ccccc2)n1,,,1,,,,train
O=C(O)Cc1c[nH]c2ccccc12,,,1,,,,valid
CN(C)Cc1c[nH]c2ccccc12,,,1,,,,train
O=CC(Cl)=C(Cl)C(=O)O,,,1,,,,train
Oc1cccc(O)c1O,,,1,,,,train
ClC(Cl)=C(Cl)C(Cl)=C(Cl)Cl,,,1,,,,train
O=C(O)C(O)C(O)C(=O)O,,,1,,,,test
Brc1c(Br)c(Br)c(Br)c(Br)c1Br,,,1,,,,train
Oc1c(Cl)c(Cl)c(O)c(Cl)c1Cl,,,1,,,,train
O=C1C(O)=C(Cl)C(=O)C(O)=C1Cl,,,1,,,,train
O=c1n(Cl)c(=O)n(Cl)c(=O)n1Cl,,,1,,,,train
Cc1c(O)cc(O)cc1O,,,1,,,,valid
Cc1cc(O)cc(C)c1Cl,,,1,,,,train
Oc1c(Cl)cc(Cl)cc1Cl,,,1,,,,train
CCN(CC)C(=S)Cl,,,1,,,,train
O=C(O)c1ccco1,,,1,,,,train
O=[N+]([O-])c1ccc(O)cc1C(F)(F)F,,,1,,,,test
Cc1ccc(S(=O)(=O)O)c(C)c1,,,1,,,,train
O=C(O)c1ccccc1Br,,,1,,,,train
O=C(O)c1ccccc1I,,,1,,,,train
Cc1ccccc1[N+](=O)[O-],,,1,,,,train
O=[N+]([O-])c1ccccc1Cl,,,1,,,,valid
O=C(O)c1cc(I)cc(I)c1I,,,1,,,,train
O=C(O)c1cc(Cl)cc([N+](=O)[O-])c1Cl,,,1,,,,train
O=[N+]([O-])c1cc(Cl)cc([N+](=O)[O-])c1O,,,1,,,,train
O=[N+]([O-])c1cc([N+](=O)[O-])c(O)c([N+](=O)[O-])c1,,,1,,,,train
O=C(O)C1CC=CCC1C(=O)O,,,1,,,,test
O=C(O)c1ccccc1C(=O)O,,,1,,,,train
COc1ccc(C(=O)O)cc1[N+](=O)[O-],,,1,,,,train
O=C(O)Cc1ccccc1C(=O)O,,,1,,,,train
CC(=O)Nc1ccccc1C(=O)O,,,1,,,,train
Nc1ccc(O)c(C(=O)O)c1,,,1,,,,valid
Cc1ccc(C)c([N+](=O)[O-])c1,,,1,,,,train
Cc1ccc(Cl)c([N+](=O)[O-])c1,,,1,,,,train
Cc1ccc(N)c([N+](=O)[O-])c1,,,1,,,,train
Cc1cc(O)c(C(C)C)cc1Cl,,,1,,,,train
O=[N+]([O-])c1cc(Cl)c(Cl)cc1Cl,,,1,,,,test
COC(=O)c1ccccc1C,,,1,,,,train
O=C(NO)c1ccccc1O,,,1,,,,train
CC(C)=C1CCC(C)CC1=O,,,1,,,,train
O=C(O)c1ccc(O)cc1O,,,1,,,,train
NCc1ccccc1Cl,,,1,,,,valid
CCc1ccccc1O,,,1,,,,train
OCc1ccccc1O,,,1,,,,train
Ic1cccc2ccccc12,,,1,,,,train
Oc1cccc2ccccc12,,,1,,,,train
O=c1[nH]nnc2ccccc12,,,1,,,,test
CCC(C(=O)O)c1ccccc1,,,1,,,,train
Cc1cc(=O)oc2cc(O)ccc12,,,1,,,,train
Nc1ccccc1-c1ccccc1,,,1,,,,train
O=C1c2ccccc2Cc2ccccc21,,,1,,,,train
Nc1c2ccccc2nc2ccccc12,,,1,,,,valid
OC1c2ccccc2Oc2ccccc21,,,1,,,,train
O=c1c2ccccc2oc2ccccc12,,,1,,,,train
Nc1ccc2cc(S(=O)(=O)O)cc(O)c2c1,,,1,,,,train
O=Cc1cc(Br)cc(Br)c1O,,,1,,,,train
O=C(O)C(O)c1ccccc1,,,1,,,,test
O=C1OC(CO)C(O)C(O)C1O,,,1,,,,train
CCN(CC)C(C)C(=O)c1ccccc1,,,1,,,,train
CCN(CC)C(=O)N1CCN(C)CC1,,,1,,,,train
O=C(c1ccccc1)c1ccc(Br)cc1,,,1,,,,train
OC(c1ccc(Cl)cc1)c1ccc(Cl)cc1,,,1,,,,valid
O=C(c1ccc(Cl)cc1)c1ccc(Cl)cc1,,,1,,,,train
COc1cccc(OC)c1O,,,1,,,,train
BrCc1ccccc1CBr,,,1,,,,train
COc1ccccc1OC,,,1,,,,train
c1ccc2nccnc2c1,,,1,,,,test
O=C1Nc2ccccc2C1=O,,,1,,,,train
Clc1ccc2ccccc2c1,,,1,,,,train
Cc1ccc2ncccc2c1,,,1,,,,train
Cc1ccc2ccccc2n1,,,1,,,,train
O=c1ccc2ccccc2o1,,,1,,,,valid
CN(C)CCN(Cc1cccs1)c1ccccn1,,,1,,,,train
CCN(CCO)c1cccc(C)c1,,,1,,,,train
Nc1ccc(-c2ccc(N)c(N)c2)cc1N,,,1,,,,train
Oc1ccc(-c2ccccc2)cc1Cl,,,1,,,,train
Cc1cc2nc3ccc(=[N+](C)C)cc-3sc2cc1N,,,1,,,,test
CN(C)c1ccc2cc3ccc(=[N+](C)C)cc-3oc2c1,,,1,,,,train
Oc1cc2ccccc2cc1O,,,1,,,,train
Cc1ccc2oc(=O)ccc2c1,,,1,,,,train
CCN(CCO)c1ccccc1,,,1,,,,train
C1CCC(C2CCCCC2)CC1,,,1,,,,valid
c1ccc(N2CCOCC2)cc1,,,1,,,,train
CCN(Cc1ccccc1)c1ccccc1,,,1,,,,train
COc1cc2ccc(=O)oc2cc1O,,,1,,,,train
Nc1ccc2cc3ccc(N)cc3nc2c1,,,1,,,,train
Nc1ccc(-c2ccccc2)cc1,,,1,,,,test
O=C(Nc1ccccc1)c1cc2ccccc2cc1O,,,1,,,,train
c1ccc2nc3ccccc3nc2c1,,,1,,,,train
c1ccc2c(c1)Cc1ccccc1O2,,,1,,,,train
Brc1ccc(-c2ccc(Br)cc2)cc1,,,1,,,,train
Nc1ccc(-c2ccc(N)cc2)cc1,,,1,,,,valid
COc1ccc(CO)cc1OC,,,1,,,,train
COc1ccc(C(=O)O)cc1OC,,,1,,,,train
O=C(O)c1ccc2ccccc2c1,,,1,,,,train
CCOc1ccc2ccccc2c1,,,1,,,,train
CCCCCCCCCCCC[n+]1ccc2ccccc2c1,,,1,,,,test
COc1ccc(Cl)cc1[N+]#N,,,1,,,,train
O=c1ccc2ccc(O)cc2o1,,,1,,,,train
Oc1ccc(Nc2ccc3ccccc3c2)cc1,,,1,,,,train
c1ccc2cc(Nc3ccc(Nc4ccc5ccccc5c4)cc3)ccc2c1,,,1,,,,train
COc1cc(C)ccc1O,,,1,,,,valid
BrCC(Br)c1ccccc1,,,1,,,,train
CCC(=O)c1ccccc1,,,1,,,,train
COC(=O)c1ccccc1,,,0,,,,train
Cc1cc(Cl)ccc1OC(C)C(=O)O,,,1,,,,train
C=CCN(CC=C)C(=O)CCl,,,1,,,,test
CC(Oc1cc(Cl)c(Cl)cc1Cl)C(=O)O,,,1,,,,train
S=c1sc2nc3ccccc3nc2s1,,,1,,,,train
O=C(O)COc1cc(Cl)c(Cl)cc1Cl,,,1,,,,train
CC(C)OC(=O)COc1cc(Cl)c(Cl)cc1Cl,,,1,,,,train
CCCCOC(=O)COc1cc(Cl)c(Cl)cc1Cl,,,1,,,,valid
O=C(O)CCCOc1cc(Cl)c(Cl)cc1Cl,,,1,,,,train
CC(=O)CC(=O)c1ccccc1,,,1,,,,train
O=C(Nc1ccccc1)c1ccccc1,,,1,,,,train
CC(C)OC(=O)COc1ccc(Cl)cc1Cl,,,1,,,,train
O=C(OCc1ccccc1)c1ccc(O)cc1,,,1,,,,test
CCCNC(=O)NS(=O)(=O)c1ccc(Cl)cc1,,,1,,,,train
O=C(OOC(=O)c1ccccc1)c1ccccc1,,,1,,,,train
O=C(C=Cc1ccccc1)c1ccccc1,,,1,,,,train
O=[N+]([O-])c1ccc2nc[nH]c2c1,,,1,,,,train
O=C(O)c1ccc2c(c1)OCO2,,,1,,,,valid
C=CCc1ccc2c(c1)OCO2,,,1,,,,train
O=C(C=CC=Cc1ccc2c(c1)OCO2)N1CCCCC1,,,1,,,,train
ON=Cc1ccccc1O,,,1,,,,train
Cc1ccccc1NC=O,,,1,,,,train
Cc1cc(Cl)ccc1OCC(=O)O,,,1,,,,test
O=C(O)COc1ccc(Cl)cc1Cl,,,1,,,,train
CCCCOC(=O)COc1ccc(Cl)cc1Cl,,,1,,,,train
Cc1cc(Cl)ccc1OCCCC(=O)O,,,1,,,,train
O=C(O)CCCOc1ccc(Cl)cc1Cl,,,1,,,,train
CC=Cc1ccc(OCC)c(O)c1,,,1,,,,valid
CCCC(O)C(CC)CO,,,1,,,,train
Clc1ccc2n[nH]nc2c1,,,1,,,,train
ClCc1ccc(Cl)cc1Cl,,,1,,,,train
O=Cc1ccc(O)cc1O,,,1,,,,train
C=C(Cl)CSC(=S)N(CC)CC,,,1,,,,test
C1=Cc2ccccc2C1,,,1,,,,train
c1ccc2n[nH]nc2c1,,,1,,,,train
c1ccc2sccc2c1,,,1,,,,train
Cc1cc2ccccc2[nH]1,,,1,,,,train
Cc1ccccc1O,,,1,,,,valid
Cc1ccccc1F,,,1,,,,train
Oc1ccccc1Br,,,1,,,,train
Oc1ccccc1Cl,,,1,,,,train
Cc1ccc(O)cc1C,,,1,,,,train
Cc1cc(O)ccc1O,,,1,,,,test
Cc1ccc(N)cc1Cl,,,1,,,,train
Oc1ccc(Cl)c(Cl)c1,,,1,,,,train
Cc1ccc(O)c(N)c1,,,1,,,,train
CCOC(=O)C(=O)OCC,,,1,,,,train
Clc1cc(Cl)c(Cl)cc1Cl,,,1,,,,valid
O=C(O)CNC(=S)C(=S)NCC(=O)O,,,1,,,,train
CC1(C2CCC3(C)OC3C2)CO1,,,1,,,,train
BrCC(Br)CBr,,,1,,,,train
OCC(Br)CBr,,,1,,,,train
CCC(C)CC,,,1,,,,test
CCC(C)C=O,,,0,,,,train
CCC(N)CO,,,1,,,,train
CCC(=O)CC,,,1,,,,train
OCC(O)CCl,,,1,,,,train
OCC(O)CS,,,1,,,,valid
CNC(=O)NC,,,1,,,,train
CC1CCCC1,,,1,,,,train
OC1CCCC1,,,1,,,,train
S=C1NCCN1,,,1,,,,train
CC1CCCO1,,,1,,,,test
O=C1CCCO1,,,1,,,,train
O=C1OCCO1,,,1,,,,train
Nc1nccs1,,,1,,,,train
CC(OP(C)(=O)F)C(C)(C)C,,,1,,,,train
CC(C)N(CCO)C(C)C,,,1,,,,valid
CCC(Cc1c(I)cc(I)c(N)c1I)C(=O)O,,,1,,,,train
Nc1cc([N+](=O)[O-])cc([N+](=O)[O-])c1O,,,1,,,,train
O=C(O)c1cc([N+](=O)[O-])ccc1O,,,1,,,,train
O=C(O)c1ccc(Cl)c([N+](=O)[O-])c1,,,1,,,,train
Nc1ccc([N+](=O)[O-])cc1[N+](=O)[O-],,,1,,,,test
O=S(=O)(Oc1ccc(Cl)cc1Cl)c1ccccc1,,,1,,,,train
Oc1c(Cl)cc(Cl)cc1Sc1cc(Cl)cc(Cl)c1O,,,1,,,,train
Oc1ccc(Cl)cc1Cc1cc(Cl)ccc1O,,,1,,,,train
CC(=O)Nc1cc([As](=O)(O)O)ccc1O,,,1,,,,train
COc1cc(OC)c(Cl)cc1N,,,1,,,,valid
O=Cc1cc([N+](=O)[O-])ccc1O,,,1,,,,train
Cc1cc(N=Nc2ccccc2C)ccc1N,,,1,,,,train
CCCC(C)C(=O)O,,,1,,,,train
C=C(CC(=O)O)C(=O)O,,,1,,,,train
O=C(O)CC(O)C(=O)O,,,1,,,,test
CN(C)C(=S)SC(=S)N(C)C,,,1,,,,train
C=C(C)C(=O)OCCOC(=O)C(=C)C,,,1,,,,train
OCc1ccco1,,,1,,,,train
O=Cc1ccco1,,,1,,,,train
O=[As](O)(O)c1ccccc1,,,1,,,,valid
CC(C)(C)c1ccccc1,,,1,,,,train
ClC(Cl)(Cl)c1ccccc1,,,1,,,,train
O=S(=O)(Cl)c1ccccc1,,,1,,,,train
Cl[Si](Cl)(Cl)c1ccccc1,,,1,,,,train
Oc1cccc(C(F)(F)F)c1,,,1,,,,test
CC(C)(C)c1ccc(O)c(O)c1,,,1,,,,train
Nc1ccc([As](=O)(O)O)cc1,,,1,,,,train
O=[N+]([O-])c1ccc([As](=O)(O)O)cc1,,,1,,,,train
CC(C)(C)c1ccc(C(=O)O)cc1,,,1,,,,train
O=C1CCC(C(=O)O)N1,,,1,,,,valid
O=C(Cl)c1ccccc1,,,1,,,,train
O=C(O)C1CCCCC1,,,1,,,,train
NC(=O)c1cccnc1,,,1,,,,train
O=[N+]([O-])c1ccccc1,,,1,,,,train
CC(=O)c1cccc(N)c1,,,1,,,,test
N#Cc1cccc(C#N)c1,,,1,,,,train
CCCCCCCCCCCCN(CCCN)CCCN,,,1,,,,train
Cc1cccc(Cl)c1C,,,1,,,,train
COC12CC(CO)CN(C)C1Cc1cn(C)c3cccc2c13,,,1,,,,train
Cc1ccc(NCCO)cc1O,,,1,,,,valid
CCCC1COC(Cn2cncn2)(c2ccc(Cl)cc2Cl)O1,,,1,,,,train
CC(Cc1cccc(CC(=O)NCc2ccc(N(C)C(=O)CCN3CCC(OC(=O)Nc4ccccc4-c4ccccc4)CC3)cc2)c1)NCC(O)c1ccc(O)c2[nH]c(=O)ccc12,,,1,,,,train
CC1C(=O)CCC1=O,,,1,,,,train
CC(=O)NC(CCCNC(=N)N)C(=O)NC1CCC(=O)NCCCC(C(=O)O)NC(=O)C(Cc2c[nH]c3ccccc23)NC(=O)C(CCCNC(=N)N)NC(=O)C(Cc2ccccc2)NC(=O)C(CCCNC(=N)N)NC1=O,,,1,,,,train
CCCCCCCCCCCCOCCOCCOCCOCCOCCOCCOCCOCCOCCOCCOCCOCCOCCOCCOCCOCCOCCOCCOCCOCCOCCOCCOCCO,,,1,,,,test
CCCCNC(=S)NCCCC,,,1,,,,train
C=CS(=O)(=O)c1ccc(N=Nc2c(N)c(N=Nc3ccc(S(=O)(=O)C=C)cc3S(=O)(=O)O)cc(S(=O)(=O)O)c2N)cc1,,,0,,,,train
O=[N+]([O-])C1(Br)COCOC1,,,1,,,,train
CC(C)(C)SSSC(C)(C)C,,,1,,,,train
COc1ccc2c(c1)CC(=O)CC2,,,0,,,,valid
CC1=NNC(=O)N(N=Cc2cccnc2)C1,,,1,,,,train
O=C(O)C(O)S(=O)(=O)O,,,0,,,,train
O=C(O)c1ccc(Br)c(C=NC2CC2)c1O,,,1,,,,train
N=C(N)Nc1ccc(CNC(=O)N2CCN(C(=O)OC3CCCC(OC(=O)N4CCN(C(=O)NCc5ccccc5)CC4)CCC3)CC2)cc1,,,1,,,,train
Cc1ccc(COc2ccc3nc(C4CCCCC4)n(Cc4ccc(-c5ncc(Cl)cn5)cc4)c3c2)nc1,,,1,,,,test
CN(CCO)S(=O)(=O)C(F)(F)C(F)(F)C(F)(F)C(F)(F)F,,,1,,,,train
Cc1nc(C=C(CO)C2CC=CCCCC(C)C(O)C(C)C(=O)C(C)(C)C(O)CC(=O)O2)cs1,,,1,,,,train
CC(=O)Nc1ccc(Oc2cc(N3CCN(Cc4ccccc4-c4ccc(Cl)cc4)CC3)ccc2C(=O)NS(=O)(=O)c2ccc(NCC3CCOCC3)c([N+](=O)[O-])c2)cc1,,,1,,,,train
Nc1ncnc2c1ncn2C1OC(COP(=O)(S)S)C(O)C1O,,,1,,,,train
CCOc1nc(NC)nc(NC(=O)NS(=O)(=O)c2ccccc2C(=O)OC)n1,,,1,,,,valid
Nc1cc(S(=O)(=O)O)cc2cc(S(=O)(=O)O)cc(O)c12.Nc1ccc(Nc2ccc(N)cc2S(=O)(=O)O)cc1.Nc1cccc(O)c1.[NH-]c1ccccc1,,,1,,,,train
N#Cc1ncc(NC(=O)C2(N)CCC2)cc1C(F)(F)F,,,1,,,,train
CC1(C)OC2CC3C4CCC5=CC(=O)C=CC5(C)C4(F)C(O)CC3(C)C2(C(=O)CO)O1.COC12C(COC(N)=O)C3=C(C(=O)C(C)=C(N)C3=O)N1CC1NC12,,,1,,,,train
CCCCCCCC(=O)NCC(=O)O.CCCCCCCCC=CCCCCCCCC(=O)O,,,1,,,,train
O=C1COC(=O)CO1,,,1,,,,test
C=CCOC(=O)COC1CCCCC1,,,1,,,,train
C1CCC(NC2CCCCC2)CC1.CCCCCCCCC=CCCCCCCCC(=O)O,,,1,,,,train
CCCCCCCCCCCCCCCCCCOC(=O)C=Cc1ccc(O)c(O)c1,,,0,,,,train
CC(=O)NC(CCCNC(=N)N)C(=O)NC1CC(=O)NCCCCC(C(N)=O)NC(=O)C(Cc2c[nH]c3ccccc23)NC(=O)C(CCCNC(=N)N)NC(=O)C(Cc2ccccc2)NC(=O)C(CCCNC(N)=O)NC1=O,,,1,,,,train
CN1CCC(Nc2ccc(S(=O)(=O)NC(=O)c3ccc(N4CCN(CC5=C(c6ccc(Cl)cc6)CC(C)(C)CC5)CC4)cc3Oc3cc(F)c4[nH]ccc4c3)cc2[N+](=O)[O-])CC1,,,1,,,,valid
O=CC1CCC(C=O)CC1.O=CC1CCCC(C=O)C1,,,1,,,,train
CCCCC(CC)COCCO,,,1,,,,train
Cc1nc2c(O)cccn2c(=O)c1CCO,,,1,,,,train
O=C1CCC(=O)C2C3CCC(C3=C(Cl)Cl)C12,,,1,,,,train
CCCCC(CC)CNC(=O)C=CC(=O)O.CCCCC(CC)CNC(=O)C=CC(=O)OCCNCCO.CCCCC(CC)CNC(CC(=O)N(CC(CC)CCCC)C(=O)C=CC(=O)O)C(=O)O.O=C(O)C=CC(=O)OCCN(CCO)CCO,,,0,,,,test
CN(C)CCc1ccc(Oc2cc(N3CCN(Cc4ccccc4-c4ccc(Cl)cc4)CC3)ccc2C(=O)NS(=O)(=O)c2ccc(NCC3CCOCC3)c([N+](=O)[O-])c2)cc1,,,1,,,,train
O=S(=O)(O)c1ccc(O)cc1,,,0,,,,train
C[n+]1ccc(-c2cc[n+](C)cc2)cc1,,,1,,,,train
CCc1ccccc1CC,,,1,,,,train
Oc1ccc(C(O)CNCCCCCCNCC(O)c2ccc(O)c(O)c2)cc1O,,,1,,,,valid
c1cc(N(CC2CO2)CC2CO2)ccc1OCC1CO1,,,1,,,,train
CC1(C)CC(N=C=O)CC(C)(CN=C=O)C1.CO[Si](CCCS)(OC)OC,,,0,,,,train
Cc1[nH]n(C)c(=O)c1C(=O)c1ccc(C(F)(F)F)cc1S(C)(=O)=O,,,1,,,,train
CC(CCCC(C)C1CCC2C3C(O)CC4CC(NCCCNCCCCNCCCN)CCC4(C)C3CCC12C)C(=O)O,,,1,,,,train
CCO[Si](CCCNC(=O)OCCN(CC)c1ccc(N=O)cc1)(OCC)OCC,,,1,,,,test
O=c1[nH]nc([N+](=O)[O-])[nH]1,,,1,,,,train
CNC(=O)OC1CCC(n2cc(C(N)=O)c(Nc3ccc(F)cc3)n2)C(C#N)C1,,,1,,,,train
CCCCCCCCCCCCc1ccccc1S(=O)(=O)O,,,1,,,,train
N#Cc1ccc(N=C(N)N)cc1,,,1,,,,train
CN(C)c1ccc(Nc2nc(NCC3CCCO3)c3ccccc3n2)cc1,,,1,,,,valid
CC(C)OP(=S)(S)OC(C)C,,,0,,,,train
CCC(CCCO)(C(=O)O)C(=O)O,,,1,,,,train
CCCCCCCCCCC(CO)CCCCCCCC,,,1,,,,train
CCOc1ccc(F)c(CCNC(=S)Nc2ccc(Br)cn2)c1Cl,,,1,,,,train
CCCc1c2nc(C(=O)O)cc(OC)c2cc2c(=O)cc(C(=O)O)oc12,,,0,,,,test
CN(CCS(=O)(=O)O)c1nc(Nc2ccc(N)c(S(=O)(=O)O)c2)nc(Nc2ccc3c(c2S(=O)(=O)O)Oc2c(Cl)c4c(c(Cl)c2=N3)Oc2c(ccc(N)c2S(=O)(=O)O)N=4)n1.CN(CCS(=O)(=O)O)c1nc(Nc2ccc(N)c(S(=O)(=O)O)c2)nc(Nc2ccc3c(c2S(=O)(=O)O)Oc2c(Cl)c4c(c(Cl)c2=N3)Oc2c(ccc(Nc3nc(Nc5ccc6c(c5S(=O)(=O)O)Oc5c(Cl)c7c(c(Cl)c5=N6)Oc5c(ccc(N)c5S(=O)(=O)O)N=7)nc(N(C)CCS(=O)(=O)O)n3)c2S(=O)(=O)O)N=4)n1.CN(CCS(=O)(=O)O)c1nc(Nc2ccc(Nc3nc(Nc4ccc5c(c4S(=O)(=O)O)Oc4c(Cl)c6c(c(Cl)c4=N5)Oc4c(ccc(N)c4S(=O)(=O)O)N=6)nc(N(C)CCS(=O)(=O)O)n3)c(S(=O)(=O)O)c2)nc(Nc2ccc3c(c2S(=O)(=O)O)Oc2c(Cl)c4c(c(Cl)c2=N3)Oc2c(ccc(N)c2S(=O)(=O)O)N=4)n1.CN(CCS(=O)(=O)O)c1nc(Nc2ccc3c(c2S(=O)(=O)O)Oc2c(Cl)c4c(c(Cl)c2=N3)Oc2c(ccc(N)c2S(=O)(=O)O)N=4)nc(Nc2ccc3c(c2S(=O)(=O)O)Oc2c(Cl)c4c(c(Cl)c2=N3)Oc2c(ccc(N)c2S(=O)(=O)O)N=4)n1.Nc1ccc(Nc2nc(Nc3ccc(N)c(S(=O)(=O)O)c3)nc(Nc3ccc4c(c3S(=O)(=O)O)Oc3c(Cl)c5c(c(Cl)c3=N4)Oc3c(ccc(N)c3S(=O)(=O)O)N=5)n2)cc1S(=O)(=O)O,,,1,,,,train
Cc1cccc2n[nH]nc12,,,1,,,,train
CCOc1ccc(CCN)cc1OCC,,,1,,,,train
Fc1c(Cl)ncnc1Cl,,,1,,,,train
CCCCC=[N+](CCCCC)C(=S)S.CCCCCNCCCCC,,,1,,,,valid
O=C(OCC1CO1)c1ccc(C(=O)OCC2CO2)cc1,,,1,,,,train
O=P(O)(Oc1ccccc1)Oc1ccccc1,,,0,,,,train
CC(=O)NC(CCCNC(=N)N)C(=O)NC1CC(=O)NCCCCC(C(=O)O)NC(=O)C(Cc2c[nH]c3ccccc23)NC(=O)C(CCCNC(=N)N)NC(=O)C(Cc2ccccc2)NC(=O)C(CC(N)=O)NC1=O,,,1,,,,train
C[N+]1(C)CCOC(O)(c2ccccc2)C1,,,0,,,,train
CCO[Si](OCC)(OCC)N(CC)CC,,,1,,,,test
COc1ccc(CN=Cc2cc(-c3cccs3)cc(OC)c2O)cc1,,,1,,,,train
CC1CC(C)(C)CC1=CCCCCC=O,,,1,,,,train
CC12CCC(CC1=O)C2(C)C,,,1,,,,train
CCCCN(c1nc(N(CCCC)C2CC(C)(C)NC(C)(C)C2)nc(N(CCCCCCN(c2nc(N(CCCC)C3CC(C)(C)NC(C)(C)C3)nc(N(CCCC)C3CC(C)(C)NC(C)(C)C3)n2)C2CC(C)(C)NC(C)(C)C2)C2CC(C)(C)NC(C)(C)C2)n1)C1CC(C)(C)NC(C)(C)C1,,,1,,,,train
CN(C)CCCN(CCCN)CCCN(C)C,,,1,,,,valid
COc1ccc(O)c(C(C)(C)C)c1.COc1ccc(O)cc1C(C)(C)C,,,1,,,,train
CC(=O)CSc1ccc(Cl)cc1,,,1,,,,train
CC(C)[N-]C(C)C,,,0,,,,train
O=C(O)c1cc(Br)nn1-c1ncccc1Cl,,,1,,,,train
NC(=O)c1cccc(-c2cc(C=O)c(O)c(C(F)(F)F)c2)c1,,,1,,,,test
NCCO.NCCO.NCCO.O=C(O)CN(CC(=O)O)CC(=O)O,,,0,,,,train
Cc1cc(O)ccc1N,,,1,,,,train
C[N+](C)(C)Cc1ccc(C[N+](C)(C)C)cc1,,,1,,,,train
CCCCCCCCNc1ccncc1,,,1,,,,train
COc1c(C)c2c(c(O)c1CC=C(C)CCC(=O)O)C(=O)OC2,,,1,,,,valid
CCCCCCC(CCCCCCCCCCC(=O)OC(COC(C)=O)COC(C)=O)OC(=O)O.CCCCCCC(CCCCCCCCCCC(=O)OCC(COC(C)=O)OC(C)=O)OC(C)=O,,,0,,,,train
CCCNC1CCc2c(cccc2OC)C1,,,1,,,,train
C=CC1CC1(NC(=O)C1CC2(CN1C(=O)C(NC(=O)C(NC(=O)C1CCN1C(C)(C)C)C1CCCCC1)C(C)(C)C)C(C)(C)C21CCC1)C(=O)NS(=O)(=O)N1CCCC1,,,1,,,,train
OCC(O)C(O)C(O)C(O)C(c1c[nH]c2ccccc12)c1c[nH]c2ccccc12,,,1,,,,train
CN1C(C)(C)CC(NC(=O)C(=O)Nc2ccc(Cl)c(F)c2)CC1(C)C,,,1,,,,test
CCCCCCCCCCCC(=O)OCC(C)(C)C=NC(C)COCC(CC)(COCC(C)N=CC(C)(C)COC(=O)CCCCCCCCCCC)COCC(C)N=CC(C)(C)COC(=O)CCCCCCCCCCC,,,1,,,,train
CC(C)CC(C)CC(O)CC(C)C,,,1,,,,train
OC1COC2C(O)COC12.OCC(O)C1OCC(O)C1O,,,0,,,,train
CCCCCCC=CC(=O)OC,,,1,,,,train
C=CCCCCCCCCO,,,1,,,,valid
COc1cccc2c1C(=N)c1c(O)c3c(c(O)c1C2=O)CC(O)(CCO)CC3OC1CC(N)C(O)C(C)O1,,,1,,,,train
CC(C)c1cc2c(cc1S(=O)(=O)O)C1(C)CCCC(C)(C(=O)O)C1CC2,,,1,,,,train
CCSC(=N)N.O=[N+]([O-])c1cc([N+](=O)[O-])c(O)c([N+](=O)[O-])c1,,,1,,,,train
CCC1CCC(c2ccc(O)cc2)OC1,,,1,,,,train
NC(C(=O)N1CCCC1)C(O)c1ccncc1,,,1,,,,test
CCCCC(C#N)(Cn1cncn1)c1ccc(Cl)cc1,,,1,,,,train
C=CC(=O)OCC(CC)(COC(=O)C=C)COC(=O)C=C,,,1,,,,train
O=C(C#Cc1ccccc1)c1ccc2c(c1)C(=O)OC2=O,,,0,,,,train
C=CCC#CCCCCC,,,1,,,,train
O=C(Cl)CCl,,,1,,,,valid
CCCCCCCCCCCC(=O)NCCCN(C)C,,,1,,,,train
O=S(=O)(NCl)c1ccccc1,,,1,,,,train
CCNC(=S)OC(C)C,,,1,,,,train
Cc1cc(C)c(S(=O)(=O)O)cc1N=Nc1cc(S(=O)(=O)O)c2ccccc2c1O,,,1,,,,train
O=C1C=CC(=O)N1c1ccc([Se][Se]c2ccc(N3C(=O)C=CC3=O)cc2)cc1,,,1,,,,test
CCCCCCCC[N+](C)(C)CCCCCCCC,,,1,,,,train
O=C1CCC=CCCC=CCCC1,,,1,,,,train
C=CC1CC1(NC(=O)C1CC2(CN1C(=O)C(NC(=O)C(NC(=O)C1CCCCN1C(C)C)C1CCCCC1)C(C)(C)C)C(C)(C)C21CCC1)C(=O)NS(=O)(=O)N(C)C1CC1,,,1,,,,train
COC(=O)C1NC(=O)C2NC(=O)C(NC(=O)C3NC(=O)C4NC(=O)C(NC(=O)C(N)c5ccc(O)c(c5)Oc5cc4cc(O)c5C)C(O)c4ccc(cc4)Oc4cc3cc(c4O)Oc3ccc(cc3)C2OC2CC(N)(O)C(C)CO2)c2ccc(O)c(c2)-c2c(O)cc(O)cc21,,,1,,,,train
CCC(=O)OC1CC2CC1C1CC=CC21,,,1,,,,valid
CCCCCCCCC=CCCCCCCCC(O)=NCCN1CCN(CCC(=O)O)C1CCCCCCCC=CCCCCCCCC.CCCCCCCCC=CCCCCCCCC(O)=NCCN1CCN=C1CCCCCCCC=CCCCCCCCC.CCCCCCCCC=CCCCCCCCC1N(CCC(=O)O)CCN1CCN(CCC(=O)O)CCC(=O)O,,,1,,,,train
O=C(CCCc1ccccc1)OCC(COC(=O)CCCc1ccccc1)OC(=O)CCCc1ccccc1,,,1,,,,train
COc1ccc(C)cc1C(CC(=O)O)c1ccccc1,,,0,,,,train
CCN(CCC#N)c1ccc(N=Nc2nc3ccc(Cl)c(Cl)c3s2)cc1,,,1,,,,train
Cc1ccc(S(=O)(=O)O)cc1.Cc1ccc(S(=O)(=O)O)cc1.NCCCCCCCCCCN,,,1,,,,test
CC(C)(C)c1ccc(OP2OCC3(CO2)COP(Oc2ccc(C(C)(C)C)cc2C(C)(C)C)OC3)c(C(C)(C)C)c1,,,1,,,,train
CN1CCN(C(=O)Cc2ccc(Cl)c(Cl)c2)C2C1CCCC2N1CCCC1,,,1,,,,train
COC(=O)C(C)Oc1ccc(Oc2ncc(C(F)(F)F)cc2Cl)cc1,,,1,,,,train
NC(=S)N=C(N)N,,,0,,,,train
C=CCOc1ccc(S(=O)(=O)c2ccc(O)cc2)cc1,,,1,,,,valid
CCNCc1cccc(Oc2cc(N3CCN(Cc4ccccc4-c4ccc(Cl)cc4)CC3)ccc2C(=O)NS(=O)(=O)c2ccc(NCC3CCOCC3)c([N+](=O)[O-])c2)c1,,,1,,,,train
C1CCC(COCC2CCCCC2)CC1,,,1,,,,train
CC1=C(C=NNC(N)=S)C(C)(C)CC=C1,,,1,,,,train
C=CCC(CC=C)(C(=O)O)C(CC=C)(CC=C)C(=O)O,,,1,,,,train
CC1OC(c2ccccc2)OCC1NC(=O)CN,,,0,,,,test
CO[Si](CCCNCCN)(OC)OC,,,0,,,,train
C=CC1CC1(NC(=O)C1CC2(CN1C(=O)C(NC(=O)C(NC(=O)C1CCCN1CC)C1CCCCC1)C(C)(C)C)C(C)(C)C21CCC1)C(=O)NS(=O)(=O)N(C)CCC,,,1,,,,train
c1ccc(CNCCNCc2ccccn2)nc1,,,1,,,,train
CC(=CCC1CC=C(C)C1(C)C)CO,,,1,,,,train
C=CS(=O)(=O)CS(=O)(=O)C=C,,,1,,,,valid
CC(=O)OO,,,1,,,,train
CCCC[P+](c1ccccc1)(c1ccccc1)c1ccccc1,,,1,,,,train
CC(S)C(=O)O,,,0,,,,train
COCc1cc(N)ccc1N,,,1,,,,train
NCc1ccc(CN)cc1,,,1,,,,test
CC(C)CC(C)(O)C#CC(C)(O)CC(C)C,,,1,,,,train
c1ccc(C[P+](c2ccccc2)(c2ccccc2)c2ccccc2)cc1,,,1,,,,train
N#CC(O)c1cccc(Oc2ccccc2)c1,,,1,,,,train
CC(=O)NC(CCCNC(=N)N)C(=O)NC1CC(=O)NCCCCC(C(N)=O)NC(=O)C(Cc2c[nH]c3ccccc23)NC(=O)C(CCCNC(=N)N)NC(=O)C(Cc2ccccc2)NC(=O)C(CCCN)NC1=O,,,1,,,,train
COc1ccc([N+](=O)[O-])cc1OCCCCl,,,1,,,,valid
CCn1c(O)c(CS(=O)(=O)O)c(C)c(N=Nc2ccc(S(=O)(=O)c3ccc(N=Nc4c(C)c(CS(=O)(=O)O)c(O)n(CC)c4=O)cc3)cc2)c1=O,,,1,,,,train
O=C1OC(O)C2C3CCC(O3)C12,,,1,,,,train
CC(=O)c1cccc2ccccc12,,,1,,,,train
C=CC1CC1(NC(=O)C1CC2(CN1C(=O)C(NC(=O)C(NC(=O)C1CCCCN1C(C)C)C1CCCCC1)C1CCCCC1)C(C)(C)C21CCC1)C(=O)NS(=O)(=O)N1CCCC1,,,0,,,,train
CCCCOC(=O)OCCCC,,,1,,,,test
C[N+](C)(Cc1ccccc1)Cc1ccccc1,,,1,,,,train
CCCCCCCCCCCCOCCOCC(CC(=O)O)S(=O)(=O)O,,,1,,,,train
C=Cn1cc[n+](C)c1,,,1,,,,train
CO[Si](C)(CCCCl)OC,,,0,,,,train
Cc1ccc(S(=O)(=O)O)cc1.c1ccncc1,,,1,,,,valid
CC(N)COCC1CCC(CN)CC1.CC(N)COCC1CCC(COCC(C)N)CC1.CC(N)COCC1CCC(COCC(C)OCC(C)N)CC1,,,1,,,,train
CCOC(=O)C1=NN(c2ccc(Cl)cc2Cl)C(C)(C(=O)OCC)C1,,,1,,,,train
C=COC(=O)c1ccc(C(C)(C)C)cc1,,,1,,,,train
Nc1ccc2cc(S(=O)(=O)O)cc(O)c2c1N=Nc1ccc(Nc2nc(Nc3ccc(N=Nc4c(N)ccc5cc(S(=O)(=O)O)cc(O)c45)c(S(=O)(=O)O)c3)nc(N(CCO)CCO)n2)cc1S(=O)(=O)O,,,0,,,,train
Cc1ccc(CC(C)C=O)cc1,,,1,,,,test
CCO[Si](CNC1CCCCC1)(OCC)OCC,,,1,,,,train
CCN(CC)CCCNC(=O)c1ccc(NC(=O)c2ccc3c(c2)C(=O)c2ccccc2C3=O)cc1,,,1,,,,train
Nc1nc2c(ccc3ccccc32)s1,,,1,,,,train
CCCCCCCCCCCCCCCCCCOCCCN(C)C,,,1,,,,train
CC(C)(c1ccc(NC(=O)CN2CCCC2)cc1)c1cccc(C(C)(C)c2ccc(NC(=O)CN3CCCC3)cc2)c1,,,1,,,,valid
CC1=CCC(C=CC(C)C(C)O)C1(C)C,,,1,,,,train
CCC(CC)C(=O)N(C)c1cccc(OC)c1,,,1,,,,train
CCOCCN=C(c1ccccc1)C(C)C,,,1,,,,train
CN(C)c1nc(N)c(C(=O)NC(=N)N)nc1Cl,,,1,,,,train
CN(C(=O)c1ccc(OCC2CC2)cc1)C1Cc2ccc(CN3CCCCCC3)cc2C1,,,1,,,,test
CC(C)N(C(C)C)P(OCCC#N)N(C(C)C)C(C)C,,,1,,,,train
C=CC1CC1(NC(=O)C1CC2(CN1C(=O)C(NC(=O)C(NC(=O)C1CCCN1CC)C1CCCCC1)C(C)(C)C)C(C)(C)C21CCC1)C(=O)NS(=O)(=O)N1CCCC1,,,1,,,,train
CCCCCCCCCCCCCCCCCC(=O)NCCC[N+](C)(C)CC(=O)OCCCCCCCCCCCCCC,,,1,,,,train
O=S(=O)(O)c1ccc(N=Nc2c(O)ccc3ccccc23)cc1,,,1,,,,train
CC(=O)Oc1ccc(C)cc1,,,0,,,,valid
c1ccc(Sc2ccccc2)cc1,,,1,,,,train
Nc1ccc(C(=O)OCCCOC(=O)c2ccc(N)cc2)cc1,,,1,,,,train
CC(C)C(O)=C1C(=O)OC(c2ccoc2)C2(C)C(O)C(O)C34OC5(C)OC3(C12)C(O)C1(O)C(O)C2(C)CC1(O5)C4(C)C2CC(=O)O,,,1,,,,train
CCCCCCCCCCCCCCCCCc1ncc[nH]1,,,1,,,,train
NC(CCC(=O)NC(CSc1c(Br)c(Br)c2c(c1Br)C(=O)OC2(c1ccc(O)c(S(=O)(=O)O)c1)c1ccc(O)c(S(=O)(=O)O)c1)C(=O)NCC(=O)O)C(=O)O,,,1,,,,test
CO[Si](CCCNCCC[Si](OC)(OC)OC)(OC)OC,,,1,,,,train
CN(C)CCCC1(c2ccc(F)cc2)OCc2cc(C#N)ccc21,,,1,,,,train
CCN1CCN(C(=O)Cc2ccc(Cl)c(Cl)c2)C2C1CCCC2N1CCCC1,,,1,,,,train
CNC(=O)c1cc(Cl)cc(C)c1N,,,1,,,,train
CCCCCCCCCCCCCCCCCCOC(=O)C(CC(=O)O)S(=O)(=O)O.CCCCCCCCCCCCCCCCCCOC(=O)CC(C(=O)O)S(=O)(=O)O.CCCCCCCCCCCCCCCCOC(=O)C(CC(=O)O)S(=O)(=O)O.CCCCCCCCCCCCCCCCOC(=O)CC(C(=O)O)S(=O)(=O)O,,,1,,,,valid
CCCCC(CC)COC(=O)C=CC(=O)O,,,0,,,,train
O=C1NC2C(=CC(O)C3OP(=O)(O)OC23)c2cc3c(cc21)OCO3,,,1,,,,train
CC(C)C(N)C(=O)OCc1ccccc1.Cc1ccc(S(=O)(=O)O)cc1,,,1,,,,train
CCNc1cc2oc3cc(NCC)c(C)cc3[c+](-c3ccccc3C(=O)OCC)c2cc1C.CCNc1cc2oc3cc(NCC)c(C)cc3[c+](-c3ccccc3C(=O)OCC)c2cc1C.CCNc1cc2oc3cc(NCC)c(C)cc3[c+](-c3ccccc3C(=O)OCC)c2cc1C.O=S(=O)(O)c1ccc2cc(Cc3cc4cc(Cc5cc6ccccc6cc5S(=O)(=O)O)ccc4cc3S(=O)(=O)O)ccc2c1,,,1,,,,train
CN(C)C12C(=O)C(c3ccccc3)=C(c3ccccc3)C1C1CCC2C1,,,1,,,,test
CCCC[P+](CCCC)(CCCC)CC(C)OC.Oc1ccc(C(c2ccc(O)cc2)(C(F)(F)F)C(F)(F)F)cc1,,,1,,,,train
CCCCCCC(CO)CCCC,,,1,,,,train
CC1(c2cccc(NC(=O)c3ccc(C(N)=O)cn3)c2)CCSC(N)=N1,,,1,,,,train
CCCCC(CC)COC(=O)C(C)O,,,1,,,,train
NC(CCC(=O)CC(CSSCC(NC(=O)CCC(N)C(=O)O)C(=O)NCC(=O)O)C(=O)NCC(=O)O)C(=O)O,,,1,,,,valid
CCC(C)NC1CCC(CC2CCC(NC(C)CC)CC2)CC1,,,1,,,,train
CCCC[P+](CC)(CCCC)CCCC.CCOP(=O)(O)OCC,,,1,,,,train
CC(C)(C)[Si](C)(C)N1CCNCC1,,,1,,,,train
CCCCCC(C)OC(=O)COc1ccc(Cl)c2cccnc12,,,1,,,,train
C1CC(COCC2CO2)CCC1COCC1CO1,,,1,,,,test
Oc1c(-n2ccnn2)cnn1-c1cc(N2CCOCC2)ncn1,,,0,,,,train
CC(C)(c1ccccc1)c1ccc(Nc2ccc(C(C)(C)c3ccccc3)cc2)cc1,,,0,,,,train
CCN(CC)CCNC(=O)c1ccc(NC(C)=O)cc1,,,1,,,,train
O=Cc1cccc(F)c1O,,,1,,,,train
CCCCOC(=O)c1ccccc1,,,1,,,,valid
CC1(C)CC(O)CC(C)(C)N1O,,,0,,,,train
Cc1cc(C(C)(C)c2ccc(O)c(C)c2)ccc1O,,,1,,,,train
CCn1c(=O)c2cnc3c(C(C)C)cccc3c2n(C2CCCC2)c1=O,,,1,,,,train
C=CC1CC1(NC(=O)C1CC2(CN1C(=O)C(NC(=O)C(NC(=O)C1CCCCN1CC(F)F)C1CCCCC1)C1CCOCC1)C(C)(C)C21CCC1)C(=O)NS(=O)(=O)N1CCCC1,,,0,,,,train
CN(C)C(=S)S,,,1,,,,test
C=COC(=O)c1ccccc1,,,1,,,,train
Cc1ccc(NC(=O)c2ccc(CN3CCN(C)CC3)cc2)cc1N=C(N)N,,,1,,,,train
CC(=O)N(O)CCCP(=O)(O)O,,,0,,,,train
O=C(O)CCCCCCCCC=CCCCCCCCOP(=O)(O)O,,,1,,,,train
CC(=O)O[Si](OC(C)=O)(OC(C)(C)C)OC(C)(C)C,,,1,,,,valid
CC(C)(C)c1ccc(CCC=O)cc1,,,1,,,,train
O=S(=O)(O)OCC1OC(OC2(COS(=O)(=O)O)OC(COS(=O)(=O)O)C(OS(=O)(=O)O)C2OS(=O)(=O)O)C(OS(=O)(=O)O)C(OS(=O)(=O)O)C1OS(=O)(=O)O,,,0,,,,train
CC(C)COP(=S)(S)OCC(C)C.CN(C)C,,,0,,,,train
O=c1cc(O)c2ccccc2o1,,,1,,,,train
Cc1cc(C)nc(C)c1,,,1,,,,test
NC(CCC(=O)O)C(=O)O,,,1,,,,train
OCCOCCOc1ccccc1,,,0,,,,train
c1ccc(N(CC2CO2)CC2CO2)cc1,,,1,,,,train
CC(=O)O[Si](C)(OC(C)=O)OC(C)=O,,,1,,,,train
C#CC1(O)CCC2C3CCC4=CC(=O)CCC4(C)C3CCC21C,,,1,,,,valid
CCCCCCCCCCCCCC(=O)NC(CCC(=O)O)C(=O)O.[H+],,,1,,,,train
CCOP(=O)(OCC)SCCCCCSP(=O)(OCC)OCC,,,1,,,,train
CCCCCCCCC=CCCCCCCCC(=O)O.CCCCCCCCCCC=CC1CC(=O)OC1=O.NCCNCCNCCN,,,0,,,,train
C=CCOCC(=C)C(=O)OC,,,1,,,,train
CCCCCCC1CCCC(=O)O1,,,1,,,,test
CCNC,,,1,,,,train
CCCCO,,,0,,,,train
CCCCCCCCCCCCCCO,,,1,,,,train
COCC(C)O,,,0,,,,train
CC1=CCC(C(C)CC=O)CC1,,,1,,,,valid
CC(C)COC(=O)c1cc(N)c(Cl)c(N)c1,,,1,,,,train
CCCCCCCCC(C)C=O,,,1,,,,train
C1CCCCC1.CC1CCCC1.CC1CCCCC1.CCCCCCC.c1ccccc1,,,1,,,,train
CC(O)C(=O)O.CCCCC(CC)COC(=O)Nc1ccc(C)c(NC(=O)OCCN(C)C)c1,,,1,,,,train
CCC(C)C(NC(=O)C(CCCN=C(N)N)NC(=O)C(CCCN=C(N)N)NC(=O)C(CC(C)C)NC(=O)C(Cc1ccccc1)NC(=O)C(Cc1c[nH]c2ccccc12)NC(=O)CNC(=O)C(N)Cc1ccc(O)cc1)C(=O)NC(CCCN=C(N)N)C(=O)N1CCCC1C(=O)NC(CCCCN)C(N)=O,,,1,,,,test
Oc1c(Br)cc(Br)cc1C=CNC(=S)NC1CC2CC1C1C=CCC21,,,1,,,,train
O=C(O)CC(Sc1nc2ccccc2s1)C(=O)O,,,1,,,,train
CCOC(C)(C)C,,,0,,,,train
CC12CCC(=O)C=C1C=CC1C2CCC2(C)C1CCC21CCC(=O)O1,,,1,,,,train
N#CC1CCCCC1n1cc(C(N)=O)c(Nc2ccc(S(=O)(=O)C(F)F)cc2)n1,,,1,,,,valid
CNCC(=O)O,,,1,,,,train
CCO[Si](CCCN)(OCC)OCC,,,0,,,,train
COC(=O)c1ccccc1OS(=O)(=O)c1ccc(O)cc1,,,1,,,,train
CCCc1c(OCCCCCOc2cc3c(cc2C(C)=O)CCC(C(=O)O)O3)ccc(C(C)=O)c1O,,,1,,,,train
O=C1OC(=O)c2cc(C(c3ccc4c(c3)C(=O)OC4=O)(C(F)(F)F)C(F)(F)F)ccc21,,,0,,,,test
CNC1=Nc2ccc(Cl)cc2C(c2ccc[nH]2)=NC1,,,1,,,,train
CCCCCCCCCCCCCCCCCC[N+](C)(C)C.CCCCCCCCCCCCCCCC[N+](C)(C)C,,,1,,,,train
C=C(C)C(=O)OC(C)CO,,,0,,,,train
C1COCCN1.C1COCCN1.Cc1ccc(S(=O)(=O)NCCCCCC(=O)O)cc1,,,1,,,,train
CCCC,,,1,,,,valid
C=CC(=O)OCCOCCOCC(CC)CCCC,,,1,,,,train
C=CCCCCCCCCC(=O)NC(Cc1ccccc1)C(=O)O,,,1,,,,train
CCCCCCCCC=CCCCCCCCC(=O)NCCC[N+](C)(C)CC.CCCCCCCCC=CCCCCCCCCCCCC(=O)NCCC[N+](C)(C)CC.CCOS(=O)(=O)OCC,,,1,,,,train
ICCCI,,,1,,,,train
CCN(CC)c1ccc(C(=N)c2ccc(N(CC)CC)cc2)cc1,,,1,,,,test
C1CCc2n[nH]nc2C1,,,0,,,,train
CCC=CCCOC(=O)c1ccccc1,,,1,,,,train
CNCCS(=O)(=O)O,,,0,,,,train
FC(F)(F)c1cn(-c2ccc(Cl)cc2Br)nn1,,,1,,,,train
CC(=O)OCC1OC(NS(N)(=O)=O)CC(OC(C)=O)C1OC(C)=O,,,1,,,,valid
C=Cc1ccc(CN(CCC[Si](OC)(OC)OC)CCN(Cc2ccc(C=C)cc2)Cc2ccc(C=C)cc2)cc1.C=Cc1ccc(CN(CCN)CCC[Si](OC)(OC)OC)cc1.C=Cc1ccc(CN(CCNCCC[Si](OC)(OC)OC)Cc2ccc(C=C)cc2)cc1.C=Cc1ccc(CNCCN(CCC[Si](OC)(OC)OC)Cc2ccc(C=C)cc2)cc1.C=Cc1ccc(CNCCNCCC[Si](OC)(OC)OC)cc1.CO[Si](CCCNCCN)(OC)OC,,,1,,,,train
COC(=O)C(=O)c1ccccc1,,,1,,,,train
CCCC(O)C(CC)CO.CCCC=C(C=O)CC.CCCCC(C=O)CC,,,1,,,,train
C=CCCC.CC=CCC,,,1,,,,train
COc1nc(C)nc(NC(=O)NS(=O)(=O)c2ccccc2OCCCl)n1,,,1,,,,test
CC=CC(=O)C(C)CC,,,1,,,,train
CCCCN(C)C(=NC1CCCCC1)NC1CCCCC1,,,1,,,,train
Fc1c(Cl)cc(C2(C(F)(F)F)CC(c3ccc4c(c3)COC43CNC3)=NO2)cc1Cl.O=S(=O)(O)c1ccccc1,,,1,,,,train
CC(C)ON=O,,,1,,,,train
CCCCCCCCCCCCN(CCCN(CC(=O)O)CC(=O)O)CC(=O)O.CCCCCCCCCCCCN(CCCN(CCCN(CC(=O)O)CC(=O)O)CC(=O)O)CC(=O)O.CCCCCCCCCCCCN(CCCN(CCCNCC(=O)O)CC(=O)O)CC(=O)O,,,1,,,,valid
COc1cccc2c1ncc1c(=O)n(-c3cc(C)cs3)c(=O)n(C3CCCC3)c12,,,1,,,,train
CC1CC(C)(C)OOC(C)(C)O1,,,1,,,,train
CCOC(=O)C1OC1c1ccccc1,,,1,,,,train
CCCCCCCCCCCC(=O)NCCC[N+](C)(C)[O-],,,1,,,,train
CC1(C)CC(N)CC(C)(CN)C1.CC1(C)CC(N)CC(C)(CNCCC#N)C1.CC1(C)CC(NCCC#N)CC(C)(CN)C1.CC1(C)CC(NCCC#N)CC(C)(CNCCC#N)C1,,,1,,,,test
O=c1nc(NO)ccn1C1OC(CO)C(O)C1O,,,1,,,,train
Oc1ccc(O)c2c1C(O)C1OC1C21Oc2cccc3cccc(c23)O1,,,1,,,,train
CCCCCCCCCCCC(=O)NCCCCC(N)C(=O)NC(CCCNC(=N)N)C(=O)NC(Cc1c[nH]c2ccccc12)C(=O)NC(CCCNC(=N)N)C(=O)NC(Cc1c[nH]c2ccccc12)C(=O)NC(CCCNC(=N)N)C(=O)NC(Cc1c[nH]c2ccccc12)C(N)=O,,,0,,,,train
CC(C)COCCO,,,0,,,,train
Cc1cc(C)c(O)c(C)c1,,,1,,,,valid
Cc1ccc(S(=O)(=O)c2ccc(O)c(O)c2)cc1,,,1,,,,train
CC[P+](c1ccccc1)(c1ccccc1)c1ccccc1,,,1,,,,train
CC(C)(C=NCC1(C)CC(N=CC(C)(C)CN2CCOCC2)CC(C)(C)C1)CN1CCOCC1,,,1,,,,train
NC(N)=O.OC[P+](CO)(CO)CO,,,1,,,,train
CCCCCCCCCCCC(=O)OCC(O)C(O)C(O)C(O)CO,,,1,,,,test
CCCCCCCCO[P+](=O)OCCCCCCCC,,,1,,,,train
CS(=O)(=O)CC(=O)Oc1ccc([N+](=O)[O-])cc1,,,1,,,,train
Cc1ccc(C)nc1.Cc1ccccn1.Cc1cccnc1.Cc1ccnc(C)c1.Cc1ccncc1.Nc1ccccc1,,,1,,,,train
CCCCCCCC(=O)NCCO.CCCCCCCCCC(=O)NCCO,,,1,,,,train
Cc1cc(N(C)C)cc(C)c1C(=C1C=CC(=[N+](C)C)C=C1)c1ccc(N(C)C)cc1,,,1,,,,valid
CC(C)(N)CO.CCCCCCCCCCCCc1ccccc1S(=O)(=O)O,,,1,,,,train
CC(=O)NC(CCCNC(=N)N)C(=O)NC1CC(=O)NCCCCC(C(N)=O)NC(=O)C(Cc2c[nH]c3ccccc23)NC(=O)C(CCCNC(=N)N)NC(=O)C(C)(Cc2ccccc2)NC(=O)C(Cc2c[nH]cn2)NC1=O,,,1,,,,train
CCC(C)(OO)OOC(C)(CC)OO,,,1,,,,train
C=C(CCl)c1ccccc1,,,1,,,,train
CCCCOC(=O)NC(=S)SCCCC,,,1,,,,test
COc1cccc2c1ncc1c(=O)n(-c3cccc(Cl)c3)c(=O)n(C3CCN(S(C)(=O)=O)CC3)c12,,,1,,,,train
Fc1ccccc1CNCc1ccc(-c2ccnc3[nH]ccc23)cc1,,,1,,,,train
C=C(C)C(=O)OC(=O)C(=C)C,,,1,,,,train
O=P(O)(O)OC1C(OP(=O)(O)O)C(OP(=O)(O)O)C(OP(=O)(O)O)C(OP(=O)(O)O)C1OP(=O)(O)O,,,1,,,,train
CCCCC(CC)COC(=O)CS,,,1,,,,valid
CCCCCCCCCCCC(=O)N(C)CC(=O)O,,,1,,,,train
NCCCCCCN.O=C(O)CCCCCCCCC(=O)O,,,1,,,,train
OC1COC2C(O)COC12,,,0,,,,train
CC(=O)NC(CCCNC(=N)N)C(=O)NC1CCC(=O)NCCCC(C(=O)O)NC(=O)C(Cc2c[nH]c3ccccc23)NC(=O)C(CCCNC(=N)N)NC(=O)C(Cc2ccccc2)NC(=O)C(CC(N)=O)NC1=O,,,1,,,,train
OC(CS)C(O)CS,,,1,,,,test
CCN(CC)c1ccc(C(=C2C=CC(=[N+](CC)CC)C=C2)c2ccccc2)cc1,,,1,,,,train
O=C(O)CCCCCNc1nc(NCCCCCC(=O)O)nc(NCCCCCC(=O)O)n1,,,0,,,,train
CCn1c(O)c(N=Nc2ccc(N=Nc3cc(OCCO)c(N=Nc4c(S(=O)(=O)O)cc5cc(S(=O)(=O)O)cc(O)c5c4O)cc3OCCO)c(S(=O)(=O)O)c2)c(C)c(C(N)=O)c1=O,,,1,,,,train
CC12CCC(C1)C(C)(C)C2=O,,,0,,,,train
C1=C(c2cccnc2)CCNC1,,,1,,,,valid
CC(C)=CCCC(C)C=CC=C(C)C=O,,,1,,,,train
C=CCCC(=O)CC1CC2CCC1C2,,,1,,,,train
O=C1OC(=O)c2cc(S(=O)(=O)c3ccc4c(c3)C(=O)OC4=O)ccc21,,,1,,,,train
Oc1ccc2ccccc2c1N=Nc1ccccc1,,,1,,,,train
CCCCCCCCCCCCCCCC(=O)N(C)C(CO)C(=O)NC(C)C(=O)NCC(=O)N(C)C1C(=O)NC(C)C(=O)NC(C(=O)O)Cc2ccc(O)c(c2)-c2cc1ccc2O,,,1,,,,test
Cn1sccc1=O,,,1,,,,train
Cc1cccc(S(=O)(=O)O)c1Oc1c(C)cccc1S(=O)(=O)O,,,0,,,,train
ON=CC1=CCCCC1,,,1,,,,train
COc1cc(O)c(C(=O)c2ccccc2)cc1S(=O)(=O)O.Clc1ccc([S+](c2ccc(Cl)cc2)c2ccc(Cl)cc2)cc1,,,1,,,,train
COC(=O)c1sc(N)c(C#N)c1C,,,1,,,,valid
C1=Cc2ccccc2C1.CC(C)c1ccccc1.CCc1ccc(CC)cc1.Cc1cc(C)cc(C)c1.Cc1ccccc1.c1ccc2c(c1)CCC2.c1ccc2c(c1)CCCC2.c1ccc2ccccc2c1.c1ccccc1,,,1,,,,train
CC(=CC1CCCCC1)CC(C)C=O,,,1,,,,train
CCCCCCCC(=O)OC(O)C(O)C(O)C(O)C(O)CO,,,1,,,,train
C=CC1CC1(NC(=O)C1CC2(CN1C(=O)C(NC(=O)C(NC(=O)c1cccnc1N(C)C)C1CCCCC1)C(C)(C)C)C(C)(C)C21CCC1)C(=O)NS(=O)(=O)N1CCCC1,,,1,,,,train
CC(=O)OCc1cc(C(C)=O)ccc1OC(C)=O,,,1,,,,test
CC(=O)OC1(C)CCOC(CC(C)C)C1,,,1,,,,train
CN(C)C=CC(=O)c1cccnc1,,,1,,,,train
CCCCCCCCCCCCOC(=O)c1ccccc1,,,1,,,,train
CCCCCCC(C)(C)C(=O)OOC(C)(C)C,,,1,,,,train
NNS(=O)(=O)c1ccc(Oc2ccc(S(=O)(=O)NN)cc2)cc1,,,1,,,,valid
CCC(C)(C)OOC(=O)C(C)(C)C,,,1,,,,train
COc1ccc(-c2cc(F)c(O)c(C=O)c2)cn1,,,1,,,,train
CC(=O)NC(CCCNC(=N)N)C(=O)NC1CCCNC(=O)CCC(C(N)=O)NC(=O)C(Cc2c[nH]c3ccccc23)NC(=O)C(CCCNC(=N)N)NC(=O)C(Cc2ccccc2)NC(=O)C(Cc2c[nH]cn2)NC1=O,,,1,,,,train
CNS(=O)(=O)CC1CCC(N(C)c2ncnc3[nH]ccc23)CC1,,,1,,,,train
CCOC(=S)SC(C)C(=O)OC,,,1,,,,test
CCCCCCCCCCCC(=O)OCC(O)COCC(O)CO,,,1,,,,train
N#[N+]c1ccc2c(S(=O)(=O)Cl)cccc2c1O,,,1,,,,train
CC(=O)OC1CC(C)CCC1C(C)C,,,1,,,,train
CCCCC(CC)COC1OC(CO)C(O)C(O)C1O,,,1,,,,train
CC(C)CCCCCCCCCCCCCCC(=O)NCC(C)O,,,0,,,,valid
CCCSc1nc(Cl)c([N+](=O)[O-])c(Cl)n1,,,1,,,,train
CC(C)C12CCC(C)(O1)C1CCC(C)(S(=O)(=O)O)C1C2O,,,1,,,,train
CCCC[N+](CC)(CCCC)CCCC.CCOS(=O)(=O)O,,,1,,,,train
Nc1ccc(Nc2ccccc2)c(S(=O)(=O)O)c1,,,0,,,,train
CCCCCCCCCC(=O)OCCN1CCN(CCCN2c3ccccc3Sc3ccc(C(F)(F)F)cc32)CC1,,,1,,,,test
CCCCP(CCCC)CCCC,,,1,,,,train
COC(=O)C1CCCN1C(=O)c1cccc(Nc2c(NC(c3ccc(C)o3)C3CCCS3)c(=O)c2=O)c1F,,,1,,,,train
CC(=O)NC(CCCNC(=N)N)C(=O)NC1CCC(=O)NCCCC(C(N)=O)NC(=O)C(Cc2c[nH]c3ccccc23)NC(=O)C(CCCNC(=N)N)NC(=O)C(Cc2ccccc2)NC(=O)C(Cc2c[nH]cn2)NC1=O,,,1,,,,train
CC1=[N+](C)c2ccc3ccccc3c2C1(C)C.Cc1ccc(S(=O)(=O)O)cc1,,,1,,,,train
CC(O)C(=O)O.CC(O)C(=O)O.CC1=CC(=O)[N+](CCCN(C)C)(c2cccnc2)C(O)=C1N=Nc1ccc(N=Nc2c(S(=O)(=O)O)cc3ccc(N=NC4=C(O)N(c5cccnc5)C(=O)C(C)=C4C)cc3c2O)cc1,,,1,,,,valid
Cc1cccc(O)c1,,,1,,,,train
O=S(=O)(O)c1ccc2c(O)cc(S(=O)(=O)O)cc2c1,,,0,,,,train
CCCCC(CC)CO,,,1,,,,train
C1=CCCC1.C1CCCC1.CC=C(C)C.CC=CCC.CCC(C)C.CCCCC,,,1,,,,train
CCCCC(CC)CO[N+](=O)[O-],,,1,,,,test
CC(Cc1ccc(F)cc1)C(=O)Cl,,,1,,,,train
CC(CC(=O)O)CC(C)(C)C(=O)O,,,1,,,,train
CCCCCCCCCCC(=O)OC[N+]1=CN(C)CC1,,,1,,,,train
CCCCCCCCCCCCCCCCCC(=O)OCC[N+](C)(C)CCO.CCCCCCCCCCCCCCCCCC(=O)OCC[N+](C)(C)CCOC(=O)CCCCCCCCCCCCCCCCC,,,1,,,,train
NCCCCC(N)C(=O)N1CCSC1,,,1,,,,valid
O=C1C=CC(=O)c2ccccc21,,,1,,,,train
C1=Cc2ccccc2C1.Oc1ccccc1.c1ccc2ccccc2c1,,,1,,,,train
CC(C)N(C(=O)CO)c1ccc(F)cc1,,,0,,,,train
CCN1OCC(NC(=O)c2ccc(C3=NOC(c4cc(Cl)c(F)c(Cl)c4)(C(F)(F)F)C3)cc2C)C1=O,,,1,,,,train
CNc1ncnc2c1ncn2C1OC(CO)C(OC2OC(CO)C(OP(=O)(O)O)C(OP(=O)(O)O)C2O)C1OP(=O)(O)O,,,1,,,,test
Nc1cc(N)c(N)cc1N,,,1,,,,train
CC(=O)OCC(C)(C)C=NCC1(C)CC(N=CC(C)(C)COC(C)=O)CC(C)(C)C1,,,1,,,,train
CCNC(C)Cc1ccc(OC)cc1,,,0,,,,train
CCCCCC(C)CC(=O)CCc1ccc(O)c(OC)c1.CCCCCC=CC(=O)CCc1ccc(O)c(OC)c1,,,0,,,,train
CC(=O)OC(c1ccccc1)C(Cl)(Cl)Cl,,,1,,,,valid
COc1ccc(NCCO)cc1N,,,1,,,,train
CC(C)(N=NC(C)(C)C1=NCCN1)C1=NCCN1,,,1,,,,train
C=CC(C)(CCC=C(C)C)OC(=O)CC,,,1,,,,train
CCOC(=O)CCN(C(=O)c1ccc(NC)c([N+](=O)[O-])c1)c1ccccn1,,,0,,,,train
C=C(C)C(=O)OCCOCCCC,,,1,,,,test
CC1CC(Nc2ncnc3[nH]cnc23)CC(C)(C)C1,,,1,,,,train
NCCCN1CCN(CCCN)CC1,,,1,,,,train
CCCCN(c1nc(N2CCCC2)nc(N(CCCC)C2CC(C)(C)N(C)C(C)(C)C2)n1)C1CC(C)(C)N(C)C(C)(C)C1,,,1,,,,train
CCCCCOC(=O)c1ccccc1O,,,1,,,,train
CCC1(O)CC2CC(c3cc4c(cc3OC)N(C)C3C(O)(C(N)=O)C(O)C5(CC)C=CCN6CCC43C65)c3[nH]c4ccccc4c3CCN(C2)C1,,,1,,,,valid
CCOC(=O)NCCOc1ccc(Oc2ccccc2)cc1,,,1,,,,train
CCC1CC1(NC(=O)C1CC2(CN1C(=O)C(NC(=O)C(NC(=O)C1CCCN1CC)C1CCCCC1)C(C)(C)C)C(C)(C)C21CCC1)C(=O)NS(=O)(=O)N1CCCC1,,,1,,,,train
CCCCC(CC)C(=O)OOC(C)(C)CC,,,1,,,,train
O=NN1CN2CN(C1)CN(N=O)C2,,,1,,,,train
CCOP(=O)(O)NC(CC(C)C)C(=O)O,,,1,,,,test
CC1(C)CC(N(C=O)CCCCCCN(C=O)C2CC(C)(C)NC(C)(C)C2)CC(C)(C)N1,,,0,,,,train
C1CNCCCNCCCNC1,,,1,,,,train
CN(C)Cc1ccccc1Cl,,,1,,,,train
CC(C)(c1ccc(OCC2CO2)cc1)c1ccc(OCC2CO2)cc1.CC1(C)CC(N)CC(C)(CN)C1,,,1,,,,train
CC(C)c1cccc(C(C)C)c1,,,1,,,,valid
C=CCCC(=O)C1=CCCC(C)(CC)C1,,,1,,,,train
Cc1ccc2c(c1)CC(C)(CO)C2,,,1,,,,train
CCCCCCCCCCCC(=O)OCC(C)(C)C=NCC1(C)CC(N=CC(C)(C)COC(=O)CCCCCCCCCCC)CC(C)(C)C1,,,0,,,,train
COC(OC)C(C)(C)CC=C(C)C,,,1,,,,train
CC(C)(C)c1cc(N)n(-c2cc(C(=O)O)cc(C(=O)O)c2)n1,,,1,,,,test
CN(CS(=O)(=O)O)c1ccc(N=Nc2cccc(S(N)(=O)=O)c2)cc1,,,1,,,,train
CO[Si](C)(CCCS)OC,,,0,,,,train
CC(=O)OC1CCC2(C)C(CCC3(C)C2C(=O)C=C2C4CC(C)(C(=O)O)CCC4(C)CCC23C)C1(C)C,,,1,,,,train
C=CC1CC1(NC(=O)C1CC2(CN1C(=O)C(NC(=O)C(NC(=O)C1CCCCN1C(C)C)C1CCCCC1)C(C)(C)C)C(C)(C)C21CCC1)C(=O)NS(=O)(=O)N(C)CC(F)F,,,1,,,,train
C=C[Si](C)(N(C)C)N(C)C,,,1,,,,valid
CC(C)(O)C(=O)c1ccc(Oc2ccc(C(=O)C(C)(C)O)cc2)cc1,,,1,,,,train
N#CN,,,1,,,,train
CCC(N)CO[Si](C)(OCC(N)CC)OCC(N)CC,,,1,,,,train
CC(CCO)CCc1ccccc1,,,1,,,,train
CCCCCCCCCCCC(=O)OCC(C)(C)C=Nc1ccc(N=CC(C)(C)COC(=O)CCCCCCCCCCC)cc1,,,1,,,,test
O=C(Cc1ccccc1)Nc1nnc(CCCCc2nnc(NC(=O)Cc3cccc(OCCN4CCOCC4)c3)s2)s1,,,0,,,,train
C#CC(C)(O)CC(C)C,,,1,,,,train
Cl[Si](Cl)(c1ccccc1)c1ccccc1,,,1,,,,train
C=CCCCCCCO,,,1,,,,train
NC(=O)Nc1cc(Nc2nc(Cl)nc(Nc3ccc(S(=O)(=O)CCOS(=O)(=O)O)cc3)n2)ccc1N=Nc1cc2c(S(=O)(=O)O)cc(S(=O)(=O)O)cc2cc1S(=O)(=O)O,,,0,,,,valid
CC(O)CC(C)CCc1ccccc1,,,1,,,,train
C[S+](C)C,,,1,,,,train
C[Si](C)(C)OC(Cn1cncn1)(Cn1cncn1)c1ccc(F)cc1F,,,1,,,,train
CC1=CCC2CC1C2(C)C,,,0,,,,train
[C-]#[N+]c1ccc(C(=O)Nc2cccc(C3(C(F)(F)F)CCSC(N)=N3)c2)nc1,,,1,,,,test
CCN=c1cc2oc3cc(NCC)c(C)cc3c(-c3ccccc3C(=O)OC)c-2cc1C,,,1,,,,train
O=C(Cl)c1cc(C(=O)Cl)cc(C(=O)Cl)c1,,,1,,,,train
O=C(Cl)C(F)(F)F,,,0,,,,train
CC(=O)OC(CC=C(C)C(Cl)C(Br)Br)C(C)(Br)CCl,,,1,,,,train
Clc1ncnc2[nH]ccc12,,,1,,,,valid
CC1(C)C(C=C(Cl)C(F)(F)F)C1C(=O)O,,,0,,,,train
Cn1c(COc2ccc(CC3SC(=O)N(C4OC(C(=O)O)C(O)C(O)C4O)C3=O)cc2)nc2ccc(O)cc21,,,1,,,,train
CC1(c2cc(Cl)cc(NC(=O)c3nc4ccccc4s3)c2)CCSC(N)=N1,,,1,,,,train
O=c1occo1,,,1,,,,train
CC(C)=CCCC(C)=CCCC(C)=CCCC(C)=CCCC(C)=CCC1=C(C)C(=O)c2ccccc2C1=O,,,1,,,,test
CC(CC(=O)Cl)CC(C)(C)C,,,1,,,,train
N#Cc1nn(Cc2ccccc2F)c2ncc(F)cc12,,,1,,,,train
CC(C)COC(=O)C(C)C,,,1,,,,train
CCOC(=O)C(CC)C(=O)OCC,,,0,,,,train
C=C[Si](C)(C)N[Si](C)(C)C=C,,,1,,,,valid
COC1CC2CC1C1C=CCC21,,,1,,,,train
COc1cccc2c1C(=O)c1c(O)c3c(c(O)c1C2=O)CC(O)(C(=O)CO)CC3OC1CC(N=c2c(O)c(O)c2=NCCCCCCN=c2c(O)c(O)c2=NC2CC(OC3CC(O)(C(=O)CO)Cc4c(O)c5c(c(O)c43)C(=O)c3c(OC)cccc3C5=O)OC(C)C2O)C(O)C(C)O1,,,1,,,,train
C=CC1CC1(NC(=O)C1CC2(CN1C(=O)C(NC(=O)C(NC(=O)C1CCCCN1C(C)C)C1CCCCC1)C(C)(C)C)C(C)(C)C21CCC1)C(=O)NS(=O)(=O)N1CCC(F)C1,,,1,,,,train
CCCCCC#CC(=O)OC,,,1,,,,train
Cc1nc2n(c(=O)c1CCN1CCC(C(=NO)c3ccc(F)cc3F)CC1)CCCC2,,,1,,,,test
CCCCCCCCCCCCCCN.Cc1cc(C)c(Nc2cc(S(=O)(=O)O)c(N)c3c2C(=O)c2ccccc2C3=O)c(C)c1,,,1,,,,train
CCC=C(CCC)C(=O)O,,,1,,,,train
O=C(O)C1N=C(c2ccccc2)c2cc(Cl)ccc2NC1=O,,,1,,,,train
CC=CC(C)OC.CC=CC(C)OC.CCC(C)(C)OC,,,0,,,,train
Cc1ccc(NC(=O)c2ccc(CN3CCN(C)CC3)cc2)cc1[N+](=O)[O-],,,1,,,,valid
COc1cc(C(C)=O)ccc1O,,,1,,,,train
CC(C)C=NCC1(C)CC(N=CC(C)C)CC(C)(C)C1,,,1,,,,train
CCCCCC=CC=CC(=O)OCC,,,1,,,,train
CC(=O)OC1CC2(C)C(CC(O)C3C4(C)CCC(O)C(C)C4CCC32C)C1=C(CCC=C(C)C)C(=O)O,,,1,,,,train
CON=C(C(=O)OC)c1ccccc1COc1cc(C)ccc1C,,,1,,,,test
CC1=CC(C)OC(C(C)c2ccccc2)C1,,,1,,,,train
CC=CC(=O)OC(C)CC(C)C,,,1,,,,train
CCCCCC1C=CC2C(C=CC(CCCCCCCC(=O)NCCN(CCNCCN)CCN(CCN)CCN)C2CCCCCCCC(=O)NCCNCCNCCNCCN)C1CCCCC.CCCCCC=CC1C(CCCCC)C=CC(CCCCCCCCC2=NCCN2CCNCCNCCN)C1CCCCCCCCC1=NCCN1CCNCCNCCN.CCCCCC=Cc1c(CCCCC)ccc(CCCCCCCCC(=O)NCCN(CCNCCN)CCN(CCN)CCN)c1CCCCCCCCC1=NCCN1CCNCCNCCN.CCCCCCCC=C(CCCCCCCCC(=O)NCCN(CCNCCN)CCN(CCN)CCN)C(CCCCCCCC)CCCCCCCCC(=O)NCCN(CCNCCN)CCN(CCN)CCN.NCCNCCN(CCN)CCN(CCN)CCN.NCCNCCNCCNCCN,,,1,,,,train
CCCCCCCCCCCCCCCCCCCCCCCCO,,,1,,,,train
CC(O)CCO,,,1,,,,valid
CN(CCC#N)c1ccc(C=CC2=[N+](C)c3ccccc3C2(C)C)cc1,,,1,,,,train
N#[N+]c1ccc2c(S(=O)(=O)O)cccc2c1O,,,1,,,,train
CCOP(=O)(C(=O)c1c(C)cc(C)cc1C)c1ccccc1,,,1,,,,train
COc1cc(C#N)cc(OC)c1O,,,0,,,,train
CC(C)(C)OOC(=O)C(C)(C)C,,,1,,,,test
CC(=O)Oc1cccc(OC(C)=O)c1,,,1,,,,train
CCCC(C)=NO[Si](C)(ON=C(C)CCC)ON=C(C)CCC,,,1,,,,train
CCOC(=O)CCCCC(Cl)CCCl,,,1,,,,train
C=CC(C)(CCC=C(C)C)OC(=O)N(C)C,,,1,,,,train
CCOCCOCCOC(C)=O,,,0,,,,valid
COC(=O)NC(=S)Nc1ccccc1NC(=S)NC(=O)OC,,,1,,,,train
CC(C)CCCCCCCOCCCN,,,1,,,,train
CN1CCCN(C(=O)c2ccc(-c3cc(NC4CC4)n4ncc(C=C5NC(=O)NC5=O)c4n3)s2)CC1,,,1,,,,train
Cc1nc(CCl)nc2ccccc12,,,1,,,,train
O=C1C=CC(=O)O1,,,1,,,,test
CSCCC(NC(=O)C(CC(C)C)NC(=O)CNC(=O)C(Cc1ccccc1)NC(=O)C(Cc1ccccc1)NC(=O)C(CCC(N)=O)NC(=O)C(CCC(N)=O)NC(=O)C1CCCN1C(=O)C(CCCCN)NC(=O)C1CCCN1C(=O)C(N)CCCN=C(N)N)C(N)=O,,,1,,,,train
CCn1cc[n+](C)c1.O=S(=O)(O)C(F)(F)F,,,1,,,,train
C=CC1CC1(NC(=O)C1CC2(CN1C(=O)C(NC(=O)C(NC(=O)C1CCCCN1C(C)C)C1CCCCC1)C(C)(C)C)C(C)(C)C21CCC1)C(=O)NS(=O)(=O)NC1CCC1,,,1,,,,train
C=CC(=O)O.CC(C)(c1ccc(O)cc1)c1ccc(O)cc1.ClCC1CO1,,,1,,,,train
CCC(=O)Nc1cc(S(=O)(=O)O)cc2cc(S(=O)(=O)O)c(N=Nc3cc(Nc4nc(Cl)nc(Nc5cccc(S(=O)(=O)CCOS(=O)(=O)O)c5)n4)ccc3S(=O)(=O)O)c(O)c12,,,1,,,,valid
N=C(N)NCCCC(N)C(=O)NC1CC(=O)NCCCCC(C(N)=O)NC(=O)C(Cc2c[nH]c3ccccc23)NC(=O)C(CCCNC(=N)N)NC(=O)C(Cc2ccccc2)NC(=O)C(CCC(N)=O)NC1=O,,,1,,,,train
C=COCCOCCOC(=O)C=C,,,1,,,,train
CC(O)(P(=O)(O)O)P(=O)(O)O.NCCO,,,1,,,,train
C=CC(C)=CCC=C(C)C,,,1,,,,train
C=CC(=O)OCCCCCCCCCCCCCCCCCCCC,,,0,,,,test
COC(=O)NC[Si](C)(OC)OC,,,0,,,,train
CC1(O)CCC2CC1C2(C)C,,,1,,,,train
CCOC(=O)C(C)C1CCCCC1,,,1,,,,train
FC(F)(F)C(F)(F)[P-](F)(F)(F)(C(F)(F)C(F)(F)F)C(F)(F)C(F)(F)F,,,1,,,,train
[C],,,1,,,,valid
Oc1ccn(-c2ccc(Cl)cc2)n1,,,1,,,,train
CC(O)C(=O)O.CCN(CC)CCCNc1nc(NCCCN(CC)CC)nc(Nc2ccc3c(O)c(N=Nc4ccc5[nH]c(=O)[nH]c5c4)c(S(=O)(=O)O)cc3c2)n1,,,1,,,,train
CC(C)(O)C1CCC(Nc2ccc3ncc(-c4cccc(Cl)c4)n3n2)C1,,,1,,,,train
CCC(C)c1cc(C(C)CC)c(O)c(C(C)CC)c1,,,1,,,,train
C=CS(=O)(=O)c1ccc(N=Nc2c(S(=O)(=O)O)cc3cc(S(=O)(=O)O)c(N=Nc4ccc(S(=O)(=O)C=C)cc4S(=O)(=O)O)c(O)c3c2N)cc1,,,1,,,,test
CCCCCCCCCCCC(=O)NC(CCC(=O)O)C(=O)O.CCCCCCCCCCCCCC(=O)NC(CCC(=O)O)C(=O)O.OCCN(CCO)CCO.OCCN(CCO)CCO,,,1,,,,train
NC(C(=O)O)c1ccccc1,,,1,,,,train
CN1C(=CC=CC2=[N+](C)c3ccccc3C2(C)C)C(C)(C)c2ccccc21,,,1,,,,train
CC(NCCCCCCNC(C)C(C)(C)C)C(C)(C)C,,,1,,,,train
CCOC(=O)CCN=C(N)N=C(N)N,,,1,,,,valid
CCCOC(=O)c1cc(O)c(O)c(O)c1,,,1,,,,train
CCCCCCCCCCCCCCCCCCN(CCCCCCCCCCCCCCCC)CCCNCCCNCCCN.CCCCCCCCCCCCCCCCCCN(CCCCCCCCCCCCCCCCCC)CCCNCCCNCCCN.CCCCCCCCCCCCCCCCN(CCCCCCCCCCCCCCCC)CCCNCCCNCCCN,,,1,,,,train
CC=CC(=O)OC(C)C1CCCCC1,,,1,,,,train
C[N+](C)(CCO)CCCNC(=O)C(O)C(O)C(O)C(O)CO,,,1,,,,train
CCO[Si](CN1CCOCC1)(OCC)OCC,,,1,,,,test
NC(=O)Nc1cc(Nc2nc(Cl)nc(Nc3cc(N)c(S(=O)(=O)O)cc3N=Nc3ccc(S(=O)(=O)CCOS(=O)(=O)O)cc3)n2)ccc1N=Nc1cc2c(S(=O)(=O)O)cc(S(=O)(=O)O)cc2cc1S(=O)(=O)O,,,1,,,,train
CCCCCCCC=CC=O,,,1,,,,train
CCOc1cc2c(cc1NC(=O)c1ccccc1)Oc1c(NC(C)=O)c3c(c(NC(C)=O)c1=N2)Oc1cc(NC(=O)c2ccccc2)c(OCC)cc1N=3,,,0,,,,train
O[Si](O)(c1ccccc1)c1ccccc1,,,1,,,,train
CC(C)OC(=O)OOC(=O)OC(C)C,,,1,,,,valid
CC1(C)CCCC(C)(C)N1[O],,,0,,,,train
CN(CCO)c1nc(Nc2ccccc2)nc(Nc2ccc(C=Cc3ccc(Nc4nc(Nc5ccccc5)nc(N(C)CCO)n4)cc3S(=O)(=O)O)c(S(=O)(=O)O)c2)n1,,,0,,,,train
O=S(=O)(O)c1ccc(N=Nc2c(O)ccc3cc(S(=O)(=O)O)ccc23)cc1,,,0,,,,train
C=CC(=O)OCCCCOC(=O)C=C,,,1,,,,train
OCC1NCC(O)C1O,,,1,,,,test
O=S(=O)(O)c1ccc(N=Nc2ccc(N=Nc3c(O)ccc4ccccc34)cc2)cc1,,,0,,,,train
CCCCOCCOCCOCCOCCCC.CCCCOCCOCCOCCOCCOCCCC,,,1,,,,train
CCNCCCCNCCCCNCCCCNCC,,,1,,,,train
Cc1cc(Br)nn1-c1ncccc1Cl,,,1,,,,train
CO[Si](OC)(C1CCCC1)C1CCCC1,,,1,,,,valid
CCOC(=O)CC(C)CC(C)(C)C,,,1,,,,train
CC(O)CO.CCCCN(CCO)CCCC,,,1,,,,train
C1=Cc2ccccc2C1.c1ccc2c(c1)CCC2.c1ccc2ccccc2c1,,,1,,,,train
CCCCO[P+](C)=O,,,1,,,,train
CCCCCCC(C)=O,,,1,,,,test
CC(C)(C)CC(C)(C)OO,,,1,,,,train
C=CC(=O)OCCOc1ccccc1-c1ccccc1,,,1,,,,train
CCC(C)C(C)C(C)CCc1ccc(O)cc1,,,1,,,,train
CCCCCCCCCCCC(=O)NCCO,,,1,,,,train
CNC(=O)c1cc(C#N)cc(C)c1NC(=O)c1cc(Cn2nnc(C(F)(F)F)n2)nn1-c1ncccc1Cl,,,1,,,,valid
O=S(=O)(Nc1ccc(O)cc1)c1ccccc1,,,1,,,,train
NCCCCCCNCCCCCCN,,,1,,,,train
CCCCCC=CCC=CCCCCCCCCC(=O)NCCC[N+](C)(C)CC(=O)O,,,1,,,,train
CNN=Nc1[nH]cnc1C(N)=O,,,1,,,,train
CCC=CCCCCCCCC(=O)N(C)C,,,1,,,,test
COC(=O)CC(=O)OC,,,0,,,,train
CC(CCN)CC(C)(C)CNCCC#N.CC(CCNCCC#N)CC(C)(C)C.CC(CN)CC(C)(C)CCNCCC#N.CC(CNCCC#N)CC(C)(C)CCN,,,1,,,,train
CC(NCc1ccn(Cc2ccccc2)c(=O)c1O)c1ccccc1,,,1,,,,train
O=Cc1c(O)ccc2cc(-c3cccc(C(=O)O)c3)ccc12,,,1,,,,train
Nc1c(N)n2n(c1=O)CCC2,,,1,,,,valid
CC(=O)N1c2ccccc2C(C)CC1(C)C,,,1,,,,train
CCCCCON=O,,,1,,,,train
CC(=O)OC1(C(C)=O)CCC2C3C=CC4=CC(=O)C=CC4(C)C3CCC21C,,,1,,,,train
CC1OC(C)C2Cc3ccccc3C2O1,,,0,,,,train
CC(CC(=O)CC(C)C1CC(=O)C2(C)C3=C(C(=O)C(O)C12C)C1(C)CCC(O)C(C)(C)C1CC3=O)C(=O)O,,,1,,,,test
Cc1c(CN2CCc3cc(S(=O)(=O)Nc4ccc(CCCC5CCCC5)cc4F)ccc3C2)cnn1-c1ccccc1,,,1,,,,train
CCn1cc[n+](C)c1.O=S(=O)(NS(=O)(=O)C(F)(F)F)C(F)(F)F,,,1,,,,train
CC(C)=CCCC(C)=CCCC(C)CCO,,,1,,,,train
CC=CCC.CCC(C)C.CCCCC.CCc1cccc2ccccc12.CCc1ccccc1.Cc1cccc(C)c1.Cc1cccc2ccccc12.Cc1ccccc1.c1ccc2ccccc2c1.c1ccccc1,,,1,,,,train
Cc1nc2cc(-c3ccccc3)c(-c3ccc(C4(N)CCC4)cc3)nn2c1C=CC(N)=O,,,1,,,,valid
CC(=O)OCC(CO)OC(C)=O.CC(=O)OCC(COC(C)=O)OC(C)=O.CC(=O)OCC(O)CO,,,0,,,,train
Cc1ccc(Nc2ccc(Nc3ccc(C)cc3)c3c2C(=O)c2ccccc2C3=O)cc1,,,0,,,,train
CC(=O)c1ccccc1-c1cccc2c(=O)cc(N3CCOCC3)oc12,,,1,,,,train
CCC1CC1(NC(=O)C1CC2(CN1C(=O)C(NC(=O)C(NC(=O)C1CCCCN1C(C)C)C1CCCCC1)C(C)(C)C)C(C)(C)C21CCC1)C(=O)NS(=O)(=O)N(C)C1CC1,,,1,,,,train
COc1cc(S(=O)(=O)O)c(C)cc1N=Nc1c(O)ccc2cc(S(=O)(=O)O)ccc12,,,0,,,,test
O=S1(=O)CS(=O)(=O)OCO1,,,1,,,,train
COc1ccc(C(O)CC(O)c2ccc(C(C)(C)C)cc2)cc1,,,1,,,,train
CC(N)COC(C)(C)OCC(C)N,,,1,,,,train
CC1COC(C)(CCC(=O)OCCCCOC(=O)CCC2(C)OCC(C)O2)O1,,,0,,,,train
CCC=CCC1C(=O)C=CC1CC(=O)OCCO,,,1,,,,valid
CCC12CCC3C4CCC(=O)C=C4CCC3C1CCC2=O,,,1,,,,train
CCCCCCCC(=O)OCCCO,,,1,,,,train
CNS(=O)(=O)C(F)(F)C(F)(F)C(F)(F)C(F)(F)F,,,1,,,,train
CC(CO)CO.CCCCCCCC(=O)SCCC[Si](OCC)(OCC)OCC.CCO[Si](CCCS)(OCC)OCC,,,1,,,,train
CC1=CC(=O)C2(C(=O)O1)C(c1ccc(C(C)(C)C)cc1)CC(=O)CC2c1ccc(C(C)(C)C)cc1,,,1,,,,test
CCCCCCCCC=CCCCCCCCC(=O)NC(=N)N(NC(=O)CCCCCCCCCCCCCCCCC)C(=O)CCCCCCCCCCCCCCC,,,1,,,,train
CC1C=CCCC1(C)C=O,,,1,,,,train
CCCCCCCC(=O)NCCC[N+](C)(C)CC(=O)O.CCCCCCCCCC(=O)NCCC[N+](C)(C)CC(=O)O,,,1,,,,train
COc1ccc(-c2ccc(C(C)C)cc2)c(C=O)c1O,,,1,,,,train
CC(=O)CC(C)C.OO,,,1,,,,valid
C=C(C)C1C=CC(C)(O)CC1,,,1,,,,train
CCCCN(c1nc(NCCCN(CCN(CCCNc2nc(N(CCCC)C3CC(C)(C)N(OC4CCCCC4)C(C)(C)C3)nc(N(CCCC)C3CC(C)(C)N(OC4CCCCC4)C(C)(C)C3)n2)c2nc(N(CCCC)C3CC(C)(C)N(OC4CCCCC4)C(C)(C)C3)nc(N(CCCC)C3CC(C)(C)N(OC4CCCCC4)C(C)(C)C3)n2)c2nc(N(CCCC)C3CC(C)(C)N(OC4CCCCC4)C(C)(C)C3)nc(N(CCCC)C3CC(C)(C)N(OC4CCCCC4)C(C)(C)C3)n2)nc(N(CCCC)C2CC(C)(C)N(OC3CCCCC3)C(C)(C)C2)n1)C1CC(C)(C)N(OC2CCCCC2)C(C)(C)C1,,,1,,,,train
C=C(C)COc1ccc(S(=O)(=O)O)cc1,,,0,,,,train
CCN(CC)c1ccc2nc3ccc(=[N+](CC)CC)cc-3oc2c1,,,1,,,,train
Nc1nc(N)nc(N)n1.O=P(O)(O)OP(=O)(O)O,,,1,,,,test
NC(=NCCCCCCN=C(N)N=C(N)Nc1ccc(Cl)cc1)N=C(N)Nc1ccc(Cl)cc1.O=C(O)C(O)C(O)C(O)C(O)CO.O=C(O)C(O)C(O)C(O)C(O)CO,,,1,,,,train
COc1ccc2c(c1)CCCC2=CCC1(C)C(=O)CCC1=O,,,1,,,,train
O=S(=O)(OS(=O)(=O)C(F)(F)F)C(F)(F)F,,,1,,,,train
CCCCCCCCCCCCP(=O)(O)O,,,1,,,,train
CCC=CCC=CCC=CCC=CCC=CCC=CCCC(=O)OCC.CCC=CCC=CCC=CCC=CCC=CCCCC(=O)OCC,,,1,,,,valid
C=CC(=O)OCCCCCCCC(C)C,,,1,,,,train
O=COCc1ccccc1,,,0,,,,train
Nc1cc(Cl)nc(C(=O)O)c1Cl,,,1,,,,train
O=C1CC(c2ccc(O)cc2)C2(O)C(=O)OC(C(O)CO)C2O1,,,1,,,,train
CC(C)=CCC(C)CC(C)CO,,,1,,,,test
CCN(c1ccccc1)c1nc(Cl)nc(Nc2cc(S(=O)(=O)O)cc3cc(S(=O)(=O)O)c(N=Nc4ccc5c(S(=O)(=O)O)cccc5c4S(=O)(=O)O)c(O)c23)n1,,,0,,,,train
CCCCC(CC)C1OCCN1CCCC,,,1,,,,train
C=C1CCC2CC1C2(C)C,,,1,,,,train
CCCC=CCO,,,0,,,,train
CCC(C)CCCC(C)(C)O,,,1,,,,valid
CN(Cc1ccc(Cl)cc1)c1nc(NC2CC2)n2ncc(C=C3NC(=O)NC3=O)c2n1,,,1,,,,train
CCCCCCCCCCCC(=O)NC(N)=NCCCC(N)C(=O)OCC.O=C1CCC(C(=O)O)N1,,,1,,,,train
O=C(c1ccccc1)c1ccc(O)cc1,,,1,,,,train
CO[Si](C)(CCCNCCN)OC,,,1,,,,train
CCC(C)(O)CCC=C(C)C,,,1,,,,test
CC(C)(C)C(=O)OC1CCC2(C)C3CCC4(C)C(=O)C5CC5C4C3C(O)C3OC32C1,,,1,,,,train
C=CC(=O)OCC(C)(COC(=O)C=C)N=C=O,,,1,,,,train
CC(=O)C1CCc2cc(F)ccc2O1,,,1,,,,train
C=CC(=O)OCCOC(=O)CCC(=O)O,,,1,,,,train
CC(CN)NCc1ccccc1.CC(N)CNCc1ccccc1,,,1,,,,valid
OC[P+](CO)(CO)CO,,,1,,,,train
Clc1ccc(CNc2nc(NCCc3c[nH]cn3)nc(NC3CCCCC3)n2)cc1,,,1,,,,train
C=C(C)C(=O)OCCC(C)OC(=O)C(=C)C,,,1,,,,train
CCO[Si](CCCN=C=O)(OCC)OCC,,,0,,,,train
CC1(C)CCCC2(C)C1CCC1(C)OC(=O)CC12,,,1,,,,test
CCC[Si](OC(C)=O)(OC(C)=O)OC(C)=O,,,1,,,,train
CCCCOCCOCCOC(=O)CCCCC(=O)OCCOCCOCCCC,,,1,,,,train
Fc1ccccc1CCl,,,1,,,,train
O=C(O)c1ccccc1SSc1ccccc1C(=O)O,,,1,,,,train
Cn1c(=O)c(C(=O)c2cccc(S(=O)(=O)O)c2)c2c3c(c(Nc4cc(Nc5nc(NCCNc6nc(Nc7cc(Nc8ccc9c%10c8C(=O)c8ccccc8-c%10c(C(=O)c8cccc(S(=O)(=O)O)c8)c(=O)n9C)c(S(=O)(=O)O)cc7S(=O)(=O)O)nc(Oc7ccc(S(=O)(=O)O)cc7)n6)nc(Oc6ccc(S(=O)(=O)O)cc6)n5)c(S(=O)(=O)O)cc4S(=O)(=O)O)ccc31)C(=O)c1ccccc1-2,,,0,,,,valid
CC(N)CO,,,1,,,,train
C=C(C)C(=O)OCCC[Si](OCC)(OCC)OCC,,,1,,,,train
Cc1ccc(C(=O)c2cccc(Br)n2)cc1,,,1,,,,train
OCCN1C=NCC1,,,1,,,,train
C=CC1CC1(NC(=O)C1CC2(CN1C(=O)C(NC(=O)C(NC(=O)C1CCCCN1CC)C1CCCCC1)C(C)(C)C)C(C)(C)C21CCC1)C(=O)NS(=O)(=O)N(C)CC,,,1,,,,test
C=CCBr,,,1,,,,train
F[P-](F)(F)(F)(F)F.c1ccc2c(c1)nnn2O[P+](N1CCCC1)(N1CCCC1)N1CCCC1,,,1,,,,train
C=C[Si](ON=C(C)CCC)(ON=C(C)CCC)ON=C(C)CCC,,,1,,,,train
O=C(OCC1CO1)c1ccc(C(=O)OCC2CO2)c(C(=O)OCC2CO2)c1,,,1,,,,train
CC(COCC(C)OC(=O)c1ccccc1)OC(=O)c1ccccc1.O=C(OCCOCCOC(=O)c1ccccc1)c1ccccc1.O=C(OCCOCCOCCOC(=O)c1ccccc1)c1ccccc1,,,1,,,,valid
CCCC[P+](CCCC)(CCCC)CCCC.F.[F-],,,1,,,,train
Nc1c2c(nc3c1CCCC3)CCCC2,,,1,,,,train
CN1CCC(c2c(O)cc(O)c3c(=O)cc(-c4ccccc4Cl)oc23)C1CO,,,1,,,,train
O=S(=O)(O)c1ccc(N=Nc2ccc(N=Nc3ccc(C=Cc4ccc(N=Nc5ccc(C=Cc6ccc(N=Nc7ccc(N=Nc8ccc(S(=O)(=O)O)cc8)cc7)cc6S(=O)(=O)O)c(S(=O)(=O)O)c5)cc4S(=O)(=O)O)c(S(=O)(=O)O)c3)cc2)cc1.O=S(=O)(O)c1ccc(N=Nc2ccc(N=Nc3ccc(C=Cc4ccc(N=Nc5ccc(N=Nc6ccc(S(=O)(=O)O)cc6)cc5)cc4S(=O)(=O)O)c(S(=O)(=O)O)c3)cc2)cc1,,,0,,,,train
COc1ccc(CN)cc1,,,0,,,,test
CCNS(=O)(=O)c1ccccc1C,,,1,,,,train
CCN(CC)CCCNC(=O)c1ccc(N=NC(C(C)=O)C(=O)Nc2ccc3[nH]c(=O)[nH]c3c2)cc1,,,1,,,,train
CCCCCCCCCCCCCCC(O)C(O)C(N)CO,,,0,,,,train
CC(C)C=NCC1CCCC(CN=CC(C)C)C1,,,1,,,,train
Nc1ccc(C(=O)NC(CCC(=O)O)C(=O)O)cc1,,,1,,,,valid
CCCCC1CCC(=O)O1,,,1,,,,train
CC(=O)Cc1c(Cl)cc(Cl)cc1Cl,,,1,,,,train
CCCCCCn1ncc(N)c1N,,,1,,,,train
N#Cc1ccc(O)c(O)c1,,,1,,,,train
CCCCCCCCCCCCCCCC(=O)N(CCO)CCNCCC(=O)O.CCCCCCCCCCCCCCCC(=O)NCCN(CCO)CCC(=O)O,,,1,,,,test
CCCCCCCCCC(=O)N(C)C,,,1,,,,train
CC1C(CN)CC2CC1C2(C)C,,,1,,,,train
CCCCCCCCC=COCC,,,1,,,,train
C=CC=CC(C)C(OC(N)=O)C(C)C(O)C(C)C=C(C)C1C(C)C(O)C(C)C1C=CCC1OC(=O)C(C)C(O)C1C,,,1,,,,train
C=CC1CC1(NC(=O)C1CC2(CN1C(=O)C(NC(=O)C(NC(=O)C1CCCCN1C(C)C)C1CCCCC1)C(C)(C)C)C(C)(C)C21CCC1)C(=O)NS(=O)(=O)N(C)OC,,,1,,,,valid
COc1ccc(-c2cc(C(N)=O)nc3cc(C(C)Cc4cccnc4N)ccc23)c(F)c1,,,1,,,,train
O=C(O)CN(CCO)CCN(CC(=O)O)CC(=O)O,,,0,,,,train
CC(C)(C)[Si](C)(C)Cl,,,1,,,,train
CCCCCCCCCCCC(=O)NC(CCC(=O)O)C(=O)O.NCCCCC(N)C(=O)O,,,0,,,,train
O=C(Cc1ccccc1)OCCc1ccccc1,,,1,,,,test
CCOC(=S)S,,,1,,,,train
CC[Si](OC(C)=O)(OC(C)=O)OC(C)=O,,,1,,,,train
C=CC[N+](C)(C)CC=C,,,1,,,,train
NC(N)=O,,,0,,,,train
CC(C)(C=NCCCCCCN=CC(C)(C)CN1CCOCC1)CN1CCOCC1,,,1,,,,valid
CCCCNC(=S)N(CCCC)CCCC,,,1,,,,train
C[N+](C)(C)C12CC3CC(CC(C3)C1)C2,,,1,,,,train
CC1(COC(=O)C2CC2)C(OC(=O)C2CC2)CCC2(C)C1CC(O)C1(C)Oc3cc(-c4cccnc4)oc(=O)c3C(O)C21,,,1,,,,train
CC12CCC3=C4CCC(=O)C=C4CCC3C1CCC2O,,,1,,,,train
c1ccc(-c2ncc[nH]2)cc1,,,1,,,,test
Cc1cc(C#N)cc(C)c1O,,,1,,,,train
CCCOC(=O)OOC(=O)OCCC,,,1,,,,train
O=S(=O)(NS(=O)(=O)C(F)(F)F)C(F)(F)F,,,0,,,,train
CCN(CC)c1ccc2nc3ccc(O)cc3[n+](-c3ccccc3)c2c1,,,1,,,,train
CN(C)c1ccc(NC(=N)N)cc1,,,1,,,,valid
CC1(C)CCc2c(CCC=O)cccc21.CC1(C)CCc2cc(CCC=O)ccc21.CC1(C)CCc2ccc(CCC=O)cc21,,,1,,,,train
COc1ccc(C(=O)Cl)cc1,,,0,,,,train
CC(=O)Nc1ccc(S(=O)(=O)O)cc1,,,1,,,,train
CC(=O)CCC1=C(C)CCCC1(C)C,,,1,,,,train
O=c1n(CCCS)c(=O)n(CCCS)c(=O)n1CCCS,,,1,,,,test
CCC(C)N,,,1,,,,train
C=C(C)C(=O)OCC1CC2CC1C1CCC(COC(=O)C(=C)C)C21,,,1,,,,train
CC(=O)N1CCN(c2ccc(O)cc2)CC1,,,1,,,,train
C=O.CC=O,,,0,,,,train
CCCCCCCCCCCC(=O)NCCC[N+](C)(C)CC(=O)O.CCCCCCCCCCCCCC(=O)NCCC[N+](C)(C)CC(=O)O,,,1,,,,valid
O=C(OCC1OC(OC(=O)c2ccc(O)c(O)c2O)C(OC(=O)c2ccc(O)c(O)c2O)C(OC(=O)c2ccc(O)c(O)c2O)C1OC(=O)c1ccc(O)c(O)c1O)c1ccc(O)c(O)c1O,,,1,,,,train
COC(=O)c1ccccc1N,,,0,,,,train
CCCCl,,,0,,,,train
Cc1cc(CC(C)CC(C)(C)C)n(O)c(=O)c1.NCCO,,,1,,,,train
C1=CC2CCC1C2.[N-]=C=O.[N-]=C=O,,,1,,,,test
C=CC(=O)OCCCCOC(=O)Oc1ccc(C(=O)c2ccccc2)cc1,,,1,,,,train
Cc1c(C#N)sc(N)c1C#N,,,1,,,,train
CCCCCCCCCCCCCC(=O)N(C)CC(=O)O,,,1,,,,train
CONC(C)Cc1c(Cl)cc(Cl)cc1Cl,,,1,,,,train
CCO[Si](CCCNCCN)(OCC)OCC,,,0,,,,valid
CCc1cc(C=CC(=O)c2ccc(SC)cc2)cc(CC)c1O,,,1,,,,train
CC(C)CCON=O,,,1,,,,train
CCCCOP(C)(=O)CCC(C#N)OC(C)=O,,,1,,,,train
COc1ccc2c(c1)CCCC2,,,1,,,,train
CC(C)OP(=O)(O)O,,,1,,,,test
COCc1ccc(COC)cc1,,,0,,,,train
COCCOCCOCCOCCOC,,,0,,,,train
COC(OC)C(C)c1ccccc1,,,1,,,,train
CC(CC(=O)NCCO)CC(C)(C)C,,,1,,,,train
CCO[Si](CCCNCCC[Si](OCC)(OCC)OCC)(OCC)OCC,,,0,,,,valid
CC(C)(C)C(=O)C=Cc1ccc2c(c1)OCO2,,,1,,,,train
CC(=O)OC12COC1CC(O)C1(C)C(=O)C(OC(=O)NC(C)C(=O)O)C3=C(C)C(OC(=O)C(O)C(NC(=O)c4ccccc4)c4ccccc4)CC(O)(C(OC(=O)c4ccccc4)C21)C3(C)C,,,0,,,,train
COC(=O)C(C)Oc1ccc(O)cc1,,,0,,,,train
COC(=O)C(Br)CBr,,,1,,,,train
O=C(C=Cc1ccccc1)OCc1ccccc1,,,1,,,,test
CC(C)(C)C(=O)Oc1ccc(S(=O)(=O)Nc2ccccc2C(=O)NCC(=O)O)cc1,,,0,,,,train
COCCc1ccc(O)cc1,,,0,,,,train
C=CC1CC1(NC(=O)C1CC2(CN1C(=O)C(NC(=O)C(NC(=O)C1CCCCN1C(C)C)C1CCOCC1)C(C)(C)C)C(C)(C)C21CCC1)C(=O)NS(=O)(=O)N1CCCC1,,,1,,,,train
CCO[Si](C)(CCCCl)OCC,,,0,,,,train
CCOCC1CCC(COCC)CC1,,,0,,,,valid
CCN=c1cc2oc3cc(NCC)c(C)cc3c(-c3ccccc3C(=O)OCC)c-2cc1C,,,1,,,,train
CCCCCCCCCCCCCCCC(=O)NC(CCC(=O)NCCCCC(NC(=O)C(C)NC(=O)C(C)NC(=O)C(CCC(N)=O)NC(=O)CNC(=O)C(CCC(=O)O)NC(=O)C(CC(C)C)NC(=O)C(Cc1ccc(O)cc1)NC(=O)C(CO)NC(=O)C(CO)NC(=O)C(NC(=O)C(CC(=O)O)NC(=O)C(CO)NC(=O)C(NC(=O)C(Cc1ccccc1)NC(=O)C(NC(=O)CNC(=O)C(CCC(=O)O)NC(=O)C(C)NC(=O)C(N)Cc1cnc[nH]1)C(C)O)C(C)O)C(C)C)C(=O)NC(CCC(=O)O)C(=O)NC(Cc1ccccc1)C(=O)NC(C(=O)NC(C)C(=O)NC(Cc1c[nH]c2ccccc12)C(=O)NC(CC(C)C)C(=O)NC(C(=O)NC(CCCNC(=N)N)C(=O)NCC(=O)NC(CCCNC(=N)N)C(=O)NCC(=O)O)C(C)C)C(C)CC)C(=O)O,,,1,,,,train
Cc1cnc(N)s1,,,0,,,,train
CC(C)=CCCC(C)=CCN,,,1,,,,train
O=C(OCCOCCO)C(=O)c1ccccc1.O=C(OCCOCCOC(=O)C(=O)c1ccccc1)C(=O)c1ccccc1,,,0,,,,test
C1=C(c2ccccc2)CCN(Cc2ccccc2)C1,,,1,,,,train
CCC(C)=NO[Si](ON=C(C)CC)(ON=C(C)CC)c1ccccc1,,,1,,,,train
CCCCCCOC(=O)c1ccccc1O,,,1,,,,train
CCN(CC)C(N(CC)CC)=[N+](CC)CC,,,0,,,,train
CCCCCCCCC=CCCCCCCCC(=O)O.NCCNCCN,,,1,,,,valid
CCN(CC[n+]1ccccc1)c1ccc(N=Nc2ccc([N+](=O)[O-])cc2Cl)cc1,,,0,,,,train
N#[N+]c1cc(S(=O)(=O)Cl)c2ccccc2c1O,,,1,,,,train
ClCc1ccc(Cl)nc1,,,1,,,,train
CCCCCCCC(=O)O.CCCCCCCCN,,,1,,,,train
CC(=O)[c-]1c(=O)cc(C)oc1=O,,,1,,,,test
O=C(O)c1ccccc1-c1c2cc(Br)c(=O)c(Br)c-2oc2c(Br)c(O)c(Br)cc12,,,1,,,,train
C=CC(=C)CCCC(C)(C)OC(C)=O,,,1,,,,train
CC1(O)CCC2C(=CCCC2(C)C)C1,,,1,,,,train
C=C(C)C(=O)OCCOCCOc1ccc(C(=O)c2ccccc2)cc1,,,1,,,,train
C=CC(=O)O[Si](C(C)C)(C(C)C)C(C)C,,,1,,,,valid
CCC(C)(C)C1CCC(=O)CC1,,,1,,,,train
Cc1nn(-c2ccccc2)c(C)c1CN1CCc2cc(S(=O)(=O)Nc3ccc(CCCC4CCCC4)cc3F)ccc2C1,,,1,,,,train
CCC(C)C1CCCc2cccnc21,,,1,,,,train
OOC1(OOC2(O)CCCCC2)CCCCC1,,,1,,,,train
C=C1CCCC2(C)C1CCC1(C)OC3=C(CC12)C(=O)C(OCC)=CC3=O,,,1,,,,test
CCCC(=O)OC(C(Cl)(Cl)Cl)P(=O)(OC)OC,,,1,,,,train
CCCCCCCCCCCC(=O)NCCC[N+](C)(C)CC(=O)O,,,1,,,,train
Clc1cc(Cl)c(Cl)nc1Cl,,,1,,,,train
NCCCCCCN.NCCCCCCNCCCCCCN,,,1,,,,train
CCCCC(N)C(=O)O,,,1,,,,valid
CCOC(=O)C(C)(O)c1ccc(Oc2ccccc2)cc1,,,1,,,,train
CCC=CCC1C(=O)CCC1CC(=O)OC,,,1,,,,train
CCOC(=O)C1C(C)CCCC1(C)C,,,1,,,,train
CC(C)(C)OC(=O)N1CC(=O)CC1C(=O)O,,,0,,,,train
CC(C)(C=NC1CCC(CC2CCC(N=CC(C)(C)CN3CCOCC3)CC2)CC1)CN1CCOCC1,,,1,,,,test
CC(C)(C)OOC(=O)C=CC(=O)O,,,1,,,,train
C=C(C)C(=O)Oc1ccccc1Cl,,,0,,,,train
CCN(CC)c1ccc(C(=C2C=CC(=[N+](CC)CC)C=C2)c2ccc(S(=O)(=O)O)cc2S(=O)(=O)O)cc1,,,1,,,,train
O=C(Cl)c1cc(Cl)cc(Cl)c1,,,1,,,,train
O=S(=O)(O)C(F)(F)C(F)(F)C(F)(F)C(F)(F)F,,,0,,,,valid
CCCCNCCCC,,,1,,,,train
CCCCCC(C)(CC)C(=O)OOC(C)(C)CC(C)O,,,1,,,,train
Cc1ccccc1OCC(O)CNC(C)CN.Cc1ccccc1OCC(O)CNCC(C)N.Cc1ccccc1OCC(O)CNCC(C)NCC(O)COc1ccccc1C,,,1,,,,train
CCCCCCCCC=CCCCCCCCC(=O)O.CCCCCCCCC=CCCCCCCCCNCCCN,,,1,,,,train
CCCCCCCCC=CCCCCCCCC(=O)N(C)CCS(=O)(=O)O,,,0,,,,test
Oc1ccc(N=Nc2ccccn2)c(O)c1,,,1,,,,train
O=P(OCCCl)(OCCCl)OCC(CCl)(CCl)COP(=O)(OCCCl)OCCCl,,,1,,,,train
CI,,,1,,,,train
CC(C)C1OCCN1CCO.CC(C)C1OCCN1CCO.CC(C)C1OCCN1CCOC(=O)OCCN1CCOC1C(C)C.CC(C)C1OCCN1CCOC(=O)OCCN1CCOC1C(C)C.COC(=O)OCCN1CCOC1C(C)C.COC(=O)OCCN1CCOC1C(C)C,,,1,,,,train
CCC(CO)(CO)CO.CCC(CO)CO.CCC1(CO)COCOC1,,,0,,,,valid
CC(C)(C)N,,,1,,,,train
ON=CC1=CCOCC1,,,1,,,,train
O=C=Nc1ccc(N=C=O)cc1,,,1,,,,train
COc1cc(Br)cc(C=NCCSSCCN=Cc2cc(Br)cc(OC)c2O)c1O,,,1,,,,train
CCN(CC)c1ccc(C(=C2C=CC(=[N+](CC)CC)C=C2)c2ccc(N(CC)CC)cc2)cc1,,,1,,,,test
CCC=CCC=CCC=CCCCCCCCC(=O)OCC(O)COC(=O)C(C)(C)C(C)CC(C)C.CCC=CCC=CCC=CCCCCCCCC(=O)OCC(O)COc1ccc(C(C)(C)c2ccc(OCC(O)COC(=O)CCCCCCCC=CCC=CCC=CCC)cc2)cc1,,,1,,,,train
CC(C)(C#N)CC1=CCC2CC1C2(C)C,,,1,,,,train
CNC(=N[N+](=O)[O-])NCc1cnc(Cl)s1,,,1,,,,train
CCC=CCCCCC=O,,,1,,,,train
CC(C)=CCCC(C)CCOCC=O,,,1,,,,valid
C=CCOC(=O)CCCCCC,,,1,,,,train
CC1=NN(c2ccccc2)C(=O)C1N=Nc1cccc([N+](C)(C)C)c1,,,0,,,,train
ClCCOCCOCOCCCl.ClCCOCOCCCl.ClCCOCOCCOCCOCOCCCl,,,0,,,,train
Cc1ccc2oc(-c3ccccc3)cc(=NCCO)c2c1,,,1,,,,train
COC=C(C(=O)OC)c1ccccc1COc1cccc(C(F)(F)F)n1,,,1,,,,test
CCCCOC(=O)CC(O)(CC(=O)OCCCC)C(=O)OCCCC,,,0,,,,train
CNC(=O)C(Cc1ccc(OC)cc1)NC(=O)C1(CC(=O)NO)CCCCC1,,,1,,,,train
CC(=O)OCC(=O)C1C(C)CC2C3CC(F)C4=CC(=O)CCC4(C)C3CCC21C,,,1,,,,train
N#C[N-]c1nc(Nc2cccc(S(=O)(=O)O)c2)nc(Nc2cc(N)c(S(=O)(=O)O)cc2N=Nc2ccc(S(=O)(=O)CCOS(=O)(=O)O)cc2)n1,,,0,,,,train
N=C(N)NCCCC(N)C(=O)O.NC(CCC(=O)O)C(=O)O,,,1,,,,valid
CCC=CCC1CCCC(=O)O1,,,1,,,,train
O=C1C=CC(=O)N1c1cccc(N2C(=O)C=CC2=O)c1,,,1,,,,train
CC(=O)Nc1ccc(S(N)(=O)=O)cc1,,,0,,,,train
Nc1cc([N+](=O)[O-])ccc1O,,,1,,,,train
C=CCOC(Cn1ccnc1)c1ccc(Cl)cc1Cl,,,1,,,,test
CN(C)C(=O)c1cc2cnc(Cl)nc2n1C1CCCC1,,,1,,,,train
O=P(O)(O)C(CSCCO)P(=O)(O)O,,,1,,,,train
CC1CC(=O)C=C2CCC3C4CCC(=O)C4(C)CCC3C21C,,,1,,,,train
Cc1ccc(-c2nc3ccccc3c(=O)[nH]2)o1,,,1,,,,train
Cc1ccc(C(=O)OOC(=O)c2ccc(C)cc2)cc1,,,1,,,,valid
Nc1ccc(N)c(CCO)c1,,,1,,,,train
CCO[Si](CCCN=C(C)CC(C)C)(OCC)OCC,,,1,,,,train
Nc1ccc(CC(O)(P(=O)(O)O)P(=O)(O)O)cc1,,,1,,,,train
C=CC(=O)OCCOc1ccc(C(=O)c2ccccc2)cc1,,,1,,,,train
N=C(N)NCCNC(=N)N,,,1,,,,test
CC1=C(C=O)C(C)(C)CC=C1,,,1,,,,train
CC(C)(CS(=O)(=O)O)NC(=O)CCSCCC(F)(F)C(F)(F)C(F)(F)C(F)(F)C(F)(F)C(F)(F)F,,,0,,,,train
CN(C)CCOCCN(C)CCCN,,,1,,,,train
C1CN(CCOCCN2CCOCC2)CCO1.CC(OCCN)N1CCOCC1.O=C1COCCN1.OCCOCCN(CCO)CCO.OCCOCCO,,,1,,,,train
CCCCCCCCC=CCCCCCCCC1=NCCN1CCO,,,1,,,,valid
Cc1ccc2c(c1)C(Nc1nc(N)nc(C(C)F)n1)C(C)C2,,,1,,,,train
CC(C)COc1ccc2ccccc2c1,,,1,,,,train
CC(O)CN.CCCCCCCCCCCC(=O)N(C)CC(=O)O.CCCCCCCCCCCC(=O)N(C)CC(=O)O,,,1,,,,train
Cc1ccc(C(C)C)cc1O,,,1,,,,train
CC1(C)NCCS1,,,1,,,,test
CCCCCCCCCCCC(=O)NC(CCCN=C(N)N)C(=O)OCC,,,1,,,,train
CCCCNC(=O)OCC#CI,,,1,,,,train
O=C(O)P(=O)(O)O,,,0,,,,train
COC(=O)Oc1ccc(C)cc1OC,,,1,,,,train
C[Si](Cl)(Cl)C1CCCCC1,,,1,,,,valid
CCCCCCCC(=O)NC(CCC(=O)O)C(=O)O,,,0,,,,train
CCCCCCC(=O)OCC,,,1,,,,train
C1CCCCC1.CC1CCCC1.CC1CCCCC1.CCC(C)CC.CCCC(C)C.CCCCCC,,,1,,,,train
CC1(c2cc(NC(=O)c3cnc(NS(C)(=O)=O)cn3)ccc2F)C=CSC(N)=N1,,,1,,,,train
O=C(O)C=Cc1ccccc1,,,1,,,,test
O=S(=O)(O)c1cc(Nc2nc(Nc3ccccc3)nc(N3CCOCC3)n2)ccc1C=Cc1ccc(Nc2nc(Nc3ccccc3)nc(N3CCOCC3)n2)cc1S(=O)(=O)O,,,1,,,,train
COCc1cccc(-c2cc(C=O)c(O)c(OC)c2)c1,,,1,,,,train
CC(CO)c1ccccc1,,,0,,,,train
CS(=O)(=O)c1ccc(C=O)c(C(F)(F)F)c1,,,1,,,,train
c1ccc(Cc2nc(Cc3ccccc3)nc(Cc3ccccc3)n2)cc1,,,1,,,,valid
COc1cc(O)c(C(=O)c2ccccc2)cc1S(=O)(=O)O,,,0,,,,train
C#CCOC(=O)n1ccnc1,,,1,,,,train
CC1C=CCC2C(=O)OC(=O)C12,,,1,,,,train
CC1CC(=CCCC=O)CC1(C)C,,,1,,,,train
C=CCOC(=O)CCC1CCCCC1,,,1,,,,test
CCCCCC(C)(C)OC,,,1,,,,train
CCOC(=O)CC1C=CCC1,,,1,,,,train
COc1ccc(S(=O)(=O)CCOS(=O)(=O)O)cc1N=Nc1c(S(=O)(=O)O)cc2c(N=Nc3ccc(S(=O)(=O)CCOS(=O)(=O)O)cc3S(=O)(=O)O)c(NCS(=O)(=O)O)ccc2c1O,,,1,,,,train
CCCCC1CCCC(=O)O1,,,1,,,,train
CCC(C)(C)OOC1(OC)CCCCC1,,,1,,,,valid
CON=C(C(=O)OC)c1ccccc1CCl,,,1,,,,train
NNC(=O)CCCCCCCCC(=O)NN,,,1,,,,train
N#CC1CCCCC1n1cc(C(N)=O)c(Nc2ccc(S(=O)(=O)CC(F)(F)F)cc2)n1,,,1,,,,train
NNC(=NCCCC(=O)O)NN,,,1,,,,train
CP(=O)(O)O,,,1,,,,test
CC(C)(C)OC(=O)N1CC(O)CC1C(=O)O,,,0,,,,train
CC(=O)O[Si](C)(OC(C)=O)OC(C)C,,,0,,,,train
COc1ccc(-c2ccc3c(C=O)c(O)ccc3c2)cn1,,,1,,,,train
CCN(CC)P(Cl)(Cc1ccccc1)(c1ccccc1)c1ccccc1,,,1,,,,train
O=c1cccccc1O,,,1,,,,valid
CCC(C)COC(=O)c1ccccc1O.CCCCCOC(=O)c1ccccc1O,,,1,,,,train
CCc1nccn1CCC#N,,,1,,,,train
O=S(=O)(c1ccc(O)cc1)c1ccc(O)cc1.O=S(=O)(c1ccc(O)cc1)c1ccc(O)cc1.O=S(=O)(c1ccc(O)cc1)c1ccc(O)cc1.c1ccc([P+](c2ccccc2)(c2ccccc2)c2ccccc2)cc1.c1ccc([P+](c2ccccc2)(c2ccccc2)c2ccccc2)cc1,,,1,,,,train
C=CC(=O)OCCN=C=O,,,1,,,,train
CC(C)(C)c1cc(O)c(C(C)(C)C)cc1O,,,1,,,,test
N=C1N=C(N)c2ccccc21,,,1,,,,train
COc1ccc2c(CN3CCC4(CC3)CN(c3ccc(C(=O)O)cc3)C(=O)O4)nn(CC(=O)C(C)(C)C)c2c1,,,1,,,,train
Nc1ccc2cc(S(=O)(=O)O)cc(O)c2c1N=Nc1ccc(Cl)cc1C(F)(F)F,,,0,,,,train
C=CC1CC2C=CC1C2,,,1,,,,train
C=C(C)C(=O)OCC(O)COc1ccccc1,,,1,,,,valid
CC(c1ccccc1)c1cccc(C(C)c2ccccc2)c1O,,,1,,,,train
CCCCCCCCCCCCOC(=O)C=Cc1ccc(O)c(O)c1,,,0,,,,train
Nc1ccccc1NC(=O)c1ccc(CNc2nccc(-c3cccnc3)n2)cc1,,,0,,,,train
CCCCOc1cc(C(=O)NCCN(CC)CC)c2ccccc2n1,,,1,,,,train
C=CC(=O)Nc1ccccc1,,,1,,,,test
CC(C)(C)c1ccc(S(=O)(=O)Nc2ccc3cc(S(=O)(=O)c4cc5c(c(S(=O)(=O)O)c4N)Oc4c(Cl)c6c(c(Cl)c4=N5)Oc4c(ccc(N)c4S(=O)(=O)O)N=6)ccc3c2)cc1.[H-].[H-].[H-],,,1,,,,train
CCC[N+](C)(C)CCCNc1ccc(NC)c2c1C(=O)c1ccccc1C2=O,,,1,,,,train
C=C(Cl)C(=C)Cl,,,1,,,,train
CC(C)CC1CCC(CCC=O)CC1,,,1,,,,train
C=CC(=O)OCCOCC(CC)(COCCOC(=O)C=C)COCCOC(=O)C=C,,,1,,,,valid
NCCCCCCCCCCCC(=O)O,,,1,,,,train
CC12CCCCC1C(=O)OC2=O,,,0,,,,train
CC(C)C1OCCN1CCOC(=O)NCCCCCCNC(=O)OCCN1CCOC1C(C)C,,,1,,,,train
C=CCNCCCNCC=C,,,1,,,,train
Nc1ccc2c(O)c(N=Nc3ccc(S(=O)(=O)CCOS(=O)(=O)O)cc3)c(S(=O)(=O)O)cc2c1N=Nc1ccc(S(=O)(=O)CCOS(=O)(=O)O)cc1,,,1,,,,test
CCCCCCCCCCCC(C)c1ccc(S(=O)(=O)O)cc1.CCn1cc[n+](C)c1,,,0,,,,train
CCC1C(=O)CCC1=O,,,1,,,,train
O=S(=O)(O)c1cc(O)c2c(S(=O)(=O)O)cccc2c1,,,0,,,,train
COc1cc(Br)c2c3c1OC1CC(=O)C=CC31CCNC2,,,1,,,,train
N#CCC1(n2cc(C(N)=O)c(Nc3ccnc(F)c3)n2)CCC(NCc2ccc(C#N)cc2)CC1,,,1,,,,valid
N#CC(CCc1ccc(Cl)cc1)(Cn1cncn1)c1ccccc1,,,1,,,,train
CCCCCCCCCCCCCCCCOS(=O)(=O)CCC[N+](C)(C)C,,,0,,,,train
C[Si](Cl)(Cl)CCCCl,,,0,,,,train
CCCCCCCCC=CCCCCCCCC(=O)OCCN1CCN=C1CCCCCCCC=CCCCCCCCC.CCCCCCCCC=CCCCCCCCC1=NCCN1CCO,,,1,,,,train
O=C(OCCOC(=O)c1ccc2c(c1)C(=O)OC2=O)c1ccc2c(c1)C(=O)OC2=O,,,1,,,,test
C=CC(=O)OCC1CCCO1,,,1,,,,train
CCCCCCCCCCCCCCCCCC[N+](C)(C)Cc1ccccc1,,,1,,,,train
CC(=O)C(C)=CC1C(C)=CCCC1(C)C,,,1,,,,train
CC(C)OC(=S)S,,,1,,,,train
COc1ccc2cc(-c3n(C)c4cc(S(C)(=O)=O)ccc4[n+]3C)oc2c1,,,1,,,,valid
C[Si](C)(C)N[Si](C)(C)C,,,1,,,,train
C=CC1CC1(NC(=O)C1CC2(CN1C(=O)C(NC(=O)C(NC(=O)C1CCCN1C(C)C)C1CCCC1)C(C)(C)C)C(C)(C)C21CCC1)C(=O)NS(=O)(=O)N1CCCC1,,,1,,,,train
CCOC(=O)C1=CC2OC(C)(C)OC2C(OS(C)(=O)=O)C1,,,1,,,,train
n1nc(Nc2nn[nH]n2)n[nH]1,,,1,,,,train
O=[N+]([O-])c1cccc(Cl)c1Cl,,,1,,,,test
CCCn1c(=O)c(C)cn2nc(N)nc12,,,1,,,,train
C=C(C)C(=O)OCCOCCOCCOCCOC(=O)C(=C)C,,,1,,,,train
Cc1cccnc1,,,0,,,,train
Clc1ccccc1C(Cl)(Cl)Cl,,,1,,,,train
CP(=O)(O)O.NC(=O)N=C(N)N,,,1,,,,valid
CCOP(=S)(Cl)OCC,,,1,,,,train
Nc1c(S(=O)(=O)O)cc2cc(S(=O)(=O)O)cc(O)c2c1N=Nc1ccc(Nc2nc(F)nc(N(CCS(=O)(=O)CCOS(=O)(=O)O)c3ccccc3)n2)cc1S(=O)(=O)O,,,0,,,,train
CCCOCc1ccc(CC(C)C)cc1,,,1,,,,train
O=C1C=CC(=O)N1C1CCCCC1,,,1,,,,train
CCCCCCCCCCCc1ccc(S(=O)(=O)O)cc1,,,1,,,,test
CC1(C)OC(c2ccco2)CN1C(=O)C(Cl)Cl,,,1,,,,train
CCC=C(C)C(O)C(C)CC,,,1,,,,train
CC(C)(N)CO.CCCCCCCCC=CCCCCCCCC(=O)O,,,1,,,,train
C=CCC1=C(C)C(OC(=O)C2C(C=C(C)C)C2(C)C)CC1=O,,,1,,,,train
O=C(c1ccc2c(c1)C(=O)OC2=O)c1ccc2c(c1)C(=O)OC2=O,,,1,,,,valid
CC1=CCC2CCCCC2C1N1C(=O)C2C3CC4C5(C)CCCC(C)(C(=O)O)C5CCC4(C=C3C(C)C)C2C1=O,,,1,,,,train
O=C(Cl)CCc1ccccc1,,,1,,,,train
CC(CN)CCCCCCN,,,1,,,,train
CCCCC(CC)C(c1ccc(O)cc1)c1ccc(O)cc1,,,1,,,,train
O=C(OCC1CO1)c1ccccc1C(=O)OCC1CO1,,,1,,,,test
O=C1C(c2[nH]c3ccc(S(=O)(=O)O)cc3c2O)=Nc2ccc(S(=O)(=O)O)cc21,,,1,,,,train
CCCCCCCCC=CCCCCCCCC(=O)NCCOCCO,,,1,,,,train
CC(C)CCCCCCCCCCO,,,1,,,,train
CCC12CCC3C4=C(CCC3C1CCC2=O)CC(OC)=CC4,,,1,,,,train
C1=CC2C3C4C5C=CC4C24CNCC54C13,,,1,,,,valid
COC1C=CC=C(C)C(=O)NC2=CC(=O)C(NCCCCCCNC(=O)c3ccccn3)=C(CC(C)CC(OC)C(O)C(C)C=C(C)C1OC(N)=O)C2=O,,,1,,,,train
Nc1nc2c(c(=O)[nH]1)NC(CNc1ccc(C(=O)NC(CCC(=O)O)C(=O)O)cc1)CN2,,,1,,,,train
CC(C)CCCC(C)CC=O,,,1,,,,train
COc1ccc(CNN=CC2=[N+](C)c3ccccc3C2(C)C)cc1,,,1,,,,train
O=C(O)CN(CCO)CC(=O)O,,,0,,,,test
CC(C)(C)c1cc2c(c(C(C)(C)C)c1)OP(=O)(O)Oc1c(cc(C(C)(C)C)cc1C(C)(C)C)C2,,,1,,,,train
CCC=C(C)C(O)CCCCC,,,1,,,,train
C1CO1,,,0,,,,train
CCOC(=O)C(C)=CC(=O)OC,,,1,,,,train
[O-]n1ccccc1=S,,,1,,,,valid
CC(N)C(=O)NC(C)C(=O)NC1C2CN(c3nc4c(cc3F)c(=O)c(C(=O)O)cn4-c3ccc(F)cc3F)CC21,,,1,,,,train
CCOc1ccc(Cc2cc(C3(OC)OC(CO)C(O)C(O)C3O)ccc2Cl)cc1.OCC#CCO,,,1,,,,train
COC(=O)CCS,,,1,,,,train
CCCCCCCCCCCCCC(=O)NCCC[N+](C)(C)CC(=O)O,,,1,,,,train
CCCCCCCCCCCCCC[N+](C)(C)CC(=O)O,,,1,,,,test
CCC,,,1,,,,train
CN(C)CCNC(=O)CCCCC1CCSS1,,,1,,,,train
CC1(C)CC=C(CCC=O)CC1,,,1,,,,train
c1cc(OCC2CO2)c2ccc(OCC3CO3)cc2c1,,,1,,,,train
CC(=CC#N)CCc1ccccc1,,,1,,,,valid
CCCCCCC=CC(C)=O,,,1,,,,train
O=c1ccccn1O,,,1,,,,train
CC[SiH](CC)CC,,,1,,,,train
COc1ccc(C=CCc2ccccc2)cc1,,,1,,,,train
COc1ccc2[nH]c(=S)[nH]c2c1,,,1,,,,test
CC(=O)OCC(C)OC(C)=O,,,0,,,,train
CCCCCCC(O)CC=CCCCCCCCC(=O)OCCCC,,,1,,,,train
CC(C)COC(=S)S,,,1,,,,train
CCOC(=O)OC1CCCCC1C(C)(C)C,,,1,,,,train
CCCCCCCCC=CCCCCCCCCOC(=O)C(CC(=O)O)S(=O)(=O)O,,,1,,,,valid
Nc1ccc(F)cc1,,,1,,,,train
Cc1nc2c(O)cccn2c(=O)c1CCCl,,,1,,,,train
CCCCCCCCCCCC(=O)OC(C)CS(=O)(=O)O,,,1,,,,train
CCC(C)=CCCC(C)=CC#N,,,1,,,,train
C=C(C)C(=O)NC(C)C,,,0,,,,test
CCC1(CO)COC1,,,0,,,,train
C=C(C)C(=O)OCCNC(=O)n1nc(C)cc1C,,,1,,,,train
C=CC(=O)OCCOC(=O)NCCC(C)(C)CC(C)CNC(=O)OCCOC(=O)C=C.C=CC(=O)OCCOC(=O)NCCC(C)(C)CC(C)CNC(=O)OCCOC(=O)C=C.C=CC(=O)OCCOC(=O)NCCC(C)(C)CC(C)CNC(=O)OCCOC(=O)C=C.C=CC(=O)OCCOC(=O)NCCC(C)CC(C)(C)CNC(=O)OCCOC(=O)C=C.C=CC(=O)OCCOC(=O)NCCC(C)CC(C)(C)CNC(=O)OCCOC(=O)C=C.C=CC(=O)OCCOC(=O)NCCC(C)CC(C)(C)CNC(=O)OCCOC(=O)C=C,,,1,,,,train
CCCCCCCCCCCCCCC(C=CCOC(=O)CCC(=O)O)CCSCCC(C=CCOC(=O)CCC(=O)O)CCCCCCCCCCCCCC,,,1,,,,train
CC(CO)OC(C)COC1CC2CCC1(C)C2(C)C.CC(CO)OCC(C)OC1CC2CCC1(C)C2(C)C.CC(O)COC(C)COC1CC2CCC1(C)C2(C)C.CC(O)COCC(C)OC1CC2CCC1(C)C2(C)C,,,1,,,,valid
CN(C)CCCNCCC#N,,,1,,,,train
C=CCc1ccc(OC)cc1,,,1,,,,train
CO[Si](CCCNCCNCCN)(OC)OC,,,0,,,,train
CCCCCCCCOC(C)=O,,,0,,,,train
CP(=O)(O)CCC(N)C(=O)O,,,1,,,,test
ON=Cc1cccc[n+]1COC[n+]1ccccc1C=NO,,,1,,,,train
CC1(C)CCC(=Cc2ccc(Cl)cc2)C1=O,,,1,,,,train
CC(CCOS(=O)(=O)c1ccccc1)N=C1C=CC(=NC(C)CCOS(=O)(=O)c2ccccc2)c2c1c(O)c1ccccc1c2O,,,1,,,,train
CCn1cc[n+](C)c1.N#CN=C=[N-],,,1,,,,train
CN=C(c1ccccc1Cl)C1(O)CCCC1,,,1,,,,valid
CSc1ccc(C(=O)C(C)(C)N2CCOCC2)cc1,,,1,,,,train
CC(CCl)OP(=O)(OCC(CCl)(CCl)COP(=O)(OC(C)CCl)OC(C)CCl)OC(C)CCl,,,1,,,,train
CCN(CC)c1ccc2c(-c3ccccc3C(=O)O)c3ccc(=[N+](CC)CC)cc-3oc2c1,,,1,,,,train
ClP(c1ccccc1)c1ccccc1,,,1,,,,train
CC12CCC(=O)C=C1C=CC1C2CCC2(C)C1CCC21CCC(=O)O1.Oc1c(Cl)c(Cl)c(O)c(Cl)c1Cl,,,1,,,,test
COC(=O)C1=COC(O)C2C(CO)=CCC12,,,1,,,,train
CCCc1nc(C)c2c(=O)[nH]c(-c3ccccc3OCC)nn12,,,1,,,,train
CCC=CCCCCCCCCCCCCCC(=O)O,,,1,,,,train
CN1c2ccccc2C(=O)c2ccc(Cl)cc2S1(=O)=O,,,1,,,,train
N#[N+]c1cc(S(=O)(=O)O)c2ccccc2c1O,,,1,,,,valid
NCCCNCCCNCCC1CCCCCCCCCCCCCC1,,,1,,,,train
CCCCCCCCCC(C)(C)N.Cc1cc(C)c(Nc2cc(S(=O)(=O)O)c(N)c3c2C(=O)c2ccccc2C3=O)c(C)c1,,,1,,,,train
CNC(=O)ON=C(C)SC,,,0,,,,train
CCCNC1CCc2c(O)cccc2C1,,,1,,,,train
Fc1ccc(F)c(C2CCCN2)c1.O=C(O)CC(O)C(=O)O,,,1,,,,test
CCN(CC)CCCNc1nc(NCCCN(CC)CC)nc(Nc2ccc(S(=O)(=O)Nc3cccc4ccc(C5C(=O)c6c(Cl)c(Cl)c(Cl)c(Cl)c6C5=O)nc34)cc2)n1,,,1,,,,train
O=S1(=O)C=CCO1,,,1,,,,train
C=C(C)CCOC(=O)C(=C)C,,,1,,,,train
Oc1c(C2C=CCCC2)ccc2ccccc12,,,1,,,,train
[H]C([H])([H])C(N)C([H])([H])c1cc(OC)c(C)cc1OC,,,1,,,,valid
SCCOCCOCCS,,,1,,,,train
C=COCC1CCC(COC=C)CC1,,,1,,,,train
N#CNC(N)=NCCCCCCN=C(N)NC#N,,,1,,,,train
CCCCCCOCCOCCO,,,1,,,,train
O=C(c1ccc(OCCCc2c[nH]cn2)cc1)C1CC1,,,0,,,,test
Cc1ccc(S(=O)(=O)OCCc2cccs2)cc1,,,1,,,,train
C=CC(=O)OCCCCCCCCCCCCCCCCCCCCCC,,,0,,,,train
CC1(C)C2CCC3(CCc4c(O)c(C=O)c(O)c(C=O)c4O3)C1C2,,,1,,,,train
OCCO,,,1,,,,train
NC(CCCl)=NS(N)(=O)=O,,,0,,,,valid
CC(C)=CCCC(C)=CCCC(C)=CCCC(C)=CCCC(C)=CCCC(C)=CCC1=C(C)C(=O)c2ccccc2C1=O,,,0,,,,train
CC(C)CCCC(C)C1CCC2C3CCC4=CC(=NO)CCC4(C)C3CCC12C,,,1,,,,train
F[P-](F)(F)(F)(F)F.F[P-](F)(F)(F)(F)F.c1ccc([S+](c2ccccc2)c2ccc(Sc3ccc([S+](c4ccccc4)c4ccccc4)cc3)cc2)cc1,,,1,,,,train
CC(=O)Oc1ccc(C(C)(C)CC(C)(C)C)cc1C1C(=O)Oc2ccc(C(C)(C)CC(C)(C)C)cc21,,,1,,,,train
CC1(C)C2CCC1(CS(=O)(=O)O)C(=O)C2.COC(=O)C(c1ccccc1Cl)N1CCc2sccc2C1,,,1,,,,test
O=S(=O)(O)CC(S)CS,,,1,,,,train
Nc1cc(Cl)c(OC(F)(F)C(F)C(F)(F)F)cc1Cl,,,1,,,,train
CCNc1nc(NC(C)C)nc(SC)n1,,,1,,,,train
O=C(O)C(F)(F)Cl,,,0,,,,train
CCN(CC)c1ccc2cc(C3(S(=O)(=O)O)Nc4cc(S(N)(=O)=O)ccc4O3)c(=O)oc2c1,,,0,,,,valid
CC(CC(=O)OOC(=O)CC(C)CC(C)(C)C)CC(C)(C)C,,,1,,,,train
Cc1cc(CN(C)C)ccc1C(=O)Cn1ncc(OCc2ccc(F)cn2)cc1=O,,,1,,,,train
CCOC(=O)ON=C(C)C(=O)c1ccccc1,,,1,,,,train
CN(C)CCCSC(=N)N,,,1,,,,train
CC(=O)Nc1ccc(F)cc1-c1ccc(Cl)c(Cl)c1,,,1,,,,test
CCCCCCCCCCN(C)CCCCCCCCCC,,,1,,,,train
CC(=CCCC=O)CCCC(C)C,,,1,,,,train
O=Cc1cccc(Cl)c1Cl,,,1,,,,train
CCO[Si](C)(CN1CCOCC1)OCC,,,1,,,,train
COc1ccc(N)cc1S(=O)(=O)O,,,0,,,,valid
CCCCOS(=O)(=O)c1ccc(C)cc1,,,1,,,,train
Nc1ccc(N)c(Cl)c1,,,0,,,,train
CCCCCCCCCCCCCCCCO,,,1,,,,train
CCCC[N+](CCCC)(CCCC)Cc1ccccc1.O=S(=O)(O)c1ccc(O)c2ccccc12,,,1,,,,train
CCCCCCCCC=CCCCCCCCC(=O)O.CCCCCCCCC=CCCCCCCCC(=O)O.CCCCCCCCC=CCCCCCCCCNCCCN,,,1,,,,test
CCCC1=CC(=O)OC1O,,,1,,,,train
Clc1cccc(C(Cl)(Cl)Cl)n1,,,1,,,,train
CCCCCCCCC=CCCCCCCCCNC(=O)CC(C(=O)O)S(=O)(=O)O,,,0,,,,train
CO[Si](CCCN(CCN(Cc1ccccc1)Cc1ccccc1)Cc1ccccc1)(OC)OC.CO[Si](CCCN(CCN)Cc1ccccc1)(OC)OC.CO[Si](CCCN(CCNCc1ccccc1)Cc1ccccc1)(OC)OC.CO[Si](CCCNCCN(Cc1ccccc1)Cc1ccccc1)(OC)OC.CO[Si](CCCNCCN)(OC)OC.CO[Si](CCCNCCNCc1ccccc1)(OC)OC,,,1,,,,train
C=CCCCCCCCC(=O)OC,,,1,,,,valid
CCCCOCCOCCOCCOCCO,,,0,,,,train
O=Cc1ccc(OCc2cccc(F)c2)cc1,,,1,,,,train
CC1(C)COC2(CCC3=C(CCC4C3CCC3(C)C4CCC3(O)C#N)C2)OC1,,,1,,,,train
C=CC(=O)OC.CCCCC(CC)CN,,,1,,,,train
CC(=O)NC(CCCNC(=N)N)C(=O)NC1CC(=O)NCCCCC(C(N)=O)NC(=O)C(Cc2c[nH]c3ccccc23)NC(=O)C(CCCNC(=N)N)NC(=O)C(Cc2ccccc2)NC(=O)C(Cc2cccc(C(N)=O)c2)NC1=O,,,1,,,,test
CCOC(=O)C1C2CCC(CC2)C1N,,,1,,,,train
Cc1ccc(S(=O)(=O)NCl)cc1,,,1,,,,train
CCCCN(c1nc(Cl)nc(N(CCCCCCN(c2nc(Cl)nc(N(CCCC)C3CC(C)(C)NC(C)(C)C3)n2)C2CC(C)(C)NC(C)(C)C2)C2CC(C)(C)NC(C)(C)C2)n1)C1CC(C)(C)NC(C)(C)C1,,,1,,,,train
O=C(O)c1ccc(Br)c(C2NC(C(=O)O)CS2)c1O,,,0,,,,train
C=CC(=O)OCCOCCOC(C)OCC(COC(C)OCCOCCOC(=O)C=C)(COC(C)OCCOCCOC(=O)C=C)NC(=O)COc1ccc2sc3ccccc3c(=O)c2c1,,,1,,,,valid
CC(=O)OC1C(N2CCCC2)CC2C3CCC4CC(O)C(N5CCOCC5)CC4(C)C3CCC21C,,,1,,,,train
CC(=O)C(C)(C)C,,,0,,,,train
CCCC[N+](CCCC)=C(N(CC)CC)N(CC)CC,,,1,,,,train
NCCO.O=C(O)CS,,,1,,,,train
BrC(Br)Br,,,1,,,,test
C=C(C)C(=O)NCCCN(C)C.C=C(C)C(=O)NCCCN(C)C.C=C(C)C(=O)NCCCN(C)C.C=C(C)C(=O)NCCCN(C)C.CCCCCC(CCCC)c1ccc(S(=O)(=O)O)cc1.CCCCCCC(CCCC)c1ccc(S(=O)(=O)O)cc1.CCCCCCCC(CCCC)c1ccc(S(=O)(=O)O)cc1.CCCCCCCCC(CCCC)c1ccc(S(=O)(=O)O)cc1,,,0,,,,train
CC(Cc1ccc(O)cc1)NCC(=O)c1cc(O)cc(O)c1,,,1,,,,train
CC(C)CCCCCCCOC(=O)C(CC(=O)OCCCCCCC(C)C)S(=O)(=O)O.CC(C)CCCCCCCOC(=O)CC(C(=O)OCCCCCCC(C)C)S(=O)(=O)O.CC(C)CCCCCCCOC(=O)CC(C(=O)OCCCCCCCC(C)C)S(=O)(=O)O,,,1,,,,train
CCCCCCCNCCCCCCCCCCC(=O)O,,,1,,,,train
CCCCCC=CCC=CC=CC=CC(SCC(NC(=O)CCC(N)C(=O)O)C(=O)NCC(=O)O)C(O)CCCC(=O)O,,,1,,,,valid
C=CC1CC1(NC(=O)C1CC2(CN1C(=O)C(NC(=O)CC1(CC#N)CCCCC1)C(C)(C)C)C(C)(C)C21CCC1)C(=O)NS(=O)(=O)N1CCCC1,,,1,,,,train
O=Cc1cc(Cl)cc(C=O)c1O,,,1,,,,train
CO[Si](C)(OC)C1CCCCC1,,,1,,,,train
CCCC(C)COC(=O)c1ccccc1O,,,1,,,,train
C=CC(=O)OCC(CCC)CCCCC,,,1,,,,test
CC(C)C(=O)OCC(C)(C)C(O)C(C)C,,,1,,,,train
CCN(CC)C1=CC2Oc3cc(N(CC)CC)c(C)cc3C(c3ccccc3C(=O)OC)=C2C=C1C,,,1,,,,train
O=C(O)CCCCCCCCCCC(=O)O.OCCN(CCO)CCO.OCCN(CCO)CCO,,,1,,,,train
CCCCC(CC)COC(=O)C(C)Oc1ccc(Cl)cc1C,,,1,,,,train
CO[Si](CCCN)(OC)OC,,,0,,,,valid
N#CCC1(n2cc(C(N)=O)c(Nc3ccnc(F)c3)n2)CCC(Nc2ccccn2)CC1,,,1,,,,train
COc1cc(OC(F)(F)F)ccc1Cn1c(C2CCCCC2C(=O)O)nc2ccc(OCc3ccn(C)n3)cc21,,,1,,,,train
CC=C(C)C(=O)OC1C(OC(C)=O)C2(CO)C(O)CC3(C)C(=CCC4C5(C)CCC(OC6OC(C(=O)O)C(OC7OC(CO)C(O)C(O)C7O)C(O)C6OC6OC(CO)C(O)C(O)C6O)C(C)(CO)C5CCC43C)C2CC1(C)C,,,0,,,,train
FC(F)(F)I,,,1,,,,train
CC(O)(CSc1ccc(F)cc1)C(=O)Nc1ccc(C#N)c(C(F)(F)F)c1,,,1,,,,test
C1CO1.CC1CO1.Cc1cccc(N)c1N,,,0,,,,train
CCCCCCCCN=c1ccn(CCCCCCCCCCn2ccc(=NCCCCCCCC)cc2)cc1,,,1,,,,train
CN(C)Cc1cc(C(C)(C)c2cc(CN(C)C)c(O)c(CN(C)C)c2)cc(CN(C)C)c1O.CN(C)Cc1cc(C(C)(C)c2cc(CN(C)C)c(O)c(CN(C)C)c2)ccc1O,,,1,,,,train
COc1cc(S(=O)(=O)CCOS(=O)(=O)O)ccc1N,,,0,,,,train
CC(C)Oc1ccc(S(=O)(=O)c2ccc(O)cc2)cc1,,,1,,,,valid
Cc1c(C(=O)O)cnn1C(C)C(C)C,,,1,,,,train
CCOc1nc(F)cc(F)n1,,,1,,,,train
CC(CCl)OP(=O)(OC(C)CCl)OC(C)CCl.CC(Cl)COP(=O)(OC(C)CCl)OC(C)CCl.CC(Cl)COP(=O)(OCC(C)Cl)OC(C)CCl.CC(Cl)COP(=O)(OCC(C)Cl)OCC(C)Cl,,,1,,,,train
COc1ccccc1NC(=O)C(N=Nc1ccccc1C(=O)O)C(C)=O,,,1,,,,train
COc1nc(OC)nc(C(=O)c2cccc(F)c2N(C)S(=O)(=O)C(F)F)n1,,,1,,,,test
CC(C)(c1ccc(OC#N)cc1)c1ccc(OC#N)cc1,,,1,,,,train
NCCCCCCCCCN,,,1,,,,train
COC(=O)NC(C(=O)O)C(C)(C)C,,,1,,,,train
CN(C)CCN(C)C,,,1,,,,train
O=C1N(CO)C(O)C(O)N1CN1C(=O)N(CO)C(O)C1O.O=C1N(COCCOCCO)C(O)C(O)N1COCCOCCO.OCCOCCO,,,0,,,,valid
O=c1n(CC(Br)CBr)c(=O)n(CC(Br)CBr)c(=O)n1CC(Br)CBr,,,0,,,,train
CCC12COCN1COC2,,,1,,,,train
C=CC(=O)OCCCCCCCCCCCCCCCC,,,0,,,,train
CC(C)(c1ccc(O)c(CNCc2cccc(CN)c2)c1)c1ccc(O)c(CNCc2cccc(CN)c2)c1.CC(C)(c1ccc(O)c(CNCc2cccc(CN)c2)c1)c1ccc(O)c(CNCc2cccc(CNCc3cc(C(C)(C)c4ccc(O)c(CNCc5cccc(CN)c5)c4)ccc3O)c2)c1.CC(C)(c1ccc(O)cc1)c1ccc(O)c(CNCc2cccc(CN)c2)c1.CC(C)(c1ccc(O)cc1)c1ccc(O)cc1.NCc1cccc(CN)c1,,,1,,,,train
CCOC(=O)C1CC(=O)NN1c1ncccc1Cl,,,1,,,,test
CSC(C)(C)SC,,,1,,,,train
c1cc(OCC2CO2)cc(N(CC2CO2)CC2CO2)c1,,,1,,,,train
CC(=O)c1ccc2c(c1)CCCC2,,,1,,,,train
CC(C)COP(=O)(OCC(C)C)OCC(C)C,,,1,,,,train
CC1=NC2(CC(C3CCCOC3)Oc3ccc(Br)cc32)N=C1N,,,1,,,,valid
CC(C)Cl,,,0,,,,train
CC(COCC(C)OC(=O)c1ccccc1)OC(=O)c1ccccc1.O=C(OCCOCCOC(=O)c1ccccc1)c1ccccc1,,,1,,,,train
C=CC(F)(F)C(F)(F)Br,,,1,,,,train
C=CC(=O)Oc1c(C(C)c2cc(C(C)(C)CC)cc(C(C)(C)CC)c2O)cc(C(C)(C)CC)cc1C(C)(C)CC,,,0,,,,train
Nc1ccc2c(O)cc(S(=O)(=O)O)cc2c1,,,0,,,,test
Cc1ccc(C2=NC(=O)c3c(-c4ccc(C)cc4)[nH]c(O)c32)cc1,,,1,,,,train
CC=C(C(=O)O)c1ccc([N+](=O)[O-])cc1,,,1,,,,train
CCC(C)C,,,1,,,,train
N=C(N)c1nn(Cc2ccccc2F)c2ncc(F)cc12,,,1,,,,train
CC(=O)c1cc2c(cc1C)C(C)(C)C(C)C2(C)C,,,1,,,,valid
N#Cc1nc(C(F)(F)F)[nH]c1C#N,,,0,,,,train
O=Cc1cc(-c2ccncc2)ccc1O,,,1,,,,train
O=C(O)CNCO,,,1,,,,train
COc1cc2c(cc1N)=NC(=O)C(=O)N=2,,,1,,,,train
COc1ccc(C(Cl)(c2ccccc2)c2ccc(OC)cc2)cc1,,,1,,,,test
c1ccc(C2OOC3(CCCCCC3)OO2)cc1,,,1,,,,train
CC1=CCC(O)(C(C)C)CC1,,,1,,,,train
C=CC(=O)OCCCO,,,1,,,,train
C=CCOCC1CO1,,,0,,,,train
CC(=O)C(F)(F)F,,,1,,,,valid
CCCCCCCCC=CC=O,,,1,,,,train
CC(C)C1CCC(CO)CC1,,,1,,,,train
CS(=O)(=O)Cl,,,1,,,,train
CCCCCCCCOCCCCCCCC,,,1,,,,train
COC(=O)CC(C)(C)CC(C)C(=O)OC.COC(=O)CC(C)(C)CC(C)C(=O)OC.COC(=O)CC(C)CC(C)(C)C(=O)OC.COC(=O)CC(C)CC(C)(C)C(=O)OC,,,0,,,,test
CC1(c2cc(NC(=O)c3cnc(-n4ccnn4)cn3)ccc2F)C=CSC(N)=N1,,,0,,,,train
COc1cc(C=CC(=O)NC2CN3CCC2CC3)cc(OC)c1OC.COc1ccc(C=CC(=O)NC2CN3CCC2CC3)cc1OC.O=C(C=Cc1cccc(C(F)(F)F)c1)NC1CN2CCC1CC2,,,1,,,,train
ClCCN1CCCC1,,,1,,,,train
CCCCCCCCCCCCCCCCCC(=O)NCCC[N+](C)(C)CC(=O)NCCO,,,1,,,,train
Clc1ccc2c(NCCCN(CCC34CC5CC(CC(C5)C3)C4)CCC34CC5CC(CC(C5)C3)C4)ccnc2c1,,,1,,,,valid
COCC(C)OCC(C)O,,,0,,,,train
O=C1C=CC(=O)N1Cc1cccc(CN2C(=O)C=CC2=O)c1,,,1,,,,train
Nc1cc(C(F)F)c(-c2nc(N3C4CCC3COC4)nc(N3C4CCC3COC4)n2)cn1,,,1,,,,train
CC[Si](ON=C(C)C)(ON=C(C)C)ON=C(C)C,,,0,,,,train
S=c1nc[nH][nH]1,,,1,,,,test
CC(C)Nc1ccc(F)cc1,,,1,,,,train
CCCCOC(=O)CC(CC(=O)OCCCC)(OC(C)=O)C(=O)OCCCC,,,1,,,,train
CC(C=CC=C(C)C=CC1=C(C)CCCC1(C)C)=CC=CC=C(C)C=CC=C(C)C=CC1=C(C)CCCC1(C)C,,,0,,,,train
Cn1cc(C(=O)Nc2cccc3c2C2CCC3C2=C(Cl)Cl)c(C(F)F)n1,,,1,,,,train
CC(C=O)CCCC(C)(C)O,,,0,,,,valid
CCCCC1OC(=O)c2ccccc21,,,1,,,,train
NCCNCCCNCCN,,,1,,,,train
CCCCCCCCCC[N+](C)(C)CCCCCCCCCC.CCCCCCCCCC[N+](C)(C)CCCCCCCCCC.CCCCCCCCCC[N+](C)(C)CCCCCCCCCC.O=C(O)O.O=C(O)O,,,1,,,,train
C[Si](Cl)(Cl)c1ccccc1,,,0,,,,train
CCCC1CCC(c2ccc(O)cc2)OC1,,,1,,,,test
CCCCC(CC)CO[P+](=O)OCC(CC)CCCC,,,1,,,,train
CCN(CCO)c1ccc(N=Nc2sc3cc(OC)ccc3[n+]2C)cc1,,,1,,,,train
O=C(CCc1ccc(CNC(C(=O)OC2CCCC2)C2CCCCC2)cn1)NO,,,0,,,,train
C[N+](C)(C)CC(=O)O,,,0,,,,train
CCCCOC(=O)CC(SP(=S)(OCCC)OCCC)C(=O)OCCCC,,,1,,,,valid
CC(C)(C)OC(=O)NNCc1ccc(-c2ccccn2)cc1,,,1,,,,train
CC12CCC(CC1)C(C)(C)[N+](=O)N2[O-],,,1,,,,train
O=C1CCC(=O)N1Br,,,1,,,,train
CCCCCCCCCCCO,,,1,,,,train
CCCCCCCc1ccc(O)cc1,,,1,,,,test
CCOC(=O)C1CC2C=CC1C2,,,1,,,,train
CC12CCC(=O)C=C1CCC1C2CCC2(C)C(=O)CC(O)C12,,,1,,,,train
CN1COCN=C1N[N+](=O)[O-],,,1,,,,train
CCN(CC)c1nc(C)cc(OP(=S)(OC)OC)n1,,,1,,,,train
CC(C)(C)O.CC(C)OC(C)C.CCC(C)O.CCC(C)OC(C)CC,,,1,,,,valid
CC(=O)C=CC1C(C)=CCCC1(C)C,,,1,,,,train
OCCCCCCCCCCCCO,,,1,,,,train
CCCCOc1ccccc1,,,1,,,,train
Nc1nc(-c2nn(Cc3ccccc3F)c3ncc(F)cc23)nc(N)c1N=Nc1ccccc1,,,1,,,,train
CC(C)(c1cc(Br)c(OCC2CO2)c(Br)c1)c1cc(Br)c(OCC2CO2)c(Br)c1,,,1,,,,test
O=C1C2CC=CCC2C(=O)N1SC(Cl)(Cl)Cl,,,1,,,,train
Nc1cc(S(=O)(=O)O)cc2cc(S(=O)(=O)O)c(N=Nc3ccccc3)c(O)c12,,,1,,,,train
CCOP(=O)(NC(C)C)Oc1ccc(SC)c(C)c1,,,1,,,,train
O=[N+]([O-])c1ccc(OP(=O)(O)OC2C(O)C(O)C(OP(=O)(O)O)C(OP(=O)(O)O)C2O)cc1,,,1,,,,train
CC1C2CC(CC2C2CCCC(O)C2)C1(C)C,,,1,,,,valid
COC(=O)C1CN(C)C2Cc3c[nH]c4cccc(c34)C2(OC)C1,,,1,,,,train
CC(=O)OC1(C)CCC23CC1C(C)(C)C2CCC3C,,,1,,,,train
CC12CCC(=O)C=C1CCC1C2CCC2(C)C1CCC2(O)C#CCO,,,1,,,,train
CC(=O)NC(Cc1cc([N+](=O)[O-])c(O)c([N+](=O)[O-])c1)C(=O)O,,,1,,,,train
CCCCCCCCCCCC[N+](C)(C)CC(O)CS(=O)(=O)O,,,1,,,,test
COC(=O)C=Cc1c(C)nc2cc(-c3ccccc3)c(-c3ccc(C4(N)CCC4)cc3)nn12,,,1,,,,train
S=C(S)OC1CC2CC1C1CCCC21,,,1,,,,train
CCCCCCOC(=O)c1ccccc1,,,1,,,,train
CC(C)OP(=O)(O)O.CC(C)OP(=O)(O)OC(C)C.CCOP(=O)(O)OP(=O)(OCC)OCC.COP(=O)(O)O,,,1,,,,train
CC(O)C[N+](C)(C)C.CCC(C)CCCC(=O)O,,,1,,,,valid
CC(C)CCCCCN(CCCCCC(C)C)CCCCCC(C)C,,,1,,,,train
O=C(Cl)CCCl,,,1,,,,train
CC1=CCC(C=CC(C)(C)C(C)O)C1(C)C,,,1,,,,train
CCCCCCCCCCCCCCCC[N+](C)(C)CC(=O)OCC,,,1,,,,train
CC(C)CCCCCOC(=O)CCS,,,1,,,,test
CCCCOc1cccc(F)c1F,,,1,,,,train
Cc1ncoc1C(=O)Nc1n[nH]c2c1CN(C(=O)N1CC(C)N(C)CC1C)C2(C)C,,,1,,,,train
NC(CSSCC(N)C(=O)O)C(=O)O,,,1,,,,train
C=CC(C)(CCC=C(C)C)OC(C)=O,,,1,,,,train
O=C1CCC(=O)c2c1c(O)c1ccccc1c2O,,,1,,,,valid
CC(C)=NO,,,0,,,,train
CC(C)N(C)CCN(C)CCN(C)C(C)C,,,1,,,,train
NCCCCCCCCCCCCN,,,1,,,,train
CCCCCCCCCCC1CO1,,,1,,,,train
CCCCC(O)C(N)CC,,,1,,,,test
COc1ccc(CC2CC2)cc1,,,1,,,,train
NC(=O)Nc1cc(Nc2nc(N)nc(Cl)n2)ccc1N=Nc1cc2c(S(=O)(=O)O)cc(S(=O)(=O)O)cc2cc1S(=O)(=O)O,,,0,,,,train
CC1=CC(=O)N(Cc2cccc(CN3C(=O)C=C(C)C3=O)c2)C1=O,,,1,,,,train
C=CC(=O)OCCOC(=O)C1CCCCC1C(=O)O,,,1,,,,train
CN(C)Cc1ccccc1O,,,1,,,,valid
CC(C)=CCCC(C)=CCC1CCCC1=O,,,1,,,,train
C1=CC2CC1C1C3CCC(C3)C21,,,1,,,,train
CCCCCCCCCCCCOCC(CO)OCC(CO)OCC(O)CO.CCCCCCCCCCCCOCC(CO)OCC(O)CO.CCCCCCCCCCCCOCC(O)CO,,,1,,,,train
CCC(O)COCCOCC(O)CC,,,1,,,,train
CC1COC2(C)Oc3c(c4c(c5c3CC3C(C)COC3(C)O5)CC3C(C)COC3(C)O4)CC12,,,1,,,,test
O=C1c2ccccc2-c2ccccc21,,,1,,,,train
C=C[Si](OCCOC)(OCCOC)OCCOC,,,0,,,,train
NCCO.NCCO.O=C(O)O,,,1,,,,train
O=C(OO)c1cccc(Cl)c1,,,1,,,,train
O=c1cc(N2CCOCC2)oc2cc(-c3csc4ccccc34)ccc12,,,1,,,,valid
CC(=O)NC(CCCNC(=N)N)C(=O)NC1CCC(=O)NCCCC(C(=O)O)NC(=O)C(Cc2c[nH]c3ccccc23)NC(=O)C(CCCNC(=N)N)NC(=O)C(Cc2ccccc2)NC(=O)C(CCCCN)NC1=O,,,1,,,,train
BrCCCCBr,,,0,,,,train
COC(=O)C1CC(=O)C(C(=O)OC)CC1=O,,,1,,,,train
C=CC(=O)OCC1COC(C)(C)O1,,,1,,,,train
CN(C)CCN(C)CCO,,,1,,,,test
CC(=O)CC(=O)Nc1ccccc1,,,0,,,,train
O=Nc1c(O)[nH]c(=O)[nH]c1=O,,,1,,,,train
C1CN2CCN1CC2,,,0,,,,train
COc1ccc(C(CN)C2(O)CCCCC2)cc1.COc1ccc(C(CN)C2(O)CCCCC2)cc1,,,1,,,,train
CCCCCCCCCCCCNCCCNCC(=O)O.CCCCCCCCCCCCNCCNCCN,,,1,,,,valid
C=CC(=O)OCCCCCCCCCCCCCCCCCC,,,0,,,,train
O=C1OC(=O)c2cc(Oc3ccc4c(c3)C(=O)OC4=O)ccc21,,,1,,,,train
CCCCCCCCCCCCCCCN(C)CCCCCCCCCCCCCCC,,,1,,,,train
Cc1ccccc1NC(=O)Nc1ccc(CC(=O)N(C)C(CC(C)C)C(=O)NCCC(NC(=O)C2CCCN2S(=O)(=O)c2cc(Cl)cc(Cl)c2)C(=O)O)cc1,,,1,,,,train
C=NCCCCCCCCC(C)(C)C,,,1,,,,test
CC1=NS(=O)(=O)c2ccccc21,,,0,,,,train
CS(=O)(=O)c1ccc(CNc2ncccc2C#CCO)c(C(F)(F)F)c1,,,1,,,,train
OCCCCO,,,0,,,,train
O=Nc1ccc(NO)cc1,,,1,,,,train
O=CC=O,,,0,,,,valid
CC=CCC,,,1,,,,train
CCN(Cc1cccc(S(=O)(=O)O)c1)c1ccc(C(=C2C=CC(=[N+](CC)Cc3cccc(S(=O)(=O)O)c3)C=C2)c2ccc(O)cc2S(=O)(=O)O)cc1,,,1,,,,train
COc1cc(Br)c2c3c1OC1CC(=O)C=CC31CCN(C)C2,,,1,,,,train
CC(C)OC(C)C.CCC=C(C)C,,,1,,,,train
O=C(CN(CCOS(=O)(=O)O)C(=O)C1OC(OS(=O)(=O)O)C(OS(=O)(=O)O)C(OS(=O)(=O)O)C1OS(=O)(=O)O)NC1CCCCC1,,,1,,,,test
O=C1CCC(C2CCC3(CC2)OCCO3)CC1,,,0,,,,train
CCCCCCCCCCOS(=O)(=O)O.CCCCCCCCOS(=O)(=O)O,,,1,,,,train
CCN(CCO)CCCC(C)Nc1ccnc2cc(Cl)ccc12,,,1,,,,train
CCOC(=O)C(CC1(CC)CCCN2CCc3c([nH]c4ccccc34)C21)=NO,,,1,,,,train
O=S(=O)(O)OCCN(CCOS(=O)(=O)O)c1ccc(N=Nc2ccc(S(=O)(=O)CCOS(=O)(=O)O)cc2)c(Cl)c1,,,1,,,,valid
CC(=O)OC([SiH3])=C(OC(C)=O)OC(C)=O,,,1,,,,train
CC1=CCCC(C)(C)C1CCC(=O)C=Cc1cccc([N+](=O)[O-])c1,,,1,,,,train
N#CN=C1SCCN1Cc1ccc(Cl)nc1,,,1,,,,train
C=C(C)C(=O)OCCN1CCOC12CCCCC2,,,1,,,,train
Cn1cc(-c2cc(C(N)=O)nc3c(F)c(Cc4cnc(C5CC5)nc4)ccc23)cn1,,,1,,,,test
CCCCCCCCC(CO)CCCCCC,,,1,,,,train
CC12C=CC(=O)C=C1CCC1C2CCC2(C)C(O)CCC12,,,1,,,,train
C=CC(O)C(=O)OC,,,1,,,,train
CC1CC(C)(C)c2cccc(N)c21,,,1,,,,train
CCCCCCCCC=CCCCCCCCC(=O)N(C)CC(=O)O,,,1,,,,valid
CC(=O)OC1CCC2C3CCC4CC(=O)CCC4(C)C3CCC12C,,,1,,,,train
CC(=O)N1c2ccccc2C(C)=CC1(C)C,,,1,,,,train
C=C(C)C(=O)OC(C)OP(=O)(O)OC(C)OC(=O)C(=C)C.C=C(C)C(=O)OCCOP(=O)(O)O.C=C(C)C(=O)OCCOP(=O)(O)OP(=O)(O)O.CC(C)(O)C(=O)OCCO,,,0,,,,train
Nc1ccc(NCCO)c([N+](=O)[O-])c1,,,1,,,,train
CC(=O)CC(=O)Nc1ccc(NC(=O)CC(C)=O)c(Cl)c1,,,0,,,,test
O=C1N(CO)C2C(N1CO)N(CO)C(=O)N2CO,,,1,,,,train
COC(=O)NCCC[Si](OC)(OC)OC,,,0,,,,train
C[N+](C)(C)CCCCCC(N)C(=O)O,,,1,,,,train
CC(O)C[N+](C)(C)C.O=CO,,,1,,,,train
CCCC(O)=C1C(=O)CC(C2CCCSC2)CC1=O,,,1,,,,valid
FC(F)c1cc(C(F)F)[nH]n1,,,1,,,,train
CCCCOCCOCCOCOCCOCCOCCCC,,,1,,,,train
O=S(=O)(O)c1cc(O)ccc1O,,,0,,,,train
CC(O)C(=O)O.COc1cc(N=Nc2c(C)c(-[n+]3ccccc3)c(=O)n(CCCN(C)C)c2O)ccc1C(c1ccccc1)c1ccc(N=Nc2c(C)c(-[n+]3ccccc3)c(=O)n(CCCN(C)C)c2O)cc1OC,,,1,,,,train
C1=CCCC2OC2CCC=CCC1,,,1,,,,test
COC(=O)C(=CCCC(=CCCc1ccoc1)C(=O)OC)CCC=C(C)C,,,1,,,,train
CNC(C)c1cccc(OC)c1,,,0,,,,train
CC(C)=CCOC(=O)c1ccccc1O,,,1,,,,train
ClCCCBr,,,0,,,,train
CCCCC(CC)C(=O)O.NCCO,,,0,,,,valid
CCCCCCCCCCC=CCCCCCC(=O)OC(CO)CO,,,1,,,,train
CC[N+](=O)[O-],,,1,,,,train
C=C(C)Cl.CC(C)Cl.CC=CCl,,,1,,,,train
CCCCCCCOCC(O)CO,,,1,,,,train
O=C(c1cc(Cl)c(F)c(Cl)c1)C(F)(F)F,,,1,,,,test
CC1(C)CCC(CN2CCN(c3ccc(C(=O)NS(=O)(=O)c4ccc(NCCCN5CCOCC5)c([N+](=O)[O-])c4)c(Oc4ccc(N)c(Cl)c4)c3)CC2)=C(c2ccc(Cl)cc2)C1,,,1,,,,train
CCCCCCCCC1CO1,,,1,,,,train
CC(C)(C)C1CCC2(CC1)OCC(CCl)O2,,,1,,,,train
CCN(CCCl)c1cccc(C)c1,,,1,,,,train
CCCCCCCCCCCC[n+]1ccccc1,,,1,,,,valid
O=S(=O)(O)c1cc(O)c2ccc(Nc3ccccc3)cc2c1,,,0,,,,train
CCl,,,1,,,,train
CCCCCCCCCCCC[N+](C)(C)CC(=O)NCCN(CCO)CCC(=O)O.O=C(O)CCNCCN(CCO)CCC(=O)O,,,1,,,,train
CC(N)c1ccccc1.CC1OC1P(=O)(O)O,,,1,,,,train
NC1(c2ccc(F)cc2)CCCCC1,,,1,,,,test
CCN(CC)c1ccc2cc(-c3nc4cc(S(N)(=O)=O)ccc4o3)c(=O)oc2c1,,,1,,,,train
N=C(N)N.N=C(N)N.O=C(O)O,,,1,,,,train
CC1CCC(C(C)C)C(=O)C1=Cc1ccc(N)cc1,,,1,,,,train
CC1=CC2C3C=CC(C3)C2C1C,,,1,,,,train
CC(C)c1ccc2c(c1)CCC1C(C)(CN)CCCC21C,,,1,,,,valid
OC(Cn1ccnc1)c1ccc(Cl)cc1Cl,,,1,,,,train
COc1ccc(C)cc1C(CCN(C(C)C)C(C)C)c1ccccc1,,,1,,,,train
CCC=CCC=CCC=CCCCCCCCC(=O)OC.CCC=CCC=CCC=CCCCCCCCC(=O)OC.CCC=CCC=CCC=CCCCCCCCC(=O)OC.CCCCCC=CCC=CCCCCCCCC(=O)OC.CCCCCCCCC=CCCCCCCCC(=O)OC,,,1,,,,train
CC(C)Cc1ccc(CC(C)C=O)cc1,,,1,,,,train
CCN(CC)c1ccc2c(c1)Oc1cc(N(CC)CC)ccc1C21OC(=O)c2ccccc21,,,1,,,,test
O=C(O)c1ccc(N2C(=O)CCC2=O)cc1,,,1,,,,train
Cc1cc(N=Nc2c(S(=O)(=O)O)cc3cc(S(=O)(=O)O)cc(N)c3c2O)ccc1N=Nc1ccc(N=Nc2c(S(=O)(=O)O)cc3cc(S(=O)(=O)O)cc(N)c3c2O)cc1,,,1,,,,train
CCN(CCO)CCCC(C)=O,,,1,,,,train
CCCCCCCCC=CCCCCCCCC(=O)NCC(C)O.CCCCCCCCC=CCCCCCCCC(=O)NCC(C)OC(=O)CC(C(=O)O)S(=O)(=O)O,,,1,,,,train
CO[Si](CCCN=C=O)(OC)OC,,,0,,,,valid
CC1C(=O)OC2CCN3CC=C(COC(=O)C(C)(O)C1(C)O)C23,,,1,,,,train
Cc1ccc(N)c(N)c1.Cc1cccc(N)c1N,,,1,,,,train
CCCCCCCCOC1OC(COC(C)=O)C(OC(C)=O)C(OC(C)=O)C1OC1OC(COC(C)=O)C(OC(C)=O)C(OC2OC(COC(C)=O)C(OC(C)=O)C(OC3OC(COC(C)=O)C(OC(C)=O)C(OC4OC(COC(C)=O)C(OC(C)=O)C(OC(C)=O)C4OC(C)=O)C3OC(C)=O)C2OC(C)=O)C1OC(C)=O,,,0,,,,train
C#CCOCc1ccc(Cl)cc1,,,1,,,,train
CC1=NN(c2ccc(S(=O)(=O)CCOS(=O)(=O)O)cc2)C(=O)C1N=Nc1ccc2c(S(=O)(=O)O)cccc2c1S(=O)(=O)O,,,0,,,,test
CC(C)(C)c1ccc(N)cc1,,,1,,,,train
CC(=O)OC1CC(=O)C2(C)CCC3C(CCC4=CC(=O)CCC43C)C12,,,1,,,,train
CCCCCCCCCCCCCCCCCCO,,,1,,,,train
COc1ccc(S(=O)(=O)CCOS(=O)(=O)O)cc1N=Nc1c(S(=O)(=O)O)cc2cc(S(=O)(=O)O)c(N=Nc3ccc(S(=O)(=O)CCOS(=O)(=O)O)cc3)c(N)c2c1O,,,1,,,,train
C=C1CC2(CC)C(=O)CCC2C2CCC3=CC(=O)CCC3C12,,,1,,,,valid
CC(=O)OC(C)(C)C,,,1,,,,train
COc1ccc(C(=O)c2ccccc2O)c(O)c1,,,1,,,,train
CCCCC(CC)C1OCCN1CCOC(=O)NCCCCCCNC(=O)OCCN1CCOC1C(CC)CCCC,,,1,,,,train
N=C(N)c1ccc(OCCCCCCOc2ccc(C(=N)N)cc2)cc1,,,1,,,,train
CC1=CCC(C(C)CCO)CC1,,,1,,,,test
CCC(C)O,,,1,,,,train
CCC(C)c1ccc2ncccc2c1,,,1,,,,train
CC(=Cc1csc(C)n1)C1OC(=O)CC(O)C(C)(C)C(=O)C(C)C(O)C(C)CCCC=CC1O,,,1,,,,train
N=C(N)SCc1csc(N=C(N)N)n1,,,1,,,,train
N#Cc1ccccc1O,,,1,,,,valid
C(=Cc1ccc(-c2nc3ccccc3o2)cc1)c1ccc(-c2nc3ccccc3o2)cc1,,,1,,,,train
COc1ccc([N+](=O)[O-])cc1OC(C)=O,,,1,,,,train
NC(CSS(=O)(=O)O)C(=O)O,,,1,,,,train
CC(C)c1ccc(C(C)C)cc1,,,1,,,,train
NCCN,,,0,,,,test
CCOc1cccc(F)c1F,,,1,,,,train
NNc1ccc(S(N)(=O)=O)cc1,,,1,,,,train
Nc1ccc(OC(F)(F)F)cc1,,,1,,,,train
CCCCCCCCCCC(CC)c1ccc(S(=O)(=O)O)cc1,,,1,,,,train
NC1CCC(CC2CCC(N)C(CC3CCC(N)CC3)C2)CC1.NC1CCC(CC2CCC(N)CC2)CC1.NC1CCC(CC2CCC(NC3CCC(CC4CCC(N)CC4)CC3)CC2)CC1.Nc1ccc(CC2CCC(N)CC2)cc1CC1CCC(N)CC1.Nc1ccccc1CC1(N)CCCCC1,,,1,,,,valid
CC(C)CC(C)O,,,0,,,,train
NC(=O)c1cc(C(=O)O)cc(-c2cc(-c3ccccc3)cc(-c3ccccc3)c2)c1,,,0,,,,train
CS(=O)(=O)c1ccc(C(=O)C2C(=O)CCCC2=O)c(Cl)c1COCC1CCCO1,,,1,,,,train
CCCC[N+](CCCC)(CCCC)CCCC.NC(=O)C1CCC2CN1C(=O)N2OS(=O)(=O)O,,,0,,,,train
C=CC(C)(CCCC(C)C)OC(C)=O,,,1,,,,test
CC(=O)CCl,,,1,,,,train
CCCCCCCCC=CCCCCCCCC1=NC(CC)(CO)CO1,,,1,,,,train
CCCCCCCCCCCCCCCCCCCCCCO,,,1,,,,train
CCN(CC)c1ccc(C=C(C#N)C(=O)OCCC[N+](C)(C)CCOC(=O)C(C#N)=Cc2ccc(N(CC)CC)cc2)cc1,,,1,,,,train
C=C(C)C(=O)NCCC[N+](C)(C)CCCCCCCCCCCC,,,1,,,,valid
CCC(C)=CCCC(C)CCO,,,1,,,,train
CCOc1ccccc1C#N,,,1,,,,train
CCOC(=O)C=CC(=O)C(=O)OCC,,,1,,,,train
O=C1C(CCl)=C(CCl)C(=O)c2ccccc21,,,1,,,,train
CCCCCCCCCCCCCCCC[N+](C)(C)CCO,,,1,,,,test
CC(C)CP(=S)(S)CC(C)C,,,0,,,,train
CC(=O)OCC(=Cc1ccccc1F)C(=O)c1ccccc1,,,1,,,,train
C1CCC(NC2CCCCC2)CC1.CC(C)(C)C(NC(=O)OCc1ccccc1)C(=O)O,,,1,,,,train
CCCCCCCCCCCCO,,,1,,,,train
CCC(C)C(C)C.CCC(C)CC.CCCC(C)C.CCCC(C)CC,,,1,,,,valid
CC(CC(=O)OOC(C)(C)C)CC(C)(C)C,,,1,,,,train
CCCCCCCCCCCCCCCCCCCCO,,,1,,,,train
C=CC1CC1(NC(=O)C1CC2(CN1C(=O)C(NC(=O)c1cccc(C(=O)NCCC)c1)C(C)(C)C)C(C)(C)C21CCC1)C(=O)NS(=O)(=O)N1CCCC1,,,1,,,,train
CCCCC(CC)CCC(C)c1ccc2cccnc2c1O,,,1,,,,train
Oc1cc(F)c(F)c(F)c1,,,1,,,,test
Nc1ccc(N=Nc2ccccc2)c(N)c1,,,1,,,,train
C=C(C)C(=O)OC1CC2CCC1(C)C2(C)C,,,1,,,,train
NC1CCCCC1N,,,1,,,,train
C=Cc1cccc(C)c1,,,1,,,,train
CC(O)CN(CCCN(CCCN(C)C)CCCN(C)C)CC(C)O,,,1,,,,valid
CC1CN(c2ccccc2)NC1=O,,,1,,,,train
COP(N)(=O)N(CCCl)CCCl,,,1,,,,train
CCCCCC=CCC=CCC=CCC=CCCCC(=O)NCC(=O)O,,,1,,,,train
CCCC1CCCC(=O)O1,,,1,,,,train
C=CC(O)CCCCC,,,1,,,,test
C=C(P(=O)(O)O)P(=O)(O)O,,,0,,,,train
O=COCCOC=O,,,1,,,,train
CC(C)OC(=O)OOC(C)(C)C,,,1,,,,train
CCCCCCCCOCC(O)CO,,,1,,,,train
Cc1ccc(N=Nc2c(O)c(C(=O)O)cc3ccccc23)c(S(=O)(=O)O)c1,,,0,,,,valid
CC=Cc1ccc(OC)cc1,,,1,,,,train
CCCCCCCCC=CCCCCCCCC(=O)NCC(C)O,,,1,,,,train
CCCCCC1CC(=O)C=C(C)C1C(=O)OCC,,,1,,,,train
C1=CC2CC1C1Cc3ccccc3C21,,,1,,,,train
N#Cc1ncc(N)cc1C(F)(F)F,,,1,,,,test
CON=C(C)Cc1c(Cl)cc(Cl)cc1Cl,,,1,,,,train
CCCCCCCCC(CCCCCC)COc1ccccc1C(N)=O,,,1,,,,train
Cc1ccc(Nc2ccc(O)c3c2C(=O)c2ccccc2C3=O)c(S(=O)(=O)O)c1,,,1,,,,train
CC1(C)CC(N)CC(C)(CN)C1.Cc1ccccc1OCC(O)CNC1CC(C)(C)CC(C)(CN)C1.Cc1ccccc1OCC(O)CNCC1(C)CC(N(CC(O)COc2ccccc2C)CC(O)COc2ccccc2C)CC(C)(C)C1.Cc1ccccc1OCC(O)CNCC1(C)CC(NCC(O)COc2ccccc2C)CC(C)(C)C1,,,1,,,,train
O=C(O)CCC(=O)NCCCCC(NC(=O)CCC(=O)O)C(=O)O,,,0,,,,valid
CC(C)NO,,,1,,,,train
CCCNC1CCc2c(cccc2OC)C1.O=C(O)C(O)c1ccccc1Cl,,,1,,,,train
CN1CN(C)CN(C)C1,,,1,,,,train
CCOC(=O)C1(C(=O)OCC)COC23c4[nH]c5ccccc5c4CCN2CCCC3(CC)C1,,,1,,,,train
Cc1ccccc1OP(=S)(S)Oc1ccccc1C,,,1,,,,test
COc1cc(S(=O)(=O)CCOS(=O)(=O)O)c(C)cc1N=Nc1c(S(=O)(=O)O)cc2c(N=Nc3ccc(S(=O)(=O)CCOS(=O)(=O)O)cc3S(=O)(=O)O)c(N)ccc2c1O,,,0,,,,train
CCN1C=CN(C)C1,,,0,,,,train
O=CCC1CC2CC1C1CCCC21,,,1,,,,train
NCCCN,,,1,,,,train
Cc1ccc(S(=O)(=O)O)cc1.OCC1CN(Cc2ccccc2)CC=C1c1ccc(F)cc1,,,1,,,,valid
C=CC(=O)OCC(O)COC(=O)C(C)(CCC)CCCC,,,1,,,,train
Nc1c(N=Nc2ccc(S(=O)(=O)CCOS(=O)(=O)O)cc2)c(S(=O)(=O)O)cc2cc(S(=O)(=O)O)c(N=Nc3ccc(S(=O)(=O)CCOS(=O)(=O)O)cc3)c(O)c12,,,1,,,,train
OCCN1CN(CCO)CN(CCO)C1,,,1,,,,train
CC(C)CN,,,1,,,,train
CC(O)C(N)C(=O)O,,,0,,,,test
NCCO.NCCO.O=C(O)CCCCCCCCC(=O)O,,,1,,,,train
C1CNCCN1.O=P(O)(O)OP(=O)(O)O,,,1,,,,train
CCCCCCCCCCCCCC[N+](C)(C)C,,,1,,,,train
C=CC(=O)OCC1CCC2C3CCC(C3)C12,,,1,,,,train
FC(F)(I)C(F)(F)C(F)(F)C(F)(F)I,,,1,,,,valid
Oc1ccc2c(c1)NCCO2,,,1,,,,train
CCCC=C(C#N)c1ccccc1,,,1,,,,train
CC(C)(O)C(=O)O.C[N+](C)(C)Cc1ccccc1,,,0,,,,train
C[Si](C)(C)OP(=O)(O[Si](C)(C)C)O[Si](C)(C)C,,,1,,,,train
C=Cc1ccc(OC(C)=O)cc1,,,1,,,,test
NCCc1cccs1,,,1,,,,train
C=CC(=O)OCC(C)OCC(COC(C)COC(=O)C=C)OC(C)COC(=O)C=C,,,1,,,,train
CC(C)(C)CC(C)(C)Nc1nc(Cl)nc(Cl)n1,,,1,,,,train
CC(C)COc1ccc(Cl)cc1Cc1cccc(C(=O)O)n1,,,1,,,,train
C[N+](C)(C)C,,,1,,,,valid
C=C(C)C(=O)NCCC[N+](C)(C)CC(=O)NCCC[N+](C)(C)CC(O)C[N+](C)(C)C,,,1,,,,train
COc1cc(Cl)ncn1,,,0,,,,train
COC(=O)OC1CCC=CCCC1,,,1,,,,train
CC1(S(=O)(=O)NC(=O)C2(N)CC2C(F)F)CC1,,,0,,,,train
ClCC1CO1,,,1,,,,test
O=C(C(F)(F)C(F)(F)F)C(F)(C(F)(F)F)C(F)(F)F,,,1,,,,train
CC(C)(C)OC(=O)NC(CO)c1ccccc1,,,0,,,,train
C=CC1CC1(NC(=O)C1CC2(CN1C(=O)C(NC(=O)C(NC(=O)C1CCCCN1C)C1CCCCC1)C(C)(C)C)C(C)(C)C21CCC1)C(=O)NS(=O)(=O)N(C)CC,,,1,,,,train
COc1ccc(C(=O)Nc2ccc(Cl)cc2C(=O)Nc2ccncc2)cc1,,,1,,,,train
Fc1ccc(Oc2ccnc3cc(Cl)cc(Cl)c23)cc1,,,1,,,,valid
COc1cc(Br)cc(C2NCC(C(=O)O)S2)c1O,,,0,,,,train
Cc1cc(CN2CCc3cc(S(=O)(=O)Nc4ccc(CCCC5CCCC5)cc4F)ccc3C2)c(C)n1-c1ccncc1,,,1,,,,train
C[N+](C)(C)CC(O)CSCCC(F)(F)C(F)(F)C(F)(F)C(F)(F)C(F)(F)C(F)(F)F,,,1,,,,train
CCCCCCOP(=O)(OCCCCCC)OCCCCCC,,,1,,,,train
CC(C1CC1)C(O)(Cn1cncn1)c1ccc(Cl)cc1,,,0,,,,test
CCCCCCCCCC[N+](C)(C)CCCCCCCCCC.CCCCCCCCCC[N+](C)(C)CCCCCCCCCC.O=C(O)CCCCC(=O)O,,,1,,,,train
CCCCC1COC(c2ccc(Br)c(F)c2)OC1,,,1,,,,train
C1CCCCCCC1,,,1,,,,train
CCCCCCCCCCCC=CCC=CCCCCCCCCCCCCCCCCCCCCNCCCCCCCCCCCC=CCC=CCCCCCCCCCCCCCCCCCCCC,,,1,,,,train
CC1=CC2OC3CC4OC(=O)C=CC=CC(C(C)O)OCCC(C)C(O)C(=O)OCC2(CC1)C4(C)C31CO1,,,1,,,,valid
CCOC(=O)c1ccccc1-c1c2ccc(=[N+](CC)CC)cc-2oc2cc(N(CC)CC)ccc12,,,1,,,,train
CCCCCCCCCCCCCC[N+](C)(C)Cc1ccccc1,,,1,,,,train
CON=C(C(=O)OC)c1ccccc1COc1ccccc1C,,,1,,,,train
CCC(C)Nc1ccc(Cc2ccc(NC(C)CC)cc2)cc1,,,1,,,,train
CC(Nc1nc(NC2CC2)n2ncc(C=C3NC(=O)NC3=O)c2n1)c1ccc(Cl)cc1,,,1,,,,test
CCCCCCCCCCCCOC(=O)C1=C(C)NC(C)=C(C(=O)OCCCCCCCCCCCC)C1,,,1,,,,train
O=C1CCCCCCC=CCCCCCCC1,,,1,,,,train
CC(O)CN(CC(C)O)N=O,,,1,,,,train
CCCCCCCCP(=O)(CCCCCC)CCCCCC.CCCCCCCCP(=O)(CCCCCC)CCCCCCCC.CCCCCCCCP(=O)(CCCCCCCC)CCCCCCCC.CCCCCCP(=O)(CCCCCC)CCCCCC,,,1,,,,train
CCCCCCCCCCN(C)C,,,1,,,,valid
FC(=C(F)C(F)(C(F)(F)F)C(F)(F)F)C(F)(F)F,,,1,,,,train
CCC(C)(C)c1cc(O)c(C(C)(C)CC)cc1O,,,1,,,,train
CCCCCCCCCCC=O,,,1,,,,train
O=C1CCC(C2CCC(c3ccc(F)c(F)c3)CC2)CC1,,,1,,,,train
C=CC(C#N)OC(C)=O,,,1,,,,test
Cc1nc2ccc(Cl)cc2c(N2CC3(CCOCC3)c3ccc(N4CCOCC4)cc32)c1C,,,1,,,,train
NCCCN(CCCN)CC(=O)O,,,1,,,,train
CCCCCCCCCCCCCC[N+](C)(C)CCCCCCCCCCCCCC,,,1,,,,train
CC(C)(C)C(=O)C(Oc1ccc(Cl)cc1)n1ccnc1,,,1,,,,train
O=C(c1ccccc1)c1ccc(-c2ccccc2)cc1,,,1,,,,valid
CCOC(=O)C1(C)CCCC2(C)C3CCC(C(C)C)=CC3=CCC12,,,1,,,,train
C=CC(=O)OCCCCCCCCCCOC(=O)C=C,,,1,,,,train
O=C1CCC2CC34CN5CCCCC=CCCC(O)(C=C(c6nccc7c6[nH]c6c(O)cccc67)C3CC5)C4N2CCC1=Cc1ccc(Br)cc1,,,1,,,,train
CCCCCCCCC=CCCCCCCCCN(CCCNCC(C)O)CC(C)O.CCCCCCCCCCCCCCCCCCN(CCCNCC(C)O)CC(C)O.CCCCCCCCCCCCCCCCN(CCCNCC(C)O)CC(C)O,,,1,,,,train
CC(C)(O)C1CCC(Nc2ccc3ncc(-c4cccc(F)c4)n3n2)CC1,,,1,,,,test
CNc1nc(OC)ccc1N,,,1,,,,train
C=CC1CCCCC1,,,1,,,,train
CCCCCCC(O)CC=CCCCCCCCC(=O)NCCCN(C)C,,,1,,,,train
CC1OC(OCC2OC(Oc3c(-c4ccc(O)c(O)c4)oc4cc(O)cc(O)c4c3=O)C(O)C(O)C2O)C(O)C(O)C1O,,,1,,,,train
Cc1cc(N(C)C2CCN(C)C2)nc(Nc2ccc(Cl)cc2)n1,,,1,,,,valid
CC1(C)C(C=C(Cl)C(F)(F)F)C1C(=O)OC(C#N)c1cccc(Oc2ccccc2)c1,,,1,,,,train
COc1ccc(-c2cc(C(N)=O)nc3cc(CCc4cnc(C)nc4)ccc23)cc1OC,,,1,,,,train
CC(=O)NC(CCCNC(=N)N)C(=O)NC1CC(=O)NCCCCC(C(N)=O)NC(=O)C(Cc2c[nH]c3ccccc23)NC(=O)C(CCCNC(=N)N)NC(=O)C(Cc2ccccc2)NC(=O)C(CCC(N)=O)NC1=O,,,1,,,,train
COc1cc(C=CC(=O)OC2C(CO)OC3OCC(c4ccc(O)c(O)c4)OC3C2OC2OC(C)C(O)C(O)C2O)ccc1O,,,1,,,,train
Oc1ccc(Br)cc1-[n+]1ccc2c(c1)[nH]c1ccccc12,,,1,,,,test
COC1C(NC(=O)CC2OC(COCc3ccccc3)C(OCc3ccccc3)C(OCc3ccccc3)C2OCc2ccccc2)CCC2C3Cc4ccc(O)cc4C21CCN3C,,,1,,,,train
N#Cc1c(Cl)c(Cl)c(Cl)c(C#N)c1Cl,,,1,,,,train
Cn1sc(Cl)cc1=O.Cn1sccc1=O,,,1,,,,train
O=C1c2[nH]cc3c2C(=[N+](O)CC3)c2c(-c3ccc(O)cc3)c[nH]c21,,,1,,,,train
C=C(C)C(=O)OCCCCCCCCCCOC(=O)C(=C)C,,,1,,,,valid
CC(C)(C)c1ccc([I+]c2ccc(C(C)(C)C)cc2)cc1.F[P-](F)(F)(F)(F)F,,,1,,,,train
COc1cc2c(cc1O)C(CCc1ccc(Cl)cc1)N(C)CC2,,,1,,,,train
CC1OC1C(=O)O,,,1,,,,train
CNC(=O)c1cc(Oc2ccc(NC(=O)Nc3ccc(Cl)c(C(F)(F)F)c3)c(F)c2)ccn1,,,1,,,,train
C=C(C)C(=O)OCCCCCCCCCCCCOC(=O)C(=C)C,,,1,,,,test
CC(=CC#N)c1ccc(Cl)cc1Cl,,,1,,,,train
Cc1oc(-c2ccccc2)nc1CCCCC1COC(C)(C(=O)O)OC1,,,1,,,,train
CCCCOC(=O)CCC(C)(OOC(C)(C)C)OOC(C)(C)C,,,1,,,,train
CCCCC(CC)CNC(=O)CC(C)CC(C)(C)C,,,1,,,,train
O=c1[nH]sc2ccccc12,,,1,,,,valid
O=C(CCCl)c1ccc(Br)cc1,,,1,,,,train
Cc1ccc2c(c1)sc(-c1ccc(N(C)C)cc1)[n+]2C,,,1,,,,train
CCOc1ccc(-c2ccc(C)cc2)c(F)c1F,,,1,,,,train
CCCCCCCCCCCCCC[N+](C)(C)C.CCCCCCCCCCCC[N+](C)(C)C.COS(=O)(=O)OC,,,1,,,,train
CC(C)CCCCCCN(CCCCCCC(C)C)CCCCCCC(C)C,,,1,,,,test
CC(C)(N=NC(C)(C)C(=N)N)C(=N)N,,,0,,,,train
CC1(C)OCC(CO)O1,,,0,,,,train
COc1cc(-c2ccc(OC)c(OC)c2OC)cc(C=O)c1O,,,0,,,,train
CCCCCCC=O.Nc1ccccc1,,,1,,,,train
CC1OC(=O)C(C)OC1=O,,,0,,,,valid
OCC(O)C(O)C(O)C(O)C(O)C[S+]1CC(O)C(O)C1CO,,,0,,,,train
O=[N+]([O-])c1ccc(O)c([N+](=O)[O-])c1,,,,0,,,train
O=[N+]([O-])OCC(CO[N+](=O)[O-])O[N+](=O)[O-],,,,1,,,train
C=CCN=C=S,,,,1,,,train
Nc1ccccc1,,,,1,,,test
COP(=O)(OC)OC=C(Cl)Cl,,,,1,,,train
CC(C)=O,,,,0,,,train
C[S+](C)O,,,,0,,,train
ClC(Cl)(Cl)C(Cl)(Cl)Cl,,,,1,,,train
CN(C)C=O,,,,0,,,valid
Oc1c(Cl)cc(Cl)c(Cl)c1Cc1c(O)c(Cl)cc(Cl)c1Cl,,,,1,,,train
BrC(Br)Br,,,,0,,,train
ClC(Cl)C(Cl)(Cl)Cl,,,,1,,,train
O=C(O)C(Cl)(Cl)Cl,,,,0,,,train
CCCCC(CC)COP(=O)(OCC(CC)CCCC)OCC(CC)CCCC,,,,1,,,test
CC1=CC(=O)CC(C)(C)C1,,,,0,,,train
CC(Cl)CCl,,,,0,,,train
ClCC(Cl)Cl,,,,0,,,train
ClC=C(Cl)Cl,,,,0,,,train
C=CC(N)=O,,,,0,,,valid
ClC(Cl)C(Cl)Cl,,,,0,,,train
CC(C)(c1cc(Br)c(O)c(Br)c1)c1cc(Br)c(O)c(Br)c1,,,,1,,,train
CC(C)(c1ccc(O)cc1)c1ccc(O)cc1,,,,1,,,train
O=S(=O)(c1ccc(O)cc1)c1ccc(O)cc1,,,,1,,,train
CCC(C)(C)c1ccc(O)cc1,,,,1,,,test
c1cc2c3c(cccc3c1)CC2,,,,1,,,train
CC(C)COC(=O)c1ccccc1C(=O)OCC(C)C,,,,1,,,train
CCCCOC(=O)c1ccccc1C(=O)OCCCC,,,,1,,,train
CCCCOC(=O)c1ccccc1C(=O)OCc1ccccc1,,,,1,,,train
c1ccc2c(c1)Cc1ccccc1-2,,,,1,,,valid
O=C(Nc1ccccc1)c1ccccc1O,,,,1,,,train
Clc1cccc(Cl)c1Cl,,,,1,,,train
ClC(Cl)=C(Cl)C(Cl)=C(Cl)Cl,,,,1,,,train
Oc1c(Cl)c(Cl)c(Cl)c(Cl)c1Cl,,,,1,,,train
CCC(C)c1cc([N+](=O)[O-])cc([N+](=O)[O-])c1O,,,,1,,,test
Clc1cccc2ccccc12,,,,1,,,train
O=C(O)COc1ccc(Cl)cc1Cl,,,,0,,,train
Oc1ccccc1Cl,,,,0,,,train
Cc1ccc(Cl)c(Cl)c1,,,,1,,,train
Nc1ccc(Cl)c(Cl)c1,,,,1,,,valid
Clc1cc(Cl)c(Cl)cc1Cl,,,,1,,,train
Nc1ccc([N+](=O)[O-])cc1[N+](=O)[O-],,,,0,,,train
Oc1ccc(Cl)cc1Cc1cc(Cl)ccc1O,,,,1,,,train
O=Cc1ccco1,,,,1,,,train
O=[N+]([O-])c1ccc(O)cc1,,,,0,,,test
CCCCCCCCCc1ccc(O)cc1,,,,1,,,train
CCOC(=O)CC(=O)OCC,,,,1,,,train
Cc1ccc(O)c(C)c1,,,,0,,,train
Clc1ccc(Cl)cc1,,,,1,,,train
Nc1ccc(Cl)cc1,,,,1,,,valid
BrCCBr,,,,0,,,train
C=CC=O,,,,1,,,train
ClCCCl,,,,0,,,train
OCCCl,,,,0,,,train
CC(=O)CC(C)C,,,,0,,,test
CC(C)NC(C)C,,,,0,,,train
Cc1ccccc1,,,,0,,,train
Oc1ccccc1,,,,0,,,train
C1CCOC1,,,,0,,,train
c1ccoc1,,,,0,,,valid
O=P(Oc1ccccc1)(Oc1ccccc1)Oc1ccccc1,,,,1,,,train
CCCCC(CC)COC(=O)c1ccccc1C(=O)OCC(CC)CCCC,,,,1,,,train
Clc1c(Cl)c(Cl)c(Cl)c(Cl)c1Cl,,,,1,,,train
Cc1c([N+](=O)[O-])cc([N+](=O)[O-])cc1[N+](=O)[O-],,,,1,,,train
c1ccc2cc3ccccc3cc2c1,,,,1,,,test
Clc1ccc(Cl)c(Cl)c1,,,,1,,,train
Oc1ccc(Cl)cc1Cl,,,,1,,,train
Cc1ccc([N+](=O)[O-])cc1[N+](=O)[O-],,,,1,,,train
CCOC(=O)CC(SP(=S)(OC)OC)C(=O)OCC,,,,0,,,train
O=[N+]([O-])N1CN([N+](=O)[O-])CN([N+](=O)[O-])C1,,,,0,,,valid
C1COCCO1,,,,0,,,train
ClC(Cl)=C(Cl)Cl,,,,1,,,train
COc1ccc(C(=O)c2ccccc2)c(O)c1,,,,1,,,train
CC(C)Cc1ccc(C(C)C(=O)O)cc1,,,,1,,,train
Cc1ccc(C)c(OCCCC(C)(C)C(=O)O)c1,,,,0,,,test
CC(C)NCC(O)COc1ccc(CC(N)=O)cc1,,,,0,,,train
CC1CC2C3CCC4=CC(=O)C=CC4(C)C3(F)C(O)CC2(C)C1(O)C(=O)CO,,,,1,,,train
CC12CCC3c4ccc(O)cc4CCC3C1CC(O)C2O,,,,1,,,train
CC12CCC3c4ccc(O)cc4CCC3C1CCC2O,,,,1,,,train
COc1ccc(CCN(C)CCCC(C#N)(c2ccc(OC)c(OC)c2)C(C)C)cc1OC,,,,1,,,valid
CC12CCC3c4ccc(O)cc4CCC3C1CCC2=O,,,,1,,,train
COP(=S)(OC)Oc1ccc(SC)c(C)c1,,,,1,,,train
CCOP(=S)(OCC)Oc1ccc([N+](=O)[O-])cc1,,,,1,,,train
[C-]#N,,,,1,,,train
C#CC1(O)CCC2C3CCc4cc(O)ccc4C3CCC21C,,,,1,,,test
CC12CCC(=O)C=C1CCC1C2CCC2(C)C1CCC2(C)O,,,,1,,,train
CC12CCC(=O)C=C1CCC1C2CCC2(C)C(O)CCC12,,,,1,,,train
CNC(=O)CSP(=S)(OC)OC,,,,0,,,train
CNC(=O)Oc1cccc2ccccc12,,,,1,,,train
C#CC1(O)CCC2C3CCC4=CC(=O)CCC4C3CCC21C,,,,1,,,valid
O=C(O)C(Br)(Br)Br,,,,0,,,train
CCC(CCC(C)C1CCC2C3CC=C4CC(O)CCC4(C)C3CCC12C)C(C)C,,,,1,,,train
COP(=S)(OC)SCn1nnc2ccccc2c1=O,,,,1,,,train
Oc1c(Cl)cc(Cl)cc1Cl,,,,1,,,train
O=[N+]([O-])c1ccccc1Cl,,,,0,,,test
Oc1cc(Cl)c(Cl)cc1Cl,,,,1,,,train
CCCCOC(=O)C=CC(=O)OCCCC,,,,1,,,train
O[S+]1OCC2C(CO1)C1(Cl)C(Cl)=C(Cl)C2(Cl)C1(Cl)Cl,,,,1,,,train
CCOP(=S)(OCC)Oc1ccc([S+](C)O)cc1,,,,0,,,train
ClCCCCl,,,,0,,,valid
c1ccc2c(c1)-c1cccc3cccc-2c13,,,,1,,,train
COP(=S)(OC)Oc1ccc([N+](=O)[O-])cc1,,,,1,,,train
CCOP(=S)(OCC)SCSCC,,,,1,,,train
CCOP(=S)(OCC)SCCSCC,,,,1,,,train
O=C(O)C(F)(F)C(F)(F)C(F)(F)C(F)(F)C(F)(F)F,,,,0,,,test
O=C(O)C(F)(F)C(F)(F)C(F)(F)C(F)(F)C(F)(F)C(F)(F)C(F)(F)C(F)(F)C(F)(F)F,,,,1,,,train
CC(=O)OC1(C(C)=O)CCC2C3C=C(Cl)C4=CC(=O)C5CC5C4(C)C3CCC21C,,,,1,,,train
O=Cc1cccc(C(F)(F)F)c1,,,,1,,,train
Cc1cccc2c1ccc1cc(C(C)C)ccc12,,,,1,,,train
CC(=O)OCc1ccccc1,,,,1,,,valid
COc1ccc(OC)cc1,,,,0,,,train
NC(=O)N1c2ccccc2C=Cc2ccccc21,,,,1,,,train
CN(C)C(=O)Nc1ccc(Cl)c(Cl)c1,,,,1,,,train
CCOP(=S)(OCC)Oc1cc(C)nc(C(C)C)n1,,,,1,,,train
Cc1cc([N+](=O)[O-])cc([N+](=O)[O-])c1O,,,,1,,,test
Clc1cccc(Cl)c1,,,,1,,,train
CC12CCC(=O)CC1CCC1C2CCC2(C)C1CCC2(C)O,,,,1,,,train
Cc1ccccc1C=O,,,,0,,,train
Nc1ccc(Cl)cc1Cl,,,,1,,,train
N=C(N)N[N+](=O)[O-],,,,0,,,valid
Clc1cc(Cl)c(Cl)c(Cl)c1Cl,,,,1,,,train
Clc1ccc(Cl)c(Cl)c1Cl,,,,1,,,train
CCOC(=O)C(C)(C)Oc1ccc(Cl)cc1,,,,1,,,train
CCN(CCO)S(=O)(=O)C(F)(F)C(F)(F)C(F)(F)C(F)(F)C(F)(F)C(F)(F)C(F)(F)C(F)(F)F,,,,1,,,train
N#Cc1c(Cl)c(Cl)c(Cl)c(C#N)c1Cl,,,,1,,,test
CCNc1nc(Cl)nc(NC(C)C)n1,,,,1,,,train
CCOP(=S)(OCC)Oc1nc(Cl)c(Cl)cc1Cl,,,,1,,,train
Oc1cc(Cl)ccc1Oc1ccc(Cl)cc1Cl,,,,1,,,train
CCCCC(CC)COC(=O)C(C#N)=C(c1ccccc1)c1ccccc1,,,,1,,,train
CCOP(=S)(OCC)SCSc1ccc(Cl)cc1,,,,1,,,valid
Cc1ccc2nc(C)ccc2c1,,,,1,,,train
CC(C)(Oc1ccc(Cl)cc1)C(=O)O,,,,1,,,train
CC1COCc2cc3c(cc21)C(C)(C)C(C)C3(C)C,,,,1,,,train
Cc1ccccc1OP(=O)(Oc1ccccc1C)Oc1ccccc1C,,,,1,,,train
Oc1ccc(C(c2ccc(O)cc2)(C(F)(F)F)C(F)(F)F)cc1,,,,1,,,test
C[Si](C)(O)O,,,,0,,,train
NCP(=O)(O)O,,,,0,,,train
COc1ccc(OC)c(C(=O)CBr)c1,,,,1,,,train
CCCCCCCCCCCC(=O)O,,,,0,,,train
O=C(O)C(Br)Br,,,,0,,,valid
Oc1c(Cl)c(Cl)cc(Cl)c1Cl,,,,0,,,train
CCOP(=S)(CC)Sc1ccccc1,,,,1,,,train
C[n+]1ccc(-c2cc[n+](C)cc2)cc1,,,,0,,,train
CC(C)N(C(=O)CCl)c1ccccc1,,,,1,,,train
CCCCc1oc2ccccc2c1C(=O)c1cc(I)c(OCCN(CC)CC)c(I)c1,,,,1,,,test
CNC(=O)Oc1ccc(N(C)C)c(C)c1,,,,1,,,train
CCOP(=S)(Oc1ccc([N+](=O)[O-])cc1)c1ccccc1,,,,1,,,train
CCNc1nc(O)nc(NC(C)C)n1,,,,1,,,train
CNC(=O)Oc1cccc2c1OC(C)(C)C2,,,,1,,,train
Cc1cc(Cl)cc(Cl)c1O,,,,1,,,valid
N#Cc1cc(Br)c(O)c(Br)c1,,,,0,,,train
O=C(O)c1nc(Cl)ccc1Cl,,,,0,,,train
O=S(=O)(O)C(F)(F)C(F)(F)C(F)(F)C(F)(F)C(F)(F)C(F)(F)C(F)(F)C(F)(F)F,,,,1,,,train
CNC(=O)Oc1ccc(C(C)(C)C)cc1,,,,0,,,train
NC(=O)Nc1ccc(Cl)c(Cl)c1,,,,1,,,test
CNC(=O)Nc1ccc(Cl)c(Cl)c1,,,,1,,,train
CN1CCN(C2=Nc3cc(Cl)ccc3Nc3ccccc32)CC1,,,,1,,,train
CSc1nc(NC(C)C)nc(NC(C)C)n1,,,,0,,,train
CSc1nnc(C(C)(C)C)c(=O)n1N,,,,0,,,train
Oc1nc(Cl)c(Cl)cc1Cl,,,,1,,,valid
CC12CCC3C(CCC45OC4C(O)=C(C#N)CC35C)C1CCC2O,,,,1,,,train
CC12C=CC3=C4CCC(=O)C=C4CCC3C1CCC2O,,,,1,,,train
CCOP(=S)(OCC)SCSC(C)(C)C,,,,1,,,train
CCCSP(=O)(OCC)SCCC,,,,1,,,train
O=C(O)Cc1ccccc1Nc1c(Cl)cccc1Cl,,,,0,,,test
CCc1cccc(CC)c1N(COC)C(=O)CCl,,,,1,,,train
COc1ccc2cc(C(C)C(=O)O)ccc2c1,,,,1,,,train
CNC(=O)N(C)c1nnc(C(C)(C)C)s1,,,,0,,,train
CCC(CC)Nc1c([N+](=O)[O-])cc(C)c(C)c1[N+](=O)[O-],,,,1,,,train
CCCCOCN(C(=O)CCl)c1c(CC)cccc1CC,,,,1,,,valid
CC(C)(C)Nc1nc(N)nc(Cl)n1,,,,1,,,train
CNCCC(Oc1ccc(C(F)(F)F)cc1)c1ccccc1,,,,1,,,train
CCN(CC)C(=O)SCc1ccc(Cl)cc1,,,,1,,,train
N#Cc1c(O)c(Cl)c(Cl)c(C#N)c1Cl,,,,0,,,train
O=C(NC(=O)c1c(F)cccc1F)Nc1ccc(Cl)cc1,,,,1,,,test
CC(C)OC(=O)C(C)(C)Oc1ccc(C(=O)c2ccc(Cl)cc2)cc1,,,,1,,,train
CCNc1nc(=O)nc(NC(C)(C)C)[nH]1,,,,1,,,train
CC(C)C(C(=O)OC(C#N)c1cccc(Oc2ccccc2)c1)c1ccc(Cl)cc1,,,,1,,,train
CC1(C)C(C=C(Cl)Cl)C1C(=O)OC(C#N)c1cccc(Oc2ccccc2)c1,,,,1,,,train
CC1(C)C(C=C(Cl)Cl)C1C(=O)OCc1cccc(Oc2ccccc2)c1,,,,1,,,valid
CC1(C)C(C=C(Br)Br)C1C(=O)OC(C#N)c1cccc(Oc2ccccc2)c1,,,,1,,,train
CCCC1COC(Cn2cncn2)(c2ccc(Cl)cc2Cl)O1,,,,1,,,train
Clc1cc(Cl)c(-c2c(Cl)cccc2Cl)c(Cl)c1,,,,1,,,train
Clc1ccc(-c2cc(Cl)c(Cl)c(Cl)c2)cc1Cl,,,,1,,,train
CCCN(CCOc1c(Cl)cc(Cl)cc1Cl)C(=O)n1ccnc1,,,,1,,,test
CC(O)(CS(=O)(=O)c1ccc(F)cc1)C(=O)Nc1ccc(C#N)c(C(F)(F)F)c1,,,,1,,,train
C=C1C(=O)NC(C)C(=O)NC(CC(C)C)C(=O)NC(C(=O)O)C(C)C(=O)NC(CCCCNC(=N)N)C(=O)NC(C=CC(C)=CC(C)C(Cc2ccccc2)OC)C(C)C(=O)NC(C(=O)O)CCC(=O)N1C,,,,1,,,train
CC1(c2ccc(O)cc2)CCc2cc(O)ccc2C1CCCCCCCCC[S+](O)CCCC(F)(F)C(F)(F)F,,,,1,,,train
CC(C)(C)N(NC(=O)c1ccc(Cl)cc1)C(=O)c1ccccc1,,,,1,,,train
CN1COCN(Cc2cnc(Cl)s2)C1=N[N+](=O)[O-],,,,0,,,valid
N#Cc1nn(-c2c(Cl)cc(C(F)(F)F)cc2Cl)c(N)c1[S+](O)C(F)(F)F,,,,1,,,train
CCOCn1c(-c2ccc(Cl)cc2)c(C#N)c(Br)c1C(F)(F)F,,,,1,,,train
CC(C)(C)c1ccc(CSc2cnn(C(C)(C)C)c(=O)c2Cl)cc1,,,,1,,,train
CN=C(O)c1cc(C#N)cc(C)c1N=C(O)c1cc(Br)nn1-c1ncccc1Cl,,,,1,,,train
ClC1C(Cl)C(Cl)C(Cl)C(Cl)C1Cl,,,,1,,,test
Cn1ccnc1S,,,,1,,,train
ClC1=C(Cl)C2(Cl)C3C4CC(C5OC45)C3C1(Cl)C2(Cl)Cl,,,,1,,,train
ClC1CCCCC1Cl,,,,1,,,train
CNC.O=C(O)COc1ccc(Cl)cc1Cl,,,,0,,,train
BrC1CCC(Br)C(Br)C(Br)C(Br)CCC1Br,,,,1,,,valid
CNC(=O)ON=C(C)SC,,,,1,,,train
O=C(O)CNCP(=O)(O)O,,,,1,,,train
BrC1(Br)CCCCCCCCCC(Br)(Br)C1(Br)Br,,,,1,,,train
CCCCCCCCCCCCCc1ccccc1S(=O)(=O)O,,,,1,,,train
O=C(O)C(F)(F)C(F)(F)C(F)(F)C(F)(F)C(F)(F)C(F)(F)C(F)(F)C(F)(F)C(F)(F)C(F)(F)C(F)(F)C(F)(F)F,,,,1,,,test
CC(C)NCC(O)COc1cccc2ccccc12,,,,0,,,train
Cc1c(COC(=O)C2C(C=C(Cl)C(F)(F)F)C2(C)C)cccc1-c1ccccc1,,,,1,,,train
CCCCCCCCCCCCOS(=O)(=O)c1ccccc1,,,,1,,,train
COc1cccc(C2(O)CCCCC2CN(C)C)c1,,,,1,,,train
Clc1cccc(-c2ccc(Cl)c(Cl)c2Cl)c1Cl,,,,1,,,valid
O=[N+]([O-])N=C1NCCN1Cc1ccc(Cl)nc1,,,,0,,,train
CON=C(C(=O)OC)c1ccccc1CON=C(C)c1cccc(C(F)(F)F)c1,,,,1,,,train
CN=C(NCC1CCOC1)N[N+](=O)[O-],,,,1,,,train
O=C(NC(=O)c1c(F)cccc1F)Nc1ccc(CON=C(c2ccc(Cl)cc2)C2CC2)cc1,,,,1,,,train
Clc1ccc(-c2ccc(Cl)c(Cl)c2Cl)c(Cl)c1Cl,,,,1,,,test
Clc1cc(-c2cc(Cl)c(Cl)c(Cl)c2)cc(Cl)c1Cl,,,,1,,,train
Clc1ccc(-c2ccc(Cl)cc2Cl)c(Cl)c1,,,,1,,,train
CC(C)CCCCCCc1ccc(O)cc1,,,,1,,,train
CC12CCC3c4ccc(O)cc4CC(CCCCCCCCC[S+](O)CCCC(F)(F)C(F)(F)F)C3C1CCC2O,,,,1,,,train
CCCCCCCCCCSCCN,,,,1,,,valid
Clc1ccc(-c2cc(Cl)c(Cl)cc2Cl)cc1Cl.Clc1ccc(-c2ccc(Cl)c(Cl)c2)c(Cl)c1.Clc1ccc(-c2ccc(Cl)cc2)cc1.Clc1ccc(-c2ccc(Cl)cc2Cl)cc1,,,,1,,,train
Clc1ccc(-c2cc(Cl)c(Cl)cc2Cl)c(Cl)c1.Clc1ccc(-c2ccc(Cl)c(Cl)c2)c(Cl)c1.Clc1ccc(-c2ccc(Cl)cc2Cl)cc1,,,,1,,,train
CCCCOCCOCCOCc1cc2c(cc1CCC)OCO2,,,,1,,,train
COP(=S)(OC)OCCc1ccccc1,,,,1,,,train
C#CC1(O)CCC2C3CCc4cc(O)ccc4C3(C#N)CCC21C,,,,1,,,test
Cn1cc[nH]c1=S,,,,1,,,train
c1ccccc1,,,,0,,,train
CBr,,,,1,,,train
ClCCl,,,,0,,,train
CCCCSP(=O)(SCCCC)SCCCC,,,,1,,,valid
CC(Cl)(Cl)Cl,,,,0,,,train
C=CC(=O)Nc1cccnc1,,,,0,,,train
NCc1ccccc1O,,,,1,,,train
c1cc[n+]2c(c1)-c1cccc[n+]1CC2,,,,1,,,train
CCCCNCc1ccccc1,,,,1,,,test
Cc1ccc(O)c(O)c1,,,,1,,,train
Nc1cc(Cl)cc(Cl)c1,,,,1,,,train
Oc1c(Cl)cc(Cl)c(Cl)c1Sc1c(O)c(Cl)cc(Cl)c1Cl,,,,1,,,train
c1ccc(Oc2ccccc2)cc1,,,,1,,,train
Nc1ccn(C2CC(O)C(CO)S2)c(=O)n1,,,,0,,,valid
NC(C(=O)N1CCCC1)C(O)c1ccncc1,,,,0,,,train
N=C(N)C1CCCO1,,,,0,,,train
O=S1OCC2C(CO1)C1(Cl)C(Cl)=C(Cl)C2(Cl)C1(Cl)Cl,,,,1,,,train
OC(c1ccc(Cl)cc1)(c1ccc(Cl)cc1)C(Cl)(Cl)Cl,,,,1,,,train
CCOP(=S)(OCC)OCCc1ccccc1,,,,0,,,test
CC1(C)C(=O)N(Cl)C(=O)N1Cl,,,,0,,,train
O=[N+]([O-])c1ccc(Cl)c([N+](=O)[O-])c1,,,,1,,,train
O=C1c2ccccc2C(=O)N1SC(Cl)(Cl)Cl,,,,1,,,train
O=C(O)C1C2CCC(O2)C1C(=O)O,,,,0,,,train
c1ccc2[nH]c(-c3cscn3)nc2c1,,,,1,,,valid
CCOP(=S)(OCC)SCCN(CC)CC,,,,1,,,train
O=[N+]([O-])c1cc(Cl)c(O)c([N+](=O)[O-])c1,,,,1,,,train
CCOP(=S)(OCC)SCSP(=S)(OCC)OCC,,,,1,,,train
CCC(=O)Nc1ccc(Cl)c(Cl)c1,,,,1,,,train
CC(C)OP(=S)(OC(C)C)SCCNS(=O)(=O)c1ccccc1,,,,1,,,test
CCOP(=S)(OCC)SCc1ccncc1,,,,1,,,train
COc1nn(CSP(=S)(OC)OC)c(=O)s1,,,,1,,,train
Cc1ccc(OP(=O)(Oc2ccc(C)cc2)Oc2ccc(C)cc2)cc1,,,,1,,,train
Clc1ccc(-c2cc(Cl)c(Cl)cc2Cl)c(Cl)c1,,,,1,,,train
CCCCCCCC(=O)Oc1c(Br)cc(C#N)cc1Br,,,,1,,,valid
CNC(=O)OCCC(C)N(C)C,,,,1,,,train
CCSP(=O)(Oc1ccc(S(N)(=O)=O)cc1)c1ccccc1,,,,1,,,train
CN(C)C(=O)Nc1cccc(C(F)(F)F)c1,,,,0,,,train
CC1=CC(=O)NS(=O)(=O)O1,,,,0,,,train
CCCC(=O)Oc1c(Br)cc(C#N)cc1Br,,,,1,,,test
O=[N+]([O-])C(Br)=Cc1ccccc1,,,,1,,,train
N=C(N)NCc1cccc(I)c1,,,,1,,,train
C=CC=CCC1=C(C)C(OC(=O)C2C(C=C(C)C)C2(C)C)CC1=O,,,,1,,,train
CC1Cc2c3c(c4c(c2S(=O)(=O)O1)C1(CC1C)C4C)CC3C,,,,1,,,train
CC(=O)c1cc2c(cc1C)C(C)(C)C(C)CC2(C)C,,,,1,,,valid
Cc1nc(N(C)C)nc(OC(=O)N(C)C)c1C,,,,0,,,train
CCOP(=S)(NC(C)C)Oc1ccccc1C(=O)OC(C)C,,,,1,,,train
Cn1sc(Cl)cc1=O,,,,1,,,train
CCOC1Oc2ccc(OS(C)(=O)=O)cc2C1(C)C,,,,0,,,train
CCCCCCCCn1sccc1=O,,,,1,,,test
CSc1nc(NC2CC2)nc(NC(C)(C)C)n1,,,,1,,,train
Cc1ccc(N=CN(C)C=Nc2ccc(C)cc2C)c(C)c1,,,,1,,,train
COC(C)(C)CCCC(C)CC=CC(C)=CC(=O)OC(C)C,,,,1,,,train
CCCSP(=O)(OCC)Oc1ccc(Br)cc1Cl,,,,1,,,train
CCCCCCCCCCC(C)c1ccc(S(=O)(=O)O)cc1,,,,1,,,valid
CC(C)(C)C(=O)C(Oc1ccc(Cl)cc1)n1cncn1,,,,1,,,train
NS(=O)(=O)c1cccc(NS(=O)(=O)C(F)(F)C(F)(F)C(F)(F)C(F)(F)C(F)(F)C(F)(F)C(F)(F)C(F)(F)F)c1,,,,0,,,train
CCOP(=S)(OCC)OC(Cl)C(Cl)(Cl)Cl,,,,1,,,train
CCCCNC(=O)OCC#CI,,,,1,,,train
c1nc[nH]n1,,,,1,,,test
O=C(Nc1nc2ccccc2[nH]1)c1cc2cc([N+](=O)[O-])ccc2oc1=O,,,,1,,,train
CC(C)C(Nc1ccc(C(F)(F)F)cc1Cl)C(=O)OC(C#N)c1cccc(Oc2ccccc2)c1,,,,1,,,train
CCOC(=O)C(C)Oc1ccc(Oc2cnc3cc(Cl)ccc3n2)cc1,,,,1,,,train
O=[N+]([O-])c1cc(C(F)(F)F)c(Cl)c([N+](=O)[O-])c1Nc1ncc(C(F)(F)F)cc1Cl,,,,1,,,train
CCCCC(O)(Cn1cncn1)c1ccc(Cl)cc1Cl,,,,1,,,valid
CCc1cccc(C)c1N(C(=O)CCl)C(C)COC,,,,1,,,train
CC(COc1ccc(Oc2ccccc2)cc1)Oc1ccccn1,,,,1,,,train
CCOP(=S)(Oc1cnc(C(C)(C)C)nc1)OC(C)C,,,,1,,,train
CCOP(=O)(SC(C)CC)N1CCSC1=O,,,,0,,,train
CCSC(C)CC1CC(=O)C(C(CC)=NOCC=CCl)=C(O)C1,,,,1,,,test
CS(=O)(=O)c1ccc(C(=O)C2C(=O)CCCC2=O)c([N+](=O)[O-])c1,,,,0,,,train
CC1CN(C2CCN(c3nc(N)n[nH]3)CC2)C(Cc2ccc(Cl)cc2)CO1,,,,1,,,train
CS(=O)(=O)N=C(O)c1cc(Oc2ccc(C(F)(F)F)cc2Cl)ccc1[N+](=O)[O-],,,,0,,,train
CCOC(=O)CSc1nc(C(C)(C)C)nn1C(=O)N(C)C,,,,1,,,train
FC(F)C(F)(F)OCC(Cn1cncn1)c1ccc(Cl)cc1Cl,,,,1,,,valid
CCc1ccc(C(=O)NN(C(=O)c2cc(C)cc(C)c2)C(C)(C)C)cc1,,,,1,,,train
N#CC(CCc1ccc(Cl)cc1)(Cn1cncn1)c1ccccc1,,,,1,,,train
N#Cc1nn(-c2c(Cl)cc(C(F)(F)F)cc2Cl)c(N)c1S(=O)C(F)(F)F,,,,1,,,train
Fc1ccc(Oc2ccnc3cc(Cl)cc(Cl)c23)cc1,,,,1,,,train
CCOC(=O)COc1cc(-c2nn(C)c(OC(F)F)c2Cl)c(F)cc1Cl,,,,1,,,test
CC(C)c1nn(C(=O)NC(C)(C)C)c(=O)n1N,,,,0,,,train
COC=C(C(=O)OC)c1ccccc1Oc1cc(Oc2ccccc2C#N)ncn1,,,,1,,,train
CC1(C)CCC(=Cc2ccc(Cl)cc2)C1(O)Cn1cncn1,,,,1,,,train
Cc1nn(C)c(Oc2ccccc2)c1C=NOCc1ccc(C(=O)OC(C)(C)C)cc1,,,,1,,,train
CC(=NC#N)N(C)Cc1ccc(Cl)nc1,,,,0,,,valid
CCCCCCCCCC[N+](C)(C)CCCCCCCCCC.CCCCCCCCCC[N+](C)(C)CCCCCCCCCC.O=C(O)O,,,,1,,,train
N#CCNC(=O)c1cnccc1C(F)(F)F,,,,0,,,train
COC(=O)N(C(=O)N1COC2(C(=O)OC)Cc3cc(Cl)ccc3C2=N1)c1ccc(OC(F)(F)F)cc1,,,,1,,,train
COC(=O)N(OC)c1ccccc1COc1ccn(-c2ccc(Cl)cc2)n1,,,,1,,,train
CC(C)CC(C)c1sccc1NC(=O)c1cn(C)nc1C(F)(F)F,,,,1,,,test
CNC(=N[N+](=O)[O-])NCc1cnc(Cl)s1,,,,0,,,train
O=C(NCc1ncc(C(F)(F)F)cc1Cl)c1c(Cl)cccc1Cl,,,,1,,,train
Cc1[nH]n(C)c(=O)c1C(=O)c1ccc(C(F)(F)F)cc1S(C)(=O)=O,,,,1,,,train
C#CCOc1ccc(CCNC(=O)C(OCC#C)c2ccc(Cl)cc2)cc1OC,,,,1,,,train
Cc1ccc2c(c1)C(Nc1nc(N)nc(C(C)F)n1)C(C)C2,,,,1,,,valid
CN(C)C1C(=O)C(C(N)=O)=C(O)C2(O)C(=O)C3=C(O)c4c(O)cccc4C(C)(O)C3C(O)C12,,,,0,,,train
NS(=O)(=O)c1c(F)c(F)cc(F)c1F,,,,0,,,train
Brc1c(Br)c(Br)c(Oc2c(Br)c(Br)c(Br)c(Br)c2Br)c(Br)c1Br,,,,1,,,train
ClC(Cl)Cl,,,,1,,,train
O=[N+]([O-])c1c(Cl)c(Cl)c(Cl)c(Cl)c1Cl,,,,0,,,test
c1ccc(-c2ccccc2-c2ccccc2)cc1,,,,1,,,train
c1ccc(-c2ccccc2)cc1,,,,1,,,train
Nc1ccccc1Cl,,,,1,,,train
Cc1ccc(C(C)C)cc1,,,,1,,,train
COc1ccc(N)cc1,,,,1,,,valid
Cc1ccc(N)cc1,,,,1,,,train
Clc1ccccc1,,,,1,,,train
CCCCCCCC,,,,1,,,train
CCCCCCCCCl,,,,1,,,train
ClC(Br)Br,,,,1,,,test
Cc1cc(C(C)(C)C)c(O)c(C(C)(C)C)c1,,,,1,,,train
c1cc2ccc3cccc4ccc(c1)c2c34,,,,1,,,train
c1ccc2c(c1)sc1ccccc12,,,,1,,,train
CC(C)(C)CC(C)(C)c1ccc(O)cc1,,,,1,,,train
Cc1c([N+](=O)[O-])cccc1[N+](=O)[O-],,,,0,,,valid
ClCc1ccccc1Cl,,,,1,,,train
Clc1ccccc1NNc1ccccc1Cl,,,,1,,,train
CC(C)CC(C)Nc1ccc(Nc2ccccc2)cc1,,,,1,,,train
CCCCCCCCc1ccc(O)cc1,,,,1,,,train
CC=CC=O,,,,1,,,test
Cc1ccc(C)c(C(C)c2ccccc2)c1,,,,1,,,train
CCCCCCCCCc1ccccc1O,,,,1,,,train
O=C1C(CCC(O)c2ccc(F)cc2)C(c2ccc(O)cc2)N1c1ccc(F)cc1,,,,1,,,train
COC(=O)N(C)c1c(N)nc(-c2nn(Cc3ccccc3F)c3ncccc23)nc1N,,,,1,,,train
NCCCC(O)(P(=O)(O)O)P(=O)(O)O,,,,0,,,valid
CNC(=O)c1ccccc1Sc1ccc2c(C=Cc3ccccn3)n[nH]c2c1,,,,1,,,train
COC(=O)C(c1ccccc1Cl)N1CCc2sccc2C1,,,,1,,,train
CCCCC1=NC2(CCCC2)C(=O)N1Cc1ccc(-c2ccccc2-c2nn[nH]n2)cc1,,,,0,,,train
CS(=O)(=O)CCNCc1ccc(-c2ccc3ncnc(Nc4ccc(OCc5cccc(F)c5)c(Cl)c4)c3c2)o1,,,,1,,,train
Cc1ccc(Nc2nccc(N(C)c3ccc4c(C)n(C)nc4c3)n2)cc1S(N)(=O)=O,,,,1,,,test
CCOC(=O)Nc1ccc(NCc2ccc(F)cc2)cc1N,,,,1,,,train
OCc1cc(C(O)CNCCCCCCOCCOCc2c(Cl)cccc2Cl)ccc1O,,,,1,,,train
O=P(O)(O)C(O)(Cn1ccnc1)P(=O)(O)O,,,,1,,,train
CC1=NNC(=O)N(N=Cc2cccnc2)C1,,,,0,,,train
CCOc1nc(NC)nc(NC(=O)NS(=O)(=O)c2ccccc2C(=O)OC)n1,,,,0,,,valid
O=Cc1c(O)ccc2cc(-c3ccc(Cl)nc3)ccc12,,,,0,,,train
CCCCC(CC)COC(=O)C1CCC(C(=O)OCC(CC)CCCC)CC1,,,,1,,,train
Nc1nc2[nH]cc(CCc3ccc(C(=O)O)cc3)c2c(=O)[nH]1,,,,0,,,train
CCCCOCOCCCC,,,,0,,,train
CC(C)[N-]C(C)C,,,,0,,,test
CCCCC(CC)COC(=O)c1ccc(Nc2nc(Nc3ccc(C(=O)OCC(CC)CCCC)cc3)nc(Nc3ccc(C(=O)OCC(CC)CCCC)cc3)n2)cc1,,,,1,,,train
COc1c(C)c2c(c(O)c1CC=C(C)CCC(=O)O)C(=O)OC2,,,,1,,,train
O=c1[nH]c(=O)[nH]c(=O)[nH]1,,,,0,,,train
O=c1nc(O)n(Cl)c(=O)n1Cl,,,,0,,,train
CCC(C)(C#N)N=NC(C)(C#N)CC,,,,0,,,valid
c1cc2nc(c1)C[n+]1cn(c3ccccc31)Cc1cc3ccccc3nc1Oc1ccccc1Oc1nc3ccccc3cc1Cn1c[n+](c3ccccc31)C2,,,,1,,,train
CCC(=O)OC1CC2CC1C1CC=CC21,,,,1,,,train
CCCCCC=CCC=CCCCCCCCC(=O)NCCO.CCCCCCCCC=CCCCCCCCC(=O)NCCO,,,,1,,,train
C=C(C)C(=O)OC(C)(C)C,,,,0,,,train
CC(C1CC1)C(O)(Cn1cncn1)c1ccc(Cl)cc1,,,,1,,,test
C=CCOc1ccc(S(=O)(=O)c2ccc(O)cc2)cc1,,,,1,,,train
CCCCCCC(CCCCCCCCCCC(=O)OCC(CC)CCCC)OC(C)=O,,,,0,,,train
CCS(=O)c1c(C#N)nn(-c2c(Cl)cc(C(F)(F)F)cc2Cl)c1N,,,,1,,,train
CCOc1nc2cccc(C(=O)O)c2n1Cc1ccc(-c2ccccc2-c2nn[nH]n2)cc1,,,,1,,,train
O=C(NC1CCOCC1)c1cc(C2CC2NCC2CC2)cs1,,,,0,,,valid
CC(=O)OO,,,,1,,,train
C=COC(C)=O,,,,1,,,train
COCc1cc(N)ccc1N,,,,1,,,train
CCCCN(CCCC)C(=S)SCSC(=S)N(CCCC)CCCC,,,,1,,,train
CCOC(=O)C1=NN(c2ccc(Cl)cc2Cl)C(C)(C(=O)OCC)C1,,,,1,,,test
C=Cc1ccc(C(C)(C)C)cc1,,,,1,,,train
Nc1ccc2cc(S(=O)(=O)O)cc(S(=O)(=O)O)c2c1N=Nc1ccc(S(=O)(=O)O)cc1,,,,1,,,train
CN(C)C12C(=O)C(c3ccccc3)=C(c3ccccc3)C1C1CCC2C1,,,,1,,,train
CCCCCCCCCCCCCCO,,,,1,,,train
C=C(Cl)C(=O)OCCC(F)(F)C(F)(F)C(F)(F)C(F)(F)C(F)(F)C(F)(F)F,,,,1,,,valid
C=C(C)C(=O)OC1CCCCC1,,,,0,,,train
CCC(C)Nc1ccc(NC(C)CC)cc1,,,,1,,,train
CC(C)(c1ccc(OP(=O)(Oc2ccccc2)Oc2ccccc2)cc1)c1ccc(OP(=O)(Oc2ccccc2)Oc2ccccc2)cc1,,,,0,,,train
O=C1OC(=O)c2ccccc21,,,,0,,,train
CCOc1ccc2ccccc2c1C(=O)N1C2CCC1C(COc1ccccn1)C2,,,,0,,,test
CCCC(CC)COC(=O)CCc1cc(C(C)(C)C)c(O)c(C(C)(C)C)c1,,,,1,,,train
COc1ccccc1C(=O)NS(=O)(=O)c1ccc(C(=O)NC2CC2)cc1,,,,0,,,train
COc1nc(C)nc(NC(=O)NS(=O)(=O)c2ccccc2OCCCl)n1,,,,0,,,train
CC1(CO)CC1CC1CC2CC2(C)C1(C)C,,,,1,,,train
CC(C)(C)OOC(=O)c1ccccc1,,,,1,,,valid
C=C(C)C(=O)OC(=O)C(=C)C,,,,0,,,train
O=C(O)c1ccccc1C(=O)O,,,,0,,,train
NNS(=O)(=O)c1ccc(Oc2ccc(S(=O)(=O)NN)cc2)cc1,,,,0,,,train
CCCC[N+](CCCC)(CCCC)CCCC,,,,0,,,train
O=C1C=CC(=O)N1c1ccc(Cc2ccc(N3C(=O)C=CC3=O)cc2)cc1,,,,1,,,test
CCOC(=O)c1ccccc1S(=O)(=O)NC(=O)Nc1nc(Cl)cc(OC)n1,,,,0,,,train
Cc1ccc(S(C)(=O)=O)cc1[N+](=O)[O-],,,,0,,,train
C1=CC(c2ccc(C3CC=CCC3)cc2)CCC1,,,,1,,,train
CC(=O)OC(c1ccccc1)C(Cl)(Cl)Cl,,,,0,,,train
CCOC(=O)NCCOc1ccc(Oc2ccccc2)cc1,,,,1,,,valid
O=C(OCCOC(=O)c1ccccc1)c1ccccc1,,,,1,,,train
CCCCCCCO,,,,1,,,train
COc1ncc(-c2cc(C=O)c(O)c(OC)c2)s1,,,,0,,,train
O=[N+]([O-])C(Br)(CO)CO,,,,0,,,train
O=CCCCC=O,,,,0,,,test
Nc1nc(C2CC2)nc(C(=O)O)c1Cl,,,,0,,,train
CCCCCCCCCCCCCCCCCCCCCCCCO,,,,1,,,train
CC1COc2ccccc2N1C(=O)C(Cl)Cl,,,,1,,,train
CCOCCOCCOC(C)=O,,,,0,,,train
COC(=O)NC(=S)Nc1ccccc1NC(=S)NC(=O)OC,,,,1,,,valid
C=CC(=O)O.CC(C)(c1ccc(O)cc1)c1ccc(O)cc1.ClCC1CO1,,,,1,,,train
CCCCCCCCCO,,,,1,,,train
O=C(Cc1ccccc1)OCCc1ccccc1,,,,1,,,train
C1CCC(NC2CCCCC2)CC1.CC(C)(O)c1ccccc1CCC(SCC1(CC(=O)O)CC1)c1cccc(C=Cc2ccc3ccc(Cl)cc3n2)c1,,,,1,,,train
CC1C(C)(C)C2CCc3cncnc3C2C1(C)C,,,,1,,,test
CCC(O)COC1CCCCC1C(C)(C)C,,,,1,,,train
FC(F)(F)c1ccc(Cl)c(Cl)c1,,,,1,,,train
CC(C)(C)CCCCCCCCCN,,,,1,,,train
Cc1cc(O)ccc1Cl,,,,1,,,train
CC(=O)OC1CCCCC1C(C)(C)C,,,,1,,,valid
O=C1C2C(C(=O)N1CCCCN1CCN(c3ccccn3)CC1)C1(c3ccccc3)C(=O)C2(c2ccccc2)c2c1c1ccccc1c1ccccc21,,,,1,,,train
O=C(O)O,,,,0,,,train
CCCCCCCC(=O)NCCC[N+](C)(C)CC(=O)O.CCCCCCCCCC(=O)NCCC[N+](C)(C)CC(=O)O,,,,1,,,train
NC(=NCCCCCCN=C(N)N=C(N)Nc1ccc(Cl)cc1)N=C(N)Nc1ccc(Cl)cc1.O=C(O)C(O)C(O)C(O)C(O)CO.O=C(O)C(O)C(O)C(O)C(O)CO,,,,1,,,train
CC=CC(=O)C1C(C)C=CCC1(C)C,,,,1,,,test
CCCCN1CCCC1=O,,,,0,,,train
C=CCCCCCCCCC(=O)O,,,,1,,,train
Nc1cc(Cl)nc(C(=O)O)c1Cl,,,,0,,,train
CC1(C)OC2CC3C4CCC5=CC(=O)C=CC5(C)C4(F)C(O)CC3(C)C2(C(=O)CO)O1.COC12C(COC(N)=O)C3=C(C(=O)C(C)=C(N)C3=O)N1CC1NC12,,,,1,,,train
O=C(c1ccc(O)cc1)c1ccc(C(=O)c2ccc(O)cc2)cc1,,,,1,,,valid
CCCCCCCCO,,,,1,,,train
NC(=O)CCN(CCO)c1nc(Nc2ccccc2)nc(Nc2ccc(C=Cc3ccc(Nc4nc(Nc5ccccc5)nc(N(CCO)CCC(N)=O)n4)cc3S(=O)(=O)O)c(S(=O)(=O)O)c2)n1,,,,0,,,train
COc1cc(OC)nc(NC(=O)NS(=O)(=O)c2ncccc2OCC(F)(F)F)n1,,,,0,,,train
CCCCCCCCN1CCCC1=O,,,,1,,,train
COC(=O)COc1nc(F)c(Cl)c(N)c1Cl,,,,1,,,test
CCC(=O)OC1C(C)OC(OC2C(C)C(=O)OC(C)C(C)C(OC(=O)CC)C(C)C(=O)C3(CO3)CC(C)C(OC3OC(C)CC(N(C)C)C3O)C2C)CC1OC,,,,0,,,train
CCCCC(CC)COCOCC(CC)CCCC,,,,1,,,train
CCCCCCCCCCCCCCCCCCO.CCCCCCCCCCCCCCCCO,,,,1,,,train
CCN(CC)c1ccc(C=C2CCC(=Cc3ccc(N(C)CCC(=O)O)cc3)C2=O)cc1,,,,1,,,train
CC1(COC(=O)C2CC2)C(OC(=O)C2CC2)CCC2(C)C1CC(O)C1(C)Oc3cc(-c4cccnc4)oc(=O)c3C(O)C21,,,,1,,,valid
Cc1cccc(C)c1,,,,1,,,train
CCCCCCCCCCCC(=O)NCCC[N+](C)(C)CC(=O)O.CCCCCCCCCCCCCC(=O)NCCC[N+](C)(C)CC(=O)O,,,,1,,,train
C=C(F)C(F)(F)F,,,,0,,,train
COC(=O)c1cnc2cc(Nc3cc(C)[nH]n3)nc(NC3CC4CCC(C3)N4C(=O)CN(C)C)c2c1,,,,1,,,train
CCc1cc(Cc2cc(CC)c(N)c(CC)c2)cc(CC)c1N,,,,1,,,test
C=C(C)C(=O)OC,,,,0,,,train
CC1=CCC(C(C)CC2CCCC2=O)CC1,,,,1,,,train
CC(=NNC(=O)Nc1cc(F)cc(F)c1)c1ncccc1C(=O)O,,,,0,,,train
CCCCCCCCCCCCCC[N+](C)(C)CCCCCCCCCCCCCC,,,,1,,,train
O=Cc1cc(Br)ccc1O,,,,1,,,valid
CC(C)(C)C(=O)C(Oc1ccc(Cl)cc1)n1ccnc1,,,,1,,,train
Cc1nn(-c2ccccc2)c(C)c1CN1CCc2cc(S(=O)(=O)Nc3ccc(CCCC4CCCC4)cc3F)ccc2C1,,,,1,,,train
CCCCC(CC)C(=O)OCC(COC(=O)C(CC)CCCC)OC(=O)C(CC)CCCC,,,,1,,,train
O=C1OC(=O)c2c(Br)c(Br)c(Br)c(Br)c21,,,,0,,,train
CCCCCC(C)(CC)C(=O)OOC(C)(C)CC(C)O,,,,1,,,test
CCC1(O)CC2CC(c3cc4c(cc3OC)N(C)C3C(O)(C(N)=O)C(O)C5(CC)C=CCN6CCC43C65)c3[nH]c4ccccc4c3CCN(C2)C1,,,,1,,,train
OCC(CBr)(CBr)CBr,,,,0,,,train
Cc1cc(C)c(O)c(C(C)(C)C)c1,,,,1,,,train
O=C(O)C(F)(OC(F)(F)C(F)(F)C(F)(F)F)C(F)(F)F,,,,0,,,train
COc1ccc2cccnc2c1C(=O)N1C2CCC1C(COc1ccccn1)C2,,,,1,,,valid
CC(C)(C)C(=O)OCC1OC(Br)C(OC(=O)C(C)(C)C)C(OC(=O)C(C)(C)C)C1OC(=O)C(C)(C)C,,,,1,,,train
CC(C)(CCCC(=O)N1CCc2c(n(Cc3cnc(C(F)(F)F)s3)c3ncccc23)C1)C(=O)O,,,,1,,,train
CCCCC(=O)N(Cc1ccc(-c2ccccc2-c2nn[nH]n2)cc1)C(C(=O)O)C(C)C,,,,0,,,train
O=S(=O)(O)c1cc(Nc2nc(Nc3ccccc3)nc(N3CCOCC3)n2)ccc1C=Cc1ccc(Nc2nc(Nc3ccccc3)nc(N3CCOCC3)n2)cc1S(=O)(=O)O,,,,0,,,train
ClCCOCOCCCl,,,,0,,,test
[O-][N+](=NO)C1CCCCC1,,,,1,,,train
Cc1ccccc1C,,,,1,,,train
O=c1c(-c2cccc(C(F)(F)F)c2)c(O)[n+](Cc2cncnc2)c2ccccn12,,,,0,,,train
COC(=O)c1cccc(C(F)(F)F)c1,,,,0,,,train
CCCCOCCOC(=O)c1ccccc1,,,,1,,,valid
Cc1ccc(C2OC3COC(c4ccc(C)c(C)c4)OC3C(C(O)CO)O2)cc1C,,,,1,,,train
CP(=O)(O)CCC(N)C(=O)O,,,,0,,,train
Cc1ccc(-n2nccn2)c(C(=O)N2C3CCC2C(COc2ncccn2)C3)n1,,,,1,,,train
CC(=O)CC(C)=O,,,,0,,,train
CSSC,,,,1,,,test
CC(C)(C)c1cc2c(c(C(C)(C)C)c1)OP(=O)(O)Oc1c(cc(C(C)(C)C)cc1C(C)(C)C)C2,,,,1,,,train
c1ccc(COc2ccc3ccccc3c2)cc1,,,,1,,,train
Cn1sc(Cl)cc1=O.Cn1sccc1=O,,,,1,,,train
Cc1ccc(-c2nc(C)no2)c(C(=O)N2C3CCC2C(COc2ccc(F)cn2)C3)n1,,,,1,,,train
Fc1ccc(C2(Cn3cncn3)OC2c2ccccc2Cl)cc1,,,,1,,,valid
CCCCCCCCCCCCCCCCO,,,,1,,,train
Clc1cccc(C(Cl)(Cl)Cl)n1,,,,0,,,train
CCCCCCCCCCCC[N+](C)(C)CCO,,,,0,,,train
CCNCCO,,,,0,,,train
COC1CCCC1,,,,0,,,test
C1=Cc2sc3ccccc3[n+]2CCCCCCCN2C(=CC=Cc3sc4ccccc4[n+]3CCCCCCCN3C(=C1)Sc1ccccc13)Sc1ccccc12,,,,1,,,train
O=S(=O)(O)CCC(F)(F)C(F)(F)C(F)(F)C(F)(F)C(F)(F)C(F)(F)F,,,,0,,,train
O=C(c1ccccc1)C1(O)CCCCC1,,,,0,,,train
CC(OC(C)(C)COC(=O)C1CC1)C1CCCC(C)(C)C1,,,,1,,,train
Cc1ccc(C)cc1,,,,1,,,valid
Cc1ccc(S(=O)(=O)NC(=O)Nc2cccc(OS(=O)(=O)c3ccc(C)cc3)c2)cc1,,,,1,,,train
O=C(c1ccc(O)cc1)c1cccc(C(=O)c2ccc(O)cc2)c1,,,,1,,,train
Cc1ncoc1C#N,,,,0,,,train
C=C(C)C(=O)OCC,,,,0,,,train
OCCOc1ccccc1,,,,0,,,test
CN1COCN=C1N[N+](=O)[O-],,,,0,,,train
C=C(C)C(=O)OCC(CC)(COC(=O)C(=C)C)COC(=O)C(=C)C,,,,1,,,train
CCN(CC)c1nc(Nc2ccc(S(=O)(=O)O)cc2)nc(Nc2ccc(C=Cc3ccc(Nc4nc(Nc5ccc(S(=O)(=O)O)cc5)nc(N(CC)CC)n4)cc3S(=O)(=O)O)c(S(=O)(=O)O)c2)n1,,,,0,,,train
CCCCCCCCCCCO,,,,1,,,train
OCC1CCC(Nc2ccn3ncc(-c4cccc(Cl)c4)c3n2)CC1,,,,0,,,valid
O=S(=O)(O)c1cc(Nc2nc(Nc3ccccc3)nc(N(CCO)CCO)n2)ccc1C=Cc1ccc(Nc2nc(Nc3ccccc3)nc(N(CCO)CCO)n2)cc1S(=O)(=O)O,,,,0,,,train
CC(=O)OC1CC2CC1C1CCCC21,,,,1,,,train
CC1C2CC(CC2C2CCCC(O)C2)C1(C)C,,,,1,,,train
CCCCCCO,,,,1,,,train
O=C1OC(=O)C2C3C=CC(C3)C12,,,,1,,,test
CCCCCCCC[Si](OCC)(OCC)OCC,,,,1,,,train
CN(C)C(=S)SSC(=S)N(C)C,,,,1,,,train
Cc1ccc(-n2cccn2)c(C(=O)N2C3CCC2C(COc2ccccn2)C3)n1,,,,1,,,train
O=C(O)C1CCc2ccc(COc3ccc(-c4[nH]ncc4Cl)nc3)cc2O1,,,,1,,,train
COP(=S)(OC)Oc1ccc([N+](=O)[O-])c(C)c1,,,,1,,,valid
Cc1cccc(N)c1,,,,1,,,train
O=CC=O,,,,0,,,train
COc1ccc(-c2cc(F)c(O)c(C=O)c2)cn1,,,,1,,,train
O=S(=O)(c1ccccc1)c1ccccc1,,,,1,,,train
N#CN=C1SCCN1Cc1ccc(Cl)nc1,,,,1,,,test
Oc1nc(O)nc(O)n1,,,,0,,,train
Cc1ccccc1Cc1ccccc1,,,,1,,,train
Cc1cc(C)nc(N2CC3CN(C(=O)c4ccccc4-c4cccc(F)c4)CC3C2)n1,,,,1,,,train
Cc1cc(Cl)ccc1OC(C)C(=O)O,,,,0,,,train
O=C(OCc1ccccc1)c1ccccc1,,,,1,,,valid
CCCCCCCCCCCCCCCCCCO,,,,1,,,train
CCCCCCCCCCCCCCCCCCCCCCO,,,,1,,,train
CC(=O)OC1(C(C)=O)CCC2C3CC(C)C4=CC(=O)CCC4(C)C3CCC21C.CC12CCC3c4ccc(O)cc4CCC3C1CCC2O,,,,1,,,train
C=C(C)C(=O)O,,,,0,,,train
CCCCCCCCCCCCO,,,,1,,,test
CCCCCCCCCCCCCCCCCCCCO,,,,1,,,train
CCCCCCCCC=CCCCCCCCC(=O)NCC(C)O,,,,1,,,train
CCC(C)(C)C1CCCCC1OC(C)=O,,,,1,,,train
O=C(NC(=O)c1c(F)cccc1F)Nc1cc(Cl)c(OC(F)(F)C(F)C(F)(F)F)cc1Cl,,,,1,,,train
Cn1sccc1=O,,,,0,,,valid
CCOC(=O)Nc1cccc(OC(=O)Nc2ccccc2)c1,,,,1,,,train
O=c1n(Cl)c(=O)n(Cl)c(=O)n1Cl,,,,0,,,train
CC1CCC(NCc2ccn(Cc3ccccc3)c(=O)c2O)CC1,,,,1,,,train
Cc1ccn2nc(S(=O)(=O)Nc3c(F)cccc3F)nc2n1,,,,0,,,train
CCCCCCCCCCO,,,,1,,,test
CC(C)COc1ccc(Cl)cc1Cc1cccc(C(=O)O)n1,,,,0,,,train
CCN(C(C)C)C(C)C,,,,0,,,train
CCC1(c2ccccc2)C(=O)NC(=O)NC1=O,,,,,0,,train
ClC(Cl)(Cl)Cl,,,,,1,,train
CCCCCCCCCCCCCCCC[N+](C)(C)C,,,,,1,,valid
CC(O)CO,,,,,0,,train
Oc1c(Cl)cc(Cl)c(Cl)c1Cl,,,,,1,,train
CSCCC(N)C(=O)O,,,,,0,,train
O=C(O)CN(CCN(CC(=O)O)CC(=O)O)CC(=O)O,,,,,0,,train
Nc1ccc(N=Nc2ccccc2)cc1,,,,,1,,test
Cc1cc(=O)n(-c2ccccc2)n1C,,,,,0,,train
Nc1ccccc1,,,,,1,,train
NC(N)=S,,,,,0,,train
C[N+](C)(C)CCO,,,,,0,,train
O=C(O)CS,,,,,0,,valid
O=C(O)c1ccccc1O,,,,,0,,train
CCCCO,,,,,0,,train
CCS,,,,,1,,train
NC=O,,,,,0,,train
CSC,,,,,0,,test
CC(C)Br,,,,,0,,train
ClC(Cl)Br,,,,,1,,train
CC(Cl)Cl,,,,,1,,train
CN(C)C,,,,,0,,train
FC(F)(Cl)C(F)(Cl)Cl,,,,,0,,valid
CCCCC(CC)COP(=O)(OCC(CC)CCCC)OCC(CC)CCCC,,,,,1,,train
CC(C)(C#N)N=NC(C)(C)C#N,,,,,0,,train
C=CC(C)(O)CCC=C(C)C,,,,,0,,train
C=CC(=C)C,,,,,1,,train
CCC(C)=O,,,,,0,,test
ClC=C(Cl)Cl,,,,,0,,train
O=C(O)CO,,,,,0,,train
CC(C)(c1cc(Br)c(O)c(Br)c1)c1cc(Br)c(O)c(Br)c1,,,,,1,,train
CC(C)(c1ccc(O)cc1)c1ccc(O)cc1,,,,,0,,train
O=S(=O)(c1ccc(O)cc1)c1ccc(O)cc1,,,,,0,,valid
CC(C)(OOC(C)(C)c1ccccc1)c1ccccc1,,,,,1,,train
NNS(=O)(=O)c1ccc(Oc2ccc(S(=O)(=O)NN)cc2)cc1,,,,,0,,train
C=C(C)C(=O)OC,,,,,0,,train
O=[N+]([O-])c1c(Cl)c(Cl)c(Cl)c(Cl)c1Cl,,,,,1,,train
c1cc2c3c(cccc3c1)CC2,,,,,1,,test
c1ccc(-c2ccccc2-c2ccccc2)cc1,,,,,1,,train
O=C(OC1CCCCC1)c1ccccc1C(=O)OC1CCCCC1,,,,,1,,train
CC(C)COC(=O)c1ccccc1C(=O)OCC(C)C,,,,,1,,train
CCCCOC(=O)c1ccccc1C(=O)OCCCC,,,,,1,,train
c1ccc2c(c1)ccc1ccccc12,,,,,1,,valid
O=C1NC(=O)c2ccccc21,,,,,0,,train
O=C1OC(=O)c2ccccc21,,,,,0,,train
CCCCOC(=O)c1ccccc1C(=O)OCc1ccccc1,,,,,1,,train
O=NN(c1ccccc1)c1ccccc1,,,,,1,,train
Cc1cccc(N)c1C,,,,,1,,test
Clc1cccc(Cl)c1Cl,,,,,1,,train
Cc1cccc(C)c1N,,,,,0,,train
Oc1c(Cl)c(Cl)c(Cl)c(Cl)c1Cl,,,,,1,,train
CCC(CC)C(=O)O,,,,,0,,train
Cc1ccccc1S(N)(=O)=O,,,,,0,,valid
Cc1ccc(N)c(S(=O)(=O)O)c1,,,,,0,,train
Cc1ccc(C(C)(C)C)c(O)c1,,,,,1,,train
CCC(C)c1cc([N+](=O)[O-])cc([N+](=O)[O-])c1O,,,,,1,,train
CCCCCCCCOC(=O)c1ccc(C(=O)OCCCCCCCC)c(C(=O)OCCCCCCCC)c1,,,,,0,,train
CCC(C)c1ccccc1O,,,,,1,,test
Cc1ccc(C(C)C)c(O)c1,,,,,0,,train
O=Cc1ccccc1O,,,,,1,,train
COc1ccccc1N,,,,,1,,train
COc1ccccc1O,,,,,1,,train
Cc1cccc2ccccc12,,,,,1,,valid
Clc1cccc2ccccc12,,,,,1,,train
N#Cc1ccccc1C#N,,,,,0,,train
CCOc1ccc2c(c1)C(C)=CC(C)(C)N2,,,,,1,,train
Cc1ccc2ccccc2c1,,,,,1,,train
Nc1ccc2ccccc2c1,,,,,1,,test
Nc1nc(N)nc(-c2ccccc2)n1,,,,,0,,train
Nc1ccc(-c2ccc(N)c(Cl)c2)cc1Cl,,,,,1,,train
c1ccc(-c2cccc(-c3ccccc3)c2)cc1,,,,,1,,train
c1ccc(-c2ccccc2)cc1,,,,,1,,train
O=C(O)c1cc2ccccc2cc1O,,,,,0,,valid
Oc1ccc(-c2ccc(O)cc2)cc1,,,,,1,,train
C=CCc1ccc(OC)c(OC)c1,,,,,0,,train
CC(=O)CC(=O)Nc1ccccc1C,,,,,0,,train
CCCCCCCCC=CCCCCCCCC(=O)N(CCO)CCO,,,,,1,,train
CCC(CC)C(=O)OCCOCCOCCOC(=O)C(CC)CC,,,,,0,,test
c1ccc2scnc2c1,,,,,0,,train
c1ccc2sc(SNC3CCCCC3)nc2c1,,,,,1,,train
Cc1ccccc1C,,,,,1,,train
Cc1ccccc1Cl,,,,,1,,train
Nc1ccccc1Cl,,,,,1,,valid
Cc1ccccc1N,,,,,1,,train
Nc1ccccc1N,,,,,1,,train
Cc1ccc(N)cc1C,,,,,1,,train
Nc1ccc(Cl)c(Cl)c1,,,,,1,,train
Cc1ccc(C)c(N)c1,,,,,1,,test
Cc1ccc(N)cc1N,,,,,1,,train
Cc1ccc(Cl)c(N)c1,,,,,1,,train
Nc1cc(Cl)ccc1Cl,,,,,1,,train
Oc1cc(Cl)c(Cl)cc1Cl,,,,,1,,train
c1ccc(C2CO2)cc1,,,,,1,,valid
ClCC(Br)CBr,,,,,0,,train
OC(CCl)CCl,,,,,0,,train
C=CC(=O)OC,,,,,1,,train
O=[N+]([O-])c1ccc(Cl)c([N+](=O)[O-])c1,,,,,1,,train
Cc1ccccc1N=C(N)Nc1ccccc1C,,,,,0,,test
C=C(C)C(=O)OCCCC,,,,,0,,train
FC(F)(F)c1ccccc1,,,,,1,,train
Cc1ccc(C(C)(C)C)cc1,,,,,1,,train
Cc1ccc(S(=O)(=O)Cl)cc1,,,,,0,,train
C=C(C)c1ccccc1,,,,,1,,valid
ClC(Cl)c1ccccc1,,,,,0,,train
Cc1cccc(C(=O)O)c1,,,,,0,,train
Nc1cccc([N+](=O)[O-])c1,,,,,1,,train
COC(=O)c1ccc(O)cc1,,,,,1,,train
CC1CCC(C(C)C)CC1,,,,,1,,test
Cc1ccc(C(C)C)cc1,,,,,1,,train
CC(C)c1ccc(N)cc1,,,,,1,,train
Cc1ccc(C(=O)O)cc1,,,,,0,,train
Cc1ccc([N+](=O)[O-])cc1,,,,,0,,train
O=[N+]([O-])c1ccc(CCl)cc1,,,,,1,,valid
O=C(O)c1ccc(C(=O)O)cc1,,,,,0,,train
C=CC1CC=CCC1,,,,,1,,train
OCc1ccccc1,,,,,0,,train
CNc1ccccc1,,,,,1,,train
ON=C1CCCCC1,,,,,0,,test
C=Cc1ccccn1,,,,,1,,train
Nc1ccc(Cc2ccc(N)c(Cl)c2)cc1Cl,,,,,1,,train
Nc1ccc(Cc2ccc(N)cc2)cc1,,,,,1,,train
C1CCC(NC2CCCCC2)CC1,,,,,1,,train
NC(=Nc1ccccc1)Nc1ccccc1,,,,,0,,valid
CCCCN(CCO)CCCC,,,,,0,,train
CCCCC(CC)COC(=O)CCCCC(=O)OCC(CC)CCCC,,,,,1,,train
c1ccc(COCc2ccccc2)cc1,,,,,1,,train
CCNc1ccccc1,,,,,1,,train
CCCCc1ccccc1,,,,,1,,test
COc1ccc(N)cc1,,,,,1,,train
C=C(C)C(=O)OCCN(CC)CC,,,,,0,,train
CCOC(=O)CC(=O)OCC,,,,,0,,train
Cc1ccc(O)c(C)c1,,,,,1,,train
Oc1ccc(Br)cc1,,,,,1,,valid
Cc1ccc(C)cc1,,,,,0,,train
Cc1ccc(Cl)cc1,,,,,1,,train
Cc1ccc(O)cc1,,,,,1,,train
Clc1ccc(Cl)cc1,,,,,1,,train
Nc1ccc(Cl)cc1,,,,,1,,test
Oc1ccc(Cl)cc1,,,,,1,,train
Cc1ccc(N)cc1,,,,,1,,train
Nc1ccc(N)cc1,,,,,1,,train
C=C(C)C(=O)OCC1CO1,,,,,1,,train
ClCCCl,,,,,1,,valid
C=CCO,,,,,1,,train
OCCO,,,,,0,,train
CC(O)CC(C)(C)O,,,,,0,,train
C=COC(C)=O,,,,,1,,train
Cc1cccc(C)c1,,,,,1,,test
Nc1cccc(Cl)c1,,,,,1,,train
Nc1cccc(N)c1,,,,,1,,train
Cc1cc(C)cc(N)c1,,,,,1,,train
Clc1cc(Cl)cc(Cl)c1,,,,,1,,train
O=c1[nH]c(=O)[nH]c(=O)[nH]1,,,,,0,,valid
Cc1ccccc1,,,,,0,,train
Clc1ccccc1,,,,,1,,train
NC1CCCCC1,,,,,0,,train
Oc1ccccc1,,,,,0,,train
Cc1cccnc1,,,,,1,,test
CC(C)OCCO,,,,,0,,train
BrCCCBr,,,,,1,,train
CCNCC,,,,,0,,train
c1ccsc1,,,,,0,,train
CC(=O)OCC(C)C,,,,,0,,valid
CC=CC=CC(=O)O,,,,,0,,train
CCCCC=O,,,,,0,,train
C1=CCCCC1,,,,,1,,train
C1CNCCN1,,,,,0,,train
c1ccncc1,,,,,0,,test
C1COCCN1,,,,,0,,train
CCCCCCCCC=CCCCCCCCC(=O)OCC(O)CO,,,,,0,,train
CCCCCCC(=O)O,,,,,0,,train
CCOCCOC(C)=O,,,,,0,,train
O=C(O)CCSCCC(=O)O,,,,,0,,valid
O=CCCCC=O,,,,,1,,train
ClCCOCCCl,,,,,0,,train
CCCCCCCC,,,,,1,,train
CCCCCCCO,,,,,0,,train
CCCCCCCCCCCC(=O)OC,,,,,1,,test
CCCCCCCCCl,,,,,1,,train
CCCCCCCCS,,,,,1,,train
C=CCCCCCCCCCC,,,,,1,,train
NCCNCCNCCNCCN,,,,,1,,train
CCCCCCCCCCCCCO,,,,,1,,valid
CCCCCCCCC=CCCCCCCCC(=O)O,,,,,1,,train
OC(c1ccc(Cl)cc1)(c1ccc(Cl)cc1)C(Cl)(Cl)Cl,,,,,1,,train
CCC(N)(CO)CO,,,,,0,,train
O=P(Oc1ccccc1)(Oc1ccccc1)Oc1ccccc1,,,,,1,,train
O=P(OCCCl)(OCCCl)OCCCl,,,,,0,,test
CCCCC(CC)COC(=O)c1ccccc1C(=O)OCC(CC)CCCC,,,,,1,,train
Oc1c(Br)cc(Br)cc1Br,,,,,1,,train
CCOP(=S)(OCC)Oc1ccc(=O)n(-c2ccccc2)n1,,,,,1,,train
Cc1cc(Cc2cc(C)cc(C(C)(C)C)c2O)c(O)c(C(C)(C)C)c1,,,,,1,,train
O=C(c1ccccc1)c1ccccc1,,,,,1,,valid
Cc1cc(-c2ccc(N)c(C)c2)ccc1N,,,,,1,,train
c1ccc2cc3ccccc3cc2c1,,,,,1,,train
COC(=O)c1ccc(C(=O)OC)cc1,,,,,0,,train
Clc1ccc(Cl)c(Cl)c1,,,,,1,,train
Oc1ccc(Cl)cc1Cl,,,,,1,,test
Cc1ccc([N+](=O)[O-])cc1S(=O)(=O)O,,,,,0,,train
CCN(CC)CC,,,,,0,,train
c1ccc(Nc2ccccc2)cc1,,,,,1,,train
CCCCCC(C=O)=Cc1ccccc1,,,,,1,,train
c1ccc(NNc2ccccc2)cc1,,,,,1,,valid
COc1ccc(C=O)cc1,,,,,1,,train
Nc1ccc(O)cc1,,,,,1,,train
Oc1ccc(O)cc1,,,,,1,,train
C=CC(=C)CCC=C(C)C,,,,,1,,train
C1COCCO1,,,,,0,,test
O=C(O)CCCCC(=O)O,,,,,0,,train
NCCCCCCN,,,,,0,,train
CCCCCCCCCCCCCCCCCCN(C)C,,,,,1,,train
ClC(Br)Br,,,,,1,,train
O=S1(=O)CCCC1,,,,,0,,valid
O=P(OCC(Br)CBr)(OCC(Br)CBr)OCC(Br)CBr,,,,,1,,train
C=C(C)C#N,,,,,0,,train
ClC(Cl)=C(Cl)Cl,,,,,1,,train
Cc1cc(C(C)(C)C)c(O)c(C(C)(C)C)c1,,,,,1,,train
c1cc2ccc3cccc4ccc(c1)c2c34,,,,,1,,test
C=CCOC(=O)c1ccccc1C(=O)OCC=C,,,,,0,,train
Oc1ccccc1-c1ccccc1,,,,,1,,train
c1ccc2c(c1)sc1ccccc12,,,,,1,,train
CCN(CC)C(=O)c1cccc(C)c1,,,,,0,,train
Oc1ccc2ccccc2c1,,,,,1,,valid
C=C(C)C1CC=C(C)CC1,,,,,1,,train
O=C(O)CN(CC(=O)O)CC(=O)O,,,,,0,,train
C=CC(=O)OCC,,,,,1,,train
C=CC(=O)OCCCC,,,,,1,,train
NCCO,,,,,1,,test
CCCCCCCCCCCC(=O)O,,,,,1,,train
CCCCCCCCCO,,,,,1,,train
CCCCOCCOCCOCCO,,,,,0,,train
O=C(O)C(=O)O,,,,,0,,train
S=c1[nH]c2ccccc2s1,,,,,1,,valid
ClC=CCl,,,,,0,,train
c1ccc2c(c1)-c1ccc3ccc4cccc5cc-2c1c3c45,,,,,1,,train
CCOP(=S)(S)OCC,,,,,1,,train
O=CC(=O)O,,,,,0,,train
OC(O)C(Cl)(Cl)Cl,,,,,0,,test
CCCCCCCCCC(=O)O,,,,,1,,train
Fc1ccc(Br)cc1F,,,,,1,,train
O=[N+]([O-])c1ccc(F)c(Cl)c1,,,,,1,,train
N#CN=C(N)N,,,,,0,,train
C=CC(C)(O)CCCC(C)CCCC(C)CCCC(C)C,,,,,1,,valid
ClC=CCCl,,,,,1,,train
CCCCCCCCCCCCCC(=O)O,,,,,0,,train
Nc1ccc(Cl)cc1Cl,,,,,1,,train
COc1cccc([N+](=O)[O-])c1,,,,,1,,train
CC(C)=CCO,,,,,0,,test
Cc1ccc2ccccc2c1C,,,,,1,,train
Cc1cc(C)c2ccccc2c1,,,,,1,,train
Cc1cccc(C)c1O,,,,,1,,train
CCCCC(CC)COC(=O)CC(C(=O)OCC(CC)CCCC)S(=O)(=O)O,,,,,0,,train
Cc1ccc2cc(C)ccc2c1,,,,,1,,valid
Cc1ccc2ccc(C)cc2c1,,,,,1,,train
Nc1cccc(O)c1,,,,,1,,train
Cc1c([N+](=O)[O-])cccc1[N+](=O)[O-],,,,,1,,train
ClCc1ccccc1Cl,,,,,1,,train
Cc1ccc(Nc2ccc(C)cc2)cc1,,,,,1,,test
CSSC,,,,,1,,train
S=c1[nH]c(=S)[nH]c(=S)[nH]1,,,,,0,,train
CCCCCCCCCCCC[N+](C)(C)CC(=O)O,,,,,1,,train
C=C(C)C(=O)OCC(CC)CCCC,,,,,1,,train
CC(C)(C)c1cc(C(C)(C)C)c(O)c(C(C)(C)C)c1,,,,,1,,valid
C=CC(Cl)CCl,,,,,1,,train
Clc1ccccc1NNc1ccccc1Cl,,,,,1,,train
C=CC(=O)OCCO,,,,,1,,train
CCCCCCCCCCCCCCCCCC(=O)O,,,,,1,,train
C=C(C)C(=O)OCCO,,,,,0,,test
c1ccc(SSc2ccccc2)cc1,,,,,1,,train
O=[N+]([O-])c1ccc2c3c(cccc13)-c1ccccc1-2,,,,,1,,train
O=C1CCCCCCCCCCCN1,,,,,0,,train
CCNc1nc(NCC)nc(SC)n1,,,,,1,,train
CCCCCCCCCCC,,,,,1,,valid
C=Cc1ccccc1C=C,,,,,1,,train
Cc1ccc(OP(=O)(Oc2ccc(C)cc2)Oc2ccc(C)cc2)cc1,,,,,1,,train
CCCCCCCCCCCCCCCCCC(=O)OCC(O)C1OCC(O)C1O,,,,,1,,train
NCc1cccc(CN)c1,,,,,0,,train
COC(C)(C)C,,,,,0,,test
CCCCCCCCCCCC[N+](C)(C)[O-],,,,,1,,train
CCCCCCCCc1ccc(O)cc1,,,,,1,,train
O=c1c2ccccc2ccc2ccccc12,,,,,1,,train
CC1(C)CC(O)CC(C)(C)N1,,,,,0,,train
C=CC(=O)OCCN(C)C,,,,,0,,valid
Nc1ccc(Oc2cccc(Oc3ccc(N)cc3)c2)cc1,,,,,1,,train
C=C[Si](OC)(OC)OC,,,,,0,,train
C=C(C)C(=O)OCCN(C)C,,,,,1,,train
C1=CCC2CC=CC2C1,,,,,1,,train
CSCCC=O,,,,,1,,test
CCCCC(CC)COC(=O)c1ccc(C(=O)OCC(CC)CCCC)c(C(=O)OCC(CC)CCCC)c1,,,,,0,,train
Oc1cc(Cl)ccc1Oc1ccc(Cl)cc1Cl,,,,,1,,train
CC(CCO)CC(C)(C)C,,,,,0,,train
CCCCCCCOC(=O)c1ccccc1C(=O)OCCCCCCC,,,,,1,,train
CCC(C)c1ccccc1OC(=O)NC,,,,,1,,valid
CCCCCCCCCCCCCCC(C(=O)OC)S(=O)(=O)O,,,,,1,,train
CC=CC=O,,,,,1,,train
C=C(C)c1ccc(O)cc1,,,,,1,,train
O=[N+]([O-])c1ccc2ccc3cccc4ccc1c2c34,,,,,1,,train
C=C(C)C(=O)O,,,,,0,,test
CCc1ccc(-c2ccccc2)cc1,,,,,1,,train
Cc1ccc(C)c(C(C)c2ccccc2)c1,,,,,1,,train
Cc1ccc([N+](=O)[O-])cc1N=Nc1c(O)c(C(=O)Nc2ccccc2)cc2ccccc12,,,,,0,,train
CC(C)CC(C)(c1ccc(O)cc1)c1ccc(O)cc1,,,,,1,,train
CC1CC(CC2CCC(N)C(C)C2)CCC1N,,,,,0,,valid
CCCCC(CC)C(=O)OCC(COC(=O)C(CC)CCCC)(COC(=O)C(CC)CCCC)COC(=O)C(CC)CCCC,,,,,1,,train
C=CC(=O)O,,,,,0,,train
CC(C)(C)CC(C)(C)c1ccc(OCCO)cc1,,,,,0,,train
c1cnc2c(c1)CCCC2,,,,,0,,train
C=CC(=O)OCCCCCCOC(=O)C=C,,,,,1,,test
CCCCCc1ccc(O)cc1,,,,,1,,train
O=S(=O)(O)c1cc(Nc2nc(Nc3ccccc3)nc(N3CCOCC3)n2)ccc1C=Cc1ccc(Nc2nc(Nc3ccccc3)nc(N3CCOCC3)n2)cc1S(=O)(=O)O,,,,,1,,train
CC=C1CC2C=CC1C2,,,,,0,,train
Nc1c(N=Nc2ccc(S(=O)(=O)CCOS(=O)(=O)O)cc2)c(S(=O)(=O)O)cc2cc(S(=O)(=O)O)c(N=Nc3ccc(S(=O)(=O)CCOS(=O)(=O)O)cc3)c(O)c12,,,,,0,,train
CCOP(=S)(OCC)Oc1cc(-c2ccccc2)on1,,,,,1,,valid
CCCCC(CC)C(=O)O,,,,,0,,train
CSc1nnc(C(C)(C)C)c(=O)n1N,,,,,0,,train
CC(=O)c1cc2ccccc2s1,,,,,1,,train
CCCCOCN(C(=O)CCl)c1c(CC)cccc1CC,,,,,1,,train
C#CC(C)(C)NC(=O)c1cc(Cl)cc(Cl)c1,,,,,0,,test
CC(C)C(C)(C)C(C)(C)C(C)(C)S,,,,,1,,train
Cc1cc(C)cc(OP(=O)(Oc2cc(C)cc(C)c2)Oc2cc(C)cc(C)c2)c1,,,,,1,,train
CC(C)c1ccccc1C(C)C,,,,,1,,train
CC(C)CCCCCCCO,,,,,1,,train
CCCCCCCCCCC=CC1CC(=O)OC1=O,,,,,1,,valid
CC(C)OP(=O)(OC(C)C)SCc1ccccc1,,,,,1,,train
CCCCCCCCCCCCc1ccccc1S(=O)(=O)O,,,,,0,,train
O=S(=O)(O)c1ccccc1C=Cc1ccc(-c2ccc(C=Cc3ccccc3S(=O)(=O)O)cc2)cc1,,,,,0,,train
CC(c1ccc(O)cc1)(c1ccc(O)cc1)c1ccc(O)cc1,,,,,0,,train
CCN(CC)C(=O)SCc1ccc(Cl)cc1,,,,,1,,test
ClC(Cl)=C(Cl)c1c(Cl)c(Cl)c(Cl)c(Cl)c1Cl,,,,,1,,train
O=C(c1ccc(O)cc1)c1ccc(O)c(O)c1O,,,,,0,,train
O=S(=O)(O)c1ccc(S(=O)(=O)O)c(Nc2nc(Nc3ccc(C=Cc4ccc(Nc5nc(Nc6cc(S(=O)(=O)O)ccc6S(=O)(=O)O)nc(Oc6ccccc6)n5)cc4S(=O)(=O)O)c(S(=O)(=O)O)c3)nc(Oc3ccccc3)n2)c1,,,,,0,,train
CC(C)CCCCOC(=O)c1ccccc1C(=O)OCCCCC(C)C,,,,,1,,train
C=CCCCC=C(C)C,,,,,1,,valid
CC(C)OC(=O)C(C(=O)OC(C)C)=C1SCCS1,,,,,1,,train
CCCOCCN(C(=O)CCl)c1c(CC)cccc1CC,,,,,1,,train
CC1(C)CC(OC(=O)CCCCCCCCC(=O)OC2CC(C)(C)NC(C)(C)C2)CC(C)(C)N1,,,,,1,,train
COC(C)(C)CCO,,,,,0,,train
CCN(C(=O)SCc1ccccc1)C(C)C(C)C,,,,,1,,test
CC12CCC3c4ccc(O)cc4CCC3C1CCC2O,,,,,1,,train
Clc1ccc(C(c2ccc(Cl)cc2)C(Cl)(Cl)Cl)cc1,,,,,1,,train
O=C(Nc1ccc([N+](=O)[O-])cc1Cl)c1cc(Cl)ccc1O,,,,,1,,train
CC(=O)Oc1ccccc1C(=O)O,,,,,1,,train
O=[N+]([O-])c1ccc(O)c([N+](=O)[O-])c1,,,,,0,,valid
COP(=O)(OC)C(O)C(Cl)(Cl)Cl,,,,,1,,train
CC12CCC(=O)C=C1CCC1C2C(=O)CC2(C)C1CCC2(O)C(=O)CO,,,,,0,,train
COP(=S)(OC)Oc1ccc(SC)c(C)c1,,,,,1,,train
CCOP(=S)(OCC)Oc1ccc([N+](=O)[O-])cc1,,,,,1,,train
CCC(=C(CC)c1ccc(O)cc1)c1ccc(O)cc1,,,,,1,,test
C#CC1(O)CCC2C3CCc4cc(O)ccc4C3CCC21C,,,,,1,,train
Cc1cc(C)nc(NS(=O)(=O)c2ccc(N)cc2)n1,,,,,0,,train
Cc1cc(O)ccc1Cl,,,,,0,,train
CN(C)C1C(O)=C(C(N)=O)C(=O)C2(O)C(O)=C3C(=O)c4c(O)cccc4C(C)(O)C3CC12,,,,,0,,train
CC12CCC3C(CCC4=CC(=O)CCC43C)C1CCC2=O,,,,,0,,valid
CCO,,,,,0,,train
CC(=O)O,,,,,0,,train
CC(C)=O,,,,,0,,train
ClC(Cl)Cl,,,,,0,,train
CN(C)C=O,,,,,0,,test
Nc1ccc(S(=O)(=O)Nc2nccs2)cc1,,,,,0,,train
COc1ccc(C(c2ccc(OC)cc2)C(Cl)(Cl)Cl)cc1,,,,,1,,train
CC#N,,,,,0,,train
O=C(O)C(Br)(Br)Br,,,,,0,,train
O=C(O)C(Cl)(Cl)Cl,,,,,0,,valid
ClC1=C(Cl)C(Cl)(Cl)C(Cl)=C1Cl,,,,,1,,train
CCCCSP(=O)(SCCCC)SCCCC,,,,,1,,train
CC(C)CO,,,,,0,,train
O=C(O)CBr,,,,,0,,train
O=C(O)CCl,,,,,0,,test
Cc1c(Cl)cccc1[N+](=O)[O-],,,,,1,,train
CCOC(=O)c1ccccc1C(=O)OCC,,,,,0,,train
CCCCCCOC(=O)c1ccccc1C(=O)OCCCCCC,,,,,1,,train
CCCCOC(=O)c1ccccc1C(=O)OCC(CC)CCCC,,,,,1,,train
c1ccc2c(c1)Cc1ccccc1-2,,,,,1,,valid
Oc1c(Cl)cc(Cl)cc1Cl,,,,,1,,train
O=[N+]([O-])c1ccccc1Cl,,,,,0,,train
O=[N+]([O-])c1cc([N+](=O)[O-])c(O)c([N+](=O)[O-])c1,,,,,0,,train
Cc1ccc(Cl)cc1[N+](=O)[O-],,,,,1,,train
Cc1ccc(Cl)c([N+](=O)[O-])c1,,,,,1,,test
COc1ccccc1[N+](=O)[O-],,,,,0,,train
Clc1ccccc1Cl,,,,,1,,train
Oc1ccccc1Br,,,,,1,,train
Oc1ccccc1Cl,,,,,1,,train
Cc1ccc(O)c(N)c1,,,,,1,,valid
OCC(Br)CBr,,,,,0,,train
Cc1ccccc1NC(=N)Nc1ccccc1C,,,,,0,,train
C=C(C)C(=O)OCC,,,,,0,,train
O=Cc1ccco1,,,,,0,,train
O=[As](O)(O)c1ccccc1,,,,,1,,test
CC(C)(C)c1ccc(O)cc1,,,,,1,,train
O=[N+]([O-])c1ccccc1,,,,,0,,train
O=[N+]([O-])c1cc([N+](=O)[O-])cc([N+](=O)[O-])c1,,,,,1,,train
O=[N+]([O-])c1ccc(Cl)cc1,,,,,1,,train
O=[N+]([O-])c1ccc(O)cc1,,,,,0,,valid
COc1ccc([N+](=O)[O-])cc1,,,,,0,,train
O=C(Nc1ccc(Cl)cc1)Nc1ccc(Cl)c(Cl)c1,,,,,1,,train
N=C(Nc1ccccc1)Nc1ccccc1,,,,,0,,train
OCCN(CCO)CCO,,,,,0,,train
C=CC(=O)OCC(CC)CCCC,,,,,1,,test
c1ccc(N=Nc2ccccc2)cc1,,,,,1,,train
CCCCCCCCCc1ccc(O)cc1,,,,,1,,train
CCOC(=O)CC,,,,,0,,train
C=CC(=O)OCC(C)C,,,,,1,,train
C=CC#N,,,,,1,,valid
NCCN,,,,,1,,train
O=CCCl,,,,,0,,train
CC(=O)CC(C)C,,,,,0,,train
Cc1cc(C)cc(C)c1,,,,,1,,train
Oc1nc(O)nc(O)n1,,,,,0,,test
OCCNCCO,,,,,1,,train
CCCCOCCO,,,,,0,,train
CCCCCCCCO,,,,,1,,train
CCCCCCCCCCO,,,,,1,,train
CCC1OC(=O)C(C)C(OC2CC(C)(OC)C(O)C(C)O2)C(C)C(OC2OC(C)CC(N(C)C)C2O)C(C)(O)CC(C)C(=O)C(C)C(O)C1(C)O,,,,,0,,valid
O=S(=O)(c1ccc(Cl)cc1)c1cc(Cl)c(Cl)cc1Cl,,,,,0,,train
Clc1c(Cl)c(Cl)c(Cl)c(Cl)c1Cl,,,,,1,,train
Cc1ccc(O)c([N+](=O)[O-])c1,,,,,0,,train
Cc1ccc([N+](=O)[O-])cc1[N+](=O)[O-],,,,,1,,train
CCOC(=O)CC(SP(=S)(OC)OC)C(=O)OCC,,,,,1,,test
COP(=S)(OC)Oc1ccc([N+](=O)[O-])c(C)c1,,,,,1,,train
CCCCCCCCCCCCCC=O,,,,,1,,train
Cc1ccc(S(=O)(=O)NCl)cc1,,,,,0,,train
CCOC(C)=O,,,,,0,,train
O=C1C2(Cl)C3(Cl)C4(Cl)C(Cl)(Cl)C5(Cl)C3(Cl)C1(Cl)C5(Cl)C24Cl,,,,,1,,valid
CN(C)CCOC(c1ccccc1)c1ccccc1,,,,,1,,train
Sc1nc2ccccc2s1,,,,,1,,train
CCCCCCCCCCCCOS(=O)(=O)O,,,,,0,,train
c1ccc2c(c1)-c1cccc3cccc-2c13,,,,,1,,train
COP(=S)(OC)Oc1ccc([N+](=O)[O-])cc1,,,,,1,,test
CCOP(=S)(OCC)SCCSCC,,,,,1,,train
CCC(C)n1c(=O)[nH]c(C)c(Br)c1=O,,,,,0,,train
CC(C)NCC(O)COc1cccc2ccccc12,,,,,1,,train
CCOP(=S)(OCC)Oc1cc(C)nc(C(C)C)n1,,,,,1,,train
O=C(O)C(F)(F)C(F)(F)C(F)(F)C(F)(F)C(F)(F)C(F)(F)C(F)(F)F,,,,,0,,valid
O=C(O)C(F)(F)C(F)(F)C(F)(F)C(F)(F)C(F)(F)C(F)(F)C(F)(F)C(F)(F)F,,,,,1,,train
Cc1ncc([N+](=O)[O-])n1CCO,,,,,0,,train
N#CNC(=N)N,,,,,0,,train
O=C(O)CNC(=O)c1ccccc1O,,,,,0,,train
O=C(O)c1cc(O)ccc1O,,,,,0,,test
COc1cc(O)cc(OC)c1,,,,,1,,train
Cc1cc(C)c(O)c(C)c1,,,,,1,,train
Cc1cc([N+](=O)[O-])cc([N+](=O)[O-])c1O,,,,,0,,train
Clc1cccc(Cl)c1,,,,,1,,train
CCC(=O)OC,,,,,0,,valid
C[Si]1(C)O[Si](C)(C)O[Si](C)(C)O[Si](C)(C)O1,,,,,1,,train
Nc1ccccc1Br,,,,,1,,train
Nc1cc([N+](=O)[O-])cc([N+](=O)[O-])c1,,,,,0,,train
CCCCCCCCCCCCCCCO,,,,,1,,train
O=C(O)C(Br)Br,,,,,0,,test
CCOC(=O)C(C)(C)Oc1ccc(Cl)cc1,,,,,1,,train
CCSCCSP(=S)(OC)OC,,,,,1,,train
CCC(=O)Nc1ccc(Cl)c(Cl)c1,,,,,1,,train
Cc1ccc(N(SC(F)(Cl)Cl)S(=O)(=O)N(C)C)cc1,,,,,1,,train
COc1cc(Cc2cnc(N)nc2N)cc(OC)c1OC,,,,,0,,valid
CC(C)(Oc1ccc(Cl)cc1)C(=O)O,,,,,0,,train
C[N+](C)(C)CCCl,,,,,0,,train
CC1COCc2cc3c(cc21)C(C)(C)C(C)C3(C)C,,,,,1,,train
CCCCC(CC)COP(=O)(Oc1ccccc1)Oc1ccccc1,,,,,1,,train
Cc1ccccc1OP(=O)(Oc1ccccc1C)Oc1ccccc1C,,,,,1,,test
NCC1OC(OC2C(CO)OC(OC3C(O)C(N)CC(N)C3OC3OC(CN)C(O)C(O)C3N)C2O)C(N)C(O)C1O.NCC1OC(OC2C(CO)OC(OC3C(O)C(N)CC(N)C3OC3OC(CN)C(O)C(O)C3N)C2O)C(N)C(O)C1O.NCC1OC(OC2C(N)CC(N)C(O)C2O)C(N)C(O)C1O,,,,,1,,train
C=CC(=O)OC(C)(C)C,,,,,1,,train
ClC1=C(Cl)C2(Cl)C(CBr)CC1(Cl)C2(Cl)Cl,,,,,1,,train
O=S(=O)(O)C(F)(F)C(F)(F)C(F)(F)C(F)(F)C(F)(F)C(F)(F)C(F)(F)C(F)(F)F,,,,,0,,train
C[n+]1ccc(-c2cc[n+](C)cc2)cc1,,,,,1,,valid
CCCCOCCOC(=O)COc1ccc(Cl)cc1Cl,,,,,1,,train
CCCCOC(=O)c1ccc(C(=O)OCCCC)cc1,,,,,1,,train
CN(C)C1C(O)=C(C(N)=O)C(=O)C2(O)C(O)=C3C(=O)c4c(O)cccc4C(C)(O)C3C(O)C12,,,,,0,,train
CC(c1ccccc1)c1ccc(O)c(C(C)c2ccccc2)c1,,,,,1,,train
CCOP(=S)(OCC)Oc1nc(Cl)c(Cl)cc1Cl,,,,,1,,test
CCCCC(CC)C(=O)OOC(C)(C)C,,,,,1,,train
CCCCOC(=O)c1cccc(C(=O)OCCCC)c1,,,,,1,,train
BrC1CCC(Br)C(Br)CCC(Br)C(Br)CCC1Br,,,,,1,,train
CCCCCCCCCCCOC(=O)c1ccccc1C(=O)OCCCCCCCCCCC,,,,,0,,train
N=C(N)S(=O)O,,,,,0,,valid
CC(C)(O)CCC(O)C(C)(O)C1CCC2(O)C3=CC(=O)C4CC(O)C(O)CC4(C)C3CCC12C,,,,,1,,train
Brc1ccc(Oc2ccc(Br)cc2Br)c(Br)c1,,,,,1,,train
CCCCCCCCCC[N+](C)(C)CCCCCCCCCC,,,,,1,,train
COC(=O)Nc1nc2ccccc2[nH]1,,,,,1,,train
CC1=C2C(=O)OC(=O)C2CCC1,,,,,1,,test
CC(C)C(=O)Nc1ccc([N+](=O)[O-])c(C(F)(F)F)c1,,,,,1,,train
CCn1cc(C(=O)O)c(=O)c2cc3c(cc21)OCO3,,,,,1,,train
O=C(O)Cc1ccccc1Nc1c(Cl)cccc1Cl,,,,,0,,train
CC(C)Cc1ccc(C(C)C(=O)O)cc1,,,,,0,,train
CNC(=O)ON=C(C)SC,,,,,1,,valid
CCCCNC(=O)n1c(NC(=O)OC)nc2ccccc21,,,,,1,,train
CC(c1ccccc1)c1cc(C(C)c2ccccc2)c(O)c(C(C)c2ccccc2)c1,,,,,1,,train
CC(=O)c1cc2c(cc1C)C(C)(C)C(C)CC2(C)C,,,,,1,,train
CCCCCCCCCc1ccc(O)cc1.CCCCCCCCCc1cccc(O)c1.CCCCCCCCCc1ccccc1O,,,,,1,,train
Cc1cc(C)cc(OP(=O)(Oc2cc(C)cc(C)c2)Oc2cc(C)cc(C)c2)c1.Cc1ccc(C)c(OP(=O)(Oc2cc(C)ccc2C)Oc2cc(C)ccc2C)c1.Cc1ccc(OP(=O)(Oc2ccc(C)c(C)c2)Oc2ccc(C)c(C)c2)cc1C,,,,,1,,test
CC(C)c1ccc(C(C)C)cc1.CC(C)c1cccc(C(C)C)c1.CC(C)c1ccccc1C(C)C,,,,,1,,train
Cc1ccc(C)c(OCCCC(C)(C)C(=O)O)c1,,,,,1,,train
CC(C)CCCCCCCOC(=O)c1ccccc1C(=O)OCCCCCCCC(C)C,,,,,1,,train
CC(C)CCCCCO,,,,,0,,train
CCCCCCCCCCCCc1ccc(S(=O)(=O)O)cc1,,,,,0,,valid
CCCCCCC(O)CCCCC.CCCCCCCC(O)CCCC.CCCCCCCCC(O)CCC.CCCCCCCCCC(O)CC.CCCCCCCCCCC(C)O.CCCCCCCCCCCCO,,,,,1,,train
CC(C)CCCCCCOC(=O)c1ccccc1C(=O)OCCCCCCC(C)C,,,,,1,,train
CC(C)CCCCCCCOP(=O)(Oc1ccccc1)Oc1ccccc1,,,,,1,,train
CCNP(=S)(OC)OC(C)=CC(=O)OC(C)C,,,,,1,,train
COC(=O)Nc1nc2ccc(C(=O)c3ccc(F)cc3)cc2[nH]1,,,,,1,,test
CNC(=O)N(C)c1nnc(C(C)(C)C)s1,,,,,0,,train
O=C(O)COC(CC(=O)O)C(=O)O,,,,,0,,train
CCOc1cc(OP(=S)(OC)OC)nc(CC)n1,,,,,1,,train
COP(=S)(OC)Oc1nc(Cl)n(C(C)C)n1,,,,,1,,train
CCOc1cc(Oc2ccc(C(F)(F)F)cc2Cl)ccc1[N+](=O)[O-],,,,,1,,valid
CC(C)(C)C(=O)C(Oc1ccc(Cl)cc1)n1cncn1,,,,,1,,train
COC(=O)Nc1nc2cc(Sc3ccccc3)ccc2[nH]1,,,,,1,,train
C=CC1(C)OC(=O)N(c2cc(Cl)cc(Cl)c2)C1=O,,,,,1,,train
CC(C)C(C(=O)OC(C#N)c1cccc(Oc2ccccc2)c1)c1ccc(Cl)cc1,,,,,1,,train
CC1(C)C(C=C(Cl)Cl)C1C(=O)OC(C#N)c1cccc(Oc2ccccc2)c1,,,,,1,,test
CNCCC(Oc1ccc(C(F)(F)F)cc1)c1ccccc1,,,,,1,,train
CSC(C)=NOC(=O)N(C)SN(C)C(=O)ON=C(C)SC,,,,,1,,train
CCCC1COC(Cn2cncn2)(c2ccc(Cl)cc2Cl)O1,,,,,1,,train
Brc1ccc(Oc2cc(Br)c(Br)cc2Br)c(Br)c1,,,,,1,,train
COCCCCC(=NOCCN)c1ccc(C(F)(F)F)cc1,,,,,1,,valid
CCCOCCO,,,,,1,,train
CC(=O)N1CCN(c2ccc(OCC3COC(Cn4ccnc4)(c4ccc(Cl)cc4Cl)O3)cc2)CC1,,,,,1,,train
CCOC(=O)C(C)Oc1ccc(Oc2nc3ccc(Cl)cc3o2)cc1,,,,,1,,train
CCCOCC(=Nc1ccc(Cl)cc1C(F)(F)F)n1ccnc1,,,,,1,,train
Cc1cc(C)cc(Cc2ccccc2)c1,,,,,1,,test
CCCCCCCCCCCCCCOCCOCCOCCOCCOCCO,,,,,1,,train
CCC[N+](C)(C)[O-],,,,,1,,train
CCOC(=O)NCCOc1ccc(Oc2ccccc2)cc1,,,,,1,,train
OC(Cn1cncn1)(c1ccc(F)cc1)c1ccccc1F,,,,,1,,train
CNC1CCC(c2ccc(Cl)c(Cl)c2)c2ccccc21,,,,,1,,valid
O=[N+]([O-])c1cc(C(F)(F)F)c(Cl)c([N+](=O)[O-])c1Nc1ncc(C(F)(F)F)cc1Cl,,,,,1,,train
CCCCn1cc[n+](C)c1,,,,,0,,train
CCOc1ccc(C(C)(C)COCc2cccc(Oc3ccccc3)c2)cc1,,,,,1,,train
Cc1c(COC(=O)C2C(C=C(Cl)C(F)(F)F)C2(C)C)cccc1-c1ccccc1,,,,,1,,train
CCCCN1C=CN(C)C1,,,,,0,,test
C[Si](Cn1cncn1)(c1ccc(F)cc1)c1ccc(F)cc1,,,,,1,,train
CCN1CCN(c2cc3c(cc2F)c(=O)c(C(=O)O)cn3C2CC2)CC1,,,,,0,,train
CC(C)(C)c1ccc(CSc2cnn(C(C)(C)C)c(=O)c2Cl)cc1,,,,,1,,train
CCSC(C)CC1CC(=O)C(C(CC)=NOCC=CCl)=C(O)C1,,,,,1,,train
CC(C)(C)c1ccc(OP(=O)(Oc2ccccc2)Oc2ccccc2)c(C(C)(C)C)c1,,,,,1,,valid
CC(C)(C)C(O)(CCc1ccc(Cl)cc1)Cn1cncn1,,,,,1,,train
CON(C)C(=O)Nc1ccc(Oc2ccc3c(c2)OC(C)(OC)CC3(C)C)cc1,,,,,1,,train
COc1cc(OC)nc(NC(=O)NS(=O)(=O)c2ncccc2C(=O)N(C)C)n1,,,,,0,,train
FC(F)C(F)(F)OCC(Cn1cncn1)c1ccc(Cl)cc1Cl,,,,,1,,train
O=C(NC(=O)c1c(F)cccc1F)Nc1ccc(OC(F)(F)C(F)OC(F)(F)F)c(Cl)c1,,,,,1,,test
CC(C)(C)c1ccc(CCOc2ncnc3ccccc23)cc1,,,,,1,,train
CCOCn1c(-c2ccc(Cl)cc2)c(C#N)c(Br)c1C(F)(F)F,,,,,1,,train
N#Cc1c(-c2ccc(Cl)cc2)[nH]c(C(F)(F)F)c1Br,,,,,1,,train
CC1(C(=O)Nc2ccc(O)c(Cl)c2Cl)CCCCC1,,,,,1,,train
O=[N+]([O-])N=C1NCCN1Cc1ccc(Cl)nc1,,,,,0,,valid
CC(C)N(C(=O)COc1nnc(C(F)(F)F)s1)c1ccc(F)cc1,,,,,0,,train
CCC(C)(C)C(=O)OC1=C(c2cc(Cl)cc(Cl)c2)C(=O)OC12CCCCC2,,,,,1,,train
CCOc1cc(C(C)(C)C)ccc1C1COC(c2c(F)cccc2F)=N1,,,,,1,,train
N#CCNC(=O)c1cnccc1C(F)(F)F,,,,,0,,train
CCCCn1cc[n+](C)c1.F[P-](F)(F)(F)(F)F,,,,,0,,test
CC(C)CC(C)c1sccc1NC(=O)c1cn(C)nc1C(F)(F)F,,,,,1,,train
Cc1cc(C(F)(C(F)(F)F)C(F)(F)F)ccc1NC(=O)c1cccc(I)c1C(=O)NC(C)(C)CS(C)(=O)=O,,,,,1,,train
Cc1cc(C)c(C2=C(OC(=O)CC(C)(C)C)C3(CCCC3)OC2=O)c(C)c1,,,,,1,,train
CON=C(C1=NOCCO1)c1ccccc1Oc1ncnc(Oc2ccccc2Cl)c1F,,,,,1,,train
C#CCOc1ccc(CCNC(=O)C(OCC#C)c2ccc(Cl)cc2)cc1OC,,,,,1,,valid
OC(=NCCc1ncc(C(F)(F)F)cc1Cl)c1ccccc1C(F)(F)F,,,,,0,,train
Cc1ccc2c(c1)C(Nc1nc(N)nc(C(C)F)n1)C(C)C2,,,,,1,,train
CC(C)O,,,,,0,,train
c1ccccc1,,,,,0,,train
O=[N+]([O-])C(Cl)(Cl)Cl,,,,,1,,test
CC1=CC(=O)CC(C)(C)C1,,,,,0,,train
ClCC(Cl)Cl,,,,,0,,train
C=C(C)C(N)=O,,,,,0,,train
O=C1c2ccccc2C(=O)c2ccccc21,,,,,1,,train
O=C(O)Cc1cccc2ccccc12,,,,,0,,valid
O=C(O)COc1ccc(Cl)cc1Cl,,,,,0,,train
OCC1CCCO1,,,,,0,,train
CC1=CC=C(C(C)C)CC1,,,,,1,,train
O=C(O)c1ccc(O)cc1,,,,,0,,train
C1N2CN3CN1CN(C2)C3,,,,,0,,test
CC(=O)OCC(COC(C)=O)OC(C)=O,,,,,0,,train
OCC1CCC(CO)CC1,,,,,0,,train
O=C1CCCCCN1,,,,,0,,train
COCC(C)OC(C)=O,,,,,0,,train
Sc1ccccc1,,,,,1,,valid
COCCO,,,,,0,,train
OCCCCO,,,,,0,,train
OCC#CCO,,,,,0,,train
CCOCCO,,,,,0,,train
NCCNCCNCCN,,,,,0,,test
OCCOCCOCCO,,,,,0,,train
CCCCCCCCCCCCCCCCCCCCCC(=O)O,,,,,1,,train
CC(=O)CC(C)(C)O,,,,,0,,train
COC(=O)c1ccccc1C(=O)OC,,,,,0,,train
ClC1=C(Cl)C2(Cl)C3CCC4C(CCC3C1(Cl)C2(Cl)Cl)C1(Cl)C(Cl)=C(Cl)C4(Cl)C1(Cl)Cl,,,,,0,,valid
O=C1c2ccccc2C(=O)N1SC1CCCCC1,,,,,0,,train
CC(C)CCCCCOC(=O)c1ccccc1C(=O)OCCCCCC(C)C,,,,,1,,train
CC(C)NCC(O)COc1ccc(CC(N)=O)cc1,,,,,0,,train
COC1CC(OC2C(C)OC(OC3C(C)=CCC4CC(CC5(CCC(C)C(C(C)C)O5)O4)OC(=O)C4C=C(C)C(O)C5OCC(=CC=CC3C)C45O)CC2OC)OC(C)C1O,,,,,1,,train
CCn1cc(C(=O)O)c(=O)c2cc(F)c(N3CCNCC3)cc21,,,,,1,,test
c1ccc2c(c1)ccc1cc3c(ccc4ccccc43)cc12,,,,,1,,train
CCCCCC=CCC=CCCCCCCCC(=O)O,,,,,0,,train
CNC(=O)Oc1cccc2ccccc12,,,,,1,,train
c1cc[n+]2c(c1)-c1cccc[n+]1CC2,,,,,1,,train
c1ccc2[nH]nnc2c1,,,,,0,,valid
Nc1c(Cl)cc([N+](=O)[O-])cc1Cl,,,,,1,,train
CCCCCCCCCCCCCCCCCC[N+](C)(C)CCCCCCCCCCCCCCCCCC,,,,,1,,train
CC1OC(C)OC(C)OC(C)O1,,,,,0,,train
CCNc1nc(Cl)nc(NCC)n1,,,,,0,,train
O=C(O)O,,,,,0,,test
c1ccc2[nH]c(-c3cscn3)nc2c1,,,,,1,,train
O=C(O)CCC(=O)O,,,,,0,,train
N#CN,,,,,1,,train
Cc1ccc(C)c2ccccc12,,,,,1,,train
Nc1cc(Cl)cc(Cl)c1,,,,,1,,valid
Nc1ccc(Cl)c(Cl)c1Cl,,,,,1,,train
Cc1ccc(S(=O)(=O)O)cc1,,,,,0,,train
C=C1CC(=O)O1,,,,,0,,train
COP(=S)(OC)SCN1C(=O)c2ccccc2C1=O,,,,,1,,train
C[Si](C)(O)O,,,,,0,,test
NCP(=O)(O)O,,,,,0,,train
N#Cc1cc(Br)c(O)c(Br)c1,,,,,0,,train
CCCCCCCC(=O)Oc1c(Br)cc(C#N)cc1Br,,,,,1,,train
Nc1cnn(-c2ccccc2)c(=O)c1Cl,,,,,0,,train
CCCCCCCCC1CCCCC1,,,,,1,,valid
CCCCN(CC)c1c([N+](=O)[O-])cc(C(F)(F)F)cc1[N+](=O)[O-],,,,,1,,train
COc1c(Cl)ccc(Cl)c1C(=O)O,,,,,0,,train
Nc1c(Cl)c(Cl)nc(C(=O)O)c1Cl,,,,,0,,train
Cc1ccc2[nH]nnc2c1,,,,,0,,train
CNC(=O)Oc1cc(C)c(SC)c(C)c1,,,,,1,,test
CC1CNC(=S)N1,,,,,0,,train
O=c1[nH]c2c(c(=O)n1C1CCCCC1)CCC2,,,,,1,,train
CN(C)C(=O)Nc1cccc(C(F)(F)F)c1,,,,,0,,train
Cc1cc(NS(=O)(=O)c2ccc(N)cc2)no1,,,,,0,,train
CC(C)N(C(=O)SCC(Cl)=C(Cl)Cl)C(C)C,,,,,1,,valid
CCOP(=S)(OCC)SCn1c(=O)oc2cc(Cl)ccc21,,,,,1,,train
C#CCO[S+](O)OC1CCCCC1Oc1ccc(C(C)(C)C)cc1,,,,,1,,train
N#Cc1c(Cl)c(Cl)c(Cl)c(C#N)c1Cl,,,,,1,,train
CCNc1nc(Cl)nc(NC(C)C)n1,,,,,0,,train
CCCCOP(=O)(OCCCC)Oc1ccccc1,,,,,1,,test
c1coc(-c2nc3ccccc3[nH]2)c1,,,,,1,,train
Oc1ccccc1Cc1ccccc1O,,,,,1,,train
CCOc1nc(C(Cl)(Cl)Cl)ns1,,,,,1,,train
NC1=C(Cl)C(=O)c2ccccc2C1=O,,,,,1,,train
O=C(O)CNCP(=O)(O)O,,,,,0,,valid
Brc1c(Br)c(Br)c(Oc2c(Br)c(Br)c(Br)c(Br)c2Br)c(Br)c1Br,,,,,1,,train
Oc1ccc(C(c2ccc(O)cc2)(C(F)(F)F)C(F)(F)F)cc1,,,,,1,,train
CCCN(CCC)c1c([N+](=O)[O-])cc(C(F)(F)F)cc1[N+](=O)[O-],,,,,1,,train
CCNc1nc(Cl)nc(NC(C)(C)C)n1,,,,,1,,train
O=C1CC=Cc2nc3ccccc3nc21,,,,,0,,test
CC(C)(c1ccc(O)cc1)c1c(Br)cc(OBr)c(Br)c1Br,,,,,1,,train
Cc1cc(S(=O)(=O)O)ccc1N,,,,,0,,train
OCCCCCCO,,,,,0,,train
c1ccc(Cn2cc[n+](Cc3ccccc3)c2)cc1,,,,,1,,train
CCC(C)(N)C(O)O,,,,,0,,valid
CCCCCCCCCCCCCCCCCCN(C)C.[H+],,,,,1,,train
Sc1nc(S)nc(S)n1,,,,,0,,train
CNc1cccc(NC)c1,,,,,0,,train
CC(C)(C)CC(C)(C)c1ccc(O)cc1,,,,,1,,train
O=c1cccc2cc3ccccc3ccc1-2,,,,,1,,test
COC([SiH3])=C(OC)OC,,,,,0,,train
CC12C=CCCC1C(=O)OC2=O,,,,,1,,train
COC1=CC2C3Cc4ccc(OC)c(OCCCCCCOc5c(OC)ccc6c5C57CCN(C)C(C6)C5C=C(OC)C(=O)C7)c4C2(CCN3C)CC1=O,,,,,1,,train
CO[As](=O)(O)Oc1ccccc1,,,,,0,,train
CCCCCc1cc(O)cc(OC)c1,,,,,1,,valid
Cc1cccc(OP(=O)(Oc2cccc(C)c2C)Oc2cccc(C)c2C)c1C,,,,,1,,train
O=C1C=CC(=O)O1,,,,,1,,train
O=C(c1cccc(O)c1)c1c(O)cc(O)cc1O,,,,,0,,train
CC1(C)CCC(CN2CCN(c3ccc(C(=O)NS(=O)(=O)c4ccc(NC5CCN(C6CCOCC6)CC5)c([N+](=O)[O-])c4)c(Oc4ccnc(NC(=O)OC(C)(C)C)c4)c3)CC2)=C(c2ccc(Cl)cc2)C1,,,,,0,,train
O=[N+]([O-])c1cc(O)c(O)c([N+](=O)[O-])c1,,,,,1,,test
N#Cc1cccc(C#N)c1,,,,,0,,train
CCCCCCCCCCCCN(CCCN)CCCN,,,,,1,,train
Cc1ccc(NCCO)cc1O,,,,,1,,train
C=C(C)C(=O)OCCCCOC(=O)C(=C)C,,,,,0,,train
O=S(=O)(O)c1ccc(Nc2nc(Cl)nc(Cl)n2)cc1,,,,,0,,valid
CCCC[P+](CCCC)(CCCC)CCCCCCCCCC[P+](CCCC)(CCCC)CCCC,,,,,0,,train
Cc1nc(C=C(CO)C2CC=CCCCC(C)C(O)C(C)C(=O)C(C)(C)C(O)CC(=O)O2)cs1,,,,,1,,train
C1=C(c2cccnc2)CCNC1,,,,,0,,train
CCOc1nc(NC)nc(NC(=O)NS(=O)(=O)c2ccccc2C(=O)OC)n1,,,,,0,,train
CC(C)(C)c1cccc(C(C)(C)C)c1O,,,,,1,,test
C=CCOC(=O)COC1CCCCC1,,,,,0,,train
NC1CCC(CC2CCC(N)CC2)CC1,,,,,0,,train
O=CC1CCC(C=O)CC1.O=CC1CCCC(C=O)C1,,,,,1,,train
C[SiH]1O[SiH](C)O[SiH](C)O[SiH](C)O1,,,,,0,,train
CCOC(=O)CC(NC1CCC(CC2CCC(NC(CC(=O)OCC)C(=O)OCC)C(C)C2)CC1C)C(=O)OCC,,,,,1,,valid
CN1[C+]=[C+]C(=C2[C+]=[C+]N(C)C=C2)C=C1,,,,,1,,train
CCCCCCCC(C)C(=O)O,,,,,0,,train
c1cc(N(CC2CO2)CC2CO2)ccc1OCC1CO1,,,,,0,,train
Nc1nc2[nH]cc(CCc3ccc(C(=O)O)cc3)c2c(=O)[nH]1,,,,,0,,train
Cc1nn(C)c(O)c1C(=O)c1ccc(C(F)(F)F)cc1S(C)(=O)=O,,,,,0,,test
CC(=O)C(N=Nc1ccc(-c2ccc(N=NC(C(C)=O)C(=O)Nc3ccccc3C)c(Cl)c2)cc1Cl)C(=O)Nc1ccccc1C,,,,,1,,train
CC(C)OCC1CO1,,,,,0,,train
CCCCCCCCCOC(=O)c1ccc(C(=O)OCCCCCCCCC)c(C(=O)OCCCCCCCCC)c1,,,,,0,,train
CCCOC(=O)c1ccc(O)cc1,,,,,1,,train
CCCCOCOCCCC,,,,,0,,valid
CC(C)(N=NC(C)(C)C(=N)N)C(=N)N,,,,,0,,train
COCCOC,,,,,0,,train
C=C(C)C(=O)OCC1CCCO1,,,,,0,,train
CC(C)[N-]C(C)C,,,,,0,,train
CN1CCCN(C(=O)c2ccc(-c3cc(NC4CC4)n4ncc(C=C5NC(=O)NC5=O)c4n3)s2)CC1,,,,,1,,test
Cc1cc(O)ccc1N,,,,,1,,train
CCC(C)c1cc(C)c2cc(C)ccc2c1S(=O)(=O)O.CCC(C)c1ccc2c(S(=O)(=O)O)c(C)cc(C(C)CC)c2c1.Cc1cc(C)c2c(S(=O)(=O)O)c(C)ccc2c1S(=O)(=O)O.Cc1ccc2c(S(=O)(=O)O)c(C)cc(C)c2c1,,,,,0,,train
COc1c(C)c2c(c(O)c1CC=C(C)CCC(=O)O)C(=O)OC2,,,,,1,,train
OCC(O)C(O)C(O)C(O)C(c1c[nH]c2ccccc12)c1c[nH]c2ccccc12,,,,,0,,train
O=C(O)Cc1cccc(CC(=O)O)c1,,,,,0,,valid
COC(=O)CCN[N+](C)(C)C,,,,,1,,train
OCCN(CCO)C1CCCCC1,,,,,0,,train
CC(C)CC(C)Nc1ccc(Nc2ccccc2)cc1,,,,,1,,train
C=CCCC=CCC=CCCCCCCc1cccc(O)c1.CCCCC=CCC=CCCCCCCc1cccc(O)c1.CCCCCCCC=CCCCCCCc1cccc(O)c1.CCCCCCCCCCCCCCCc1cccc(O)c1,,,,,0,,train
CN(C)CCCSC(=N)N,,,,,1,,test
CCCCC(CC)COC(=O)c1ccc(C)cc1,,,,,1,,train
O=c1[nH]c(=O)n(Cl)c(=O)n1Cl,,,,,0,,train
CCCCCCCC[N+](C)(C)CCCCCCCC,,,,,1,,train
C[N+](C)(C)CC(O)CCl,,,,,1,,train
CCC(C)(C#N)N=NC(C)(C#N)CC,,,,,0,,valid
C=C(C)C(=O)OC(C)(C)C,,,,,0,,train
CC(C)(C)c1ccc(OP2OCC3(CO2)COP(Oc2ccc(C(C)(C)C)cc2C(C)(C)C)OC3)c(C(C)(C)C)c1,,,,,1,,train
Nc1ccc(S(=O)(=O)c2ccc(N)cc2)cc1,,,,,1,,train
CC(C1CC1)C(O)(Cn1cncn1)c1ccc(Cl)cc1,,,,,1,,train
CN(C)CCOCCN(C)CCO,,,,,0,,test
C=CCOc1ccc(S(=O)(=O)c2ccc(O)cc2)cc1,,,,,1,,train
CCCCCCCCCCCCOC(=O)c1ccccc1,,,,,1,,train
Cc1cc([N+](=O)[O-])ccc1N=Nc1c(O)c(C(=O)Nc2ccccc2C)cc2ccccc12,,,,,0,,train
CCOC(=O)CCN=C(N)N=C(N)N,,,,,0,,train
CC1=CC(=O)N(Cc2cccc(CN3C(=O)C=C(C)C3=O)c2)C1=O,,,,,1,,valid
CCC1(O)CC2CC(c3cc4c(cc3OC)N(C)C3C(O)(C(N)=O)C(O)C5(CC)C=CCN6CCC43C65)c3[nH]c4ccccc4c3CCN(C2)C1,,,,,1,,train
CCCCCCC(CCCCCCCCCCC(=O)OCC(CC)CCCC)OC(C)=O,,,,,0,,train
CC(C)C(O)=C1C(=O)OC(c2ccoc2)C2(C)C(O)C(O)C34OC5(C)OC3(C12)C(O)C1(O)C(O)C2(C)CC1(O5)C4(C)C2CC(=O)O,,,,,1,,train
COCc1cc(O)ccc1O,,,,,1,,train
CNC(CC(=O)O)C(=O)O,,,,,0,,test
CC(N)COCC1CCC(CN)CC1.CC(N)COCC1CCC(COCC(C)N)CC1.CC(N)COCC1CCC(COCC(C)OCC(C)N)CC1,,,,,0,,train
CC(=O)C(N=Nc1ccc(C(=O)Nc2ccc(C(N)=O)cc2)cc1)C(=O)Nc1ccc2[nH]c(=O)[nH]c2c1,,,,,1,,train
CN(C)c1nc(N)c(C(=O)NC(=N)N)nc1Cl,,,,,1,,train
COCCOCCOC,,,,,0,,train
CCOP(=O)(CO)OCC,,,,,0,,valid
Cc1nn(C)cc1S(=O)(=O)NC(=O)c1ccc(-n2ccc(OCC(C)(C)C(F)(F)F)n2)nc1N1CC(C)CC1(C)C,,,,,1,,train
CN(C)C12C(=O)C(c3ccccc3)=C(c3ccccc3)C1C1CCC2C1,,,,,1,,train
c1ccc2c(CN3CCNCC3)cccc2c1,,,,,0,,train
CN1CCNCC1,,,,,0,,train
CCCCC(CC)COC(=O)C(C)O,,,,,0,,test
CCCCCC(C)OC(=O)COc1ccc(Cl)c2cccnc12,,,,,0,,train
CC(=O)C(N=Nc1ccc(Cl)cc1[N+](=O)[O-])C(=O)Nc1ccccc1Cl,,,,,1,,train
CC(=O)N(O)CCCP(=O)(O)O,,,,,1,,train
C=COC1CCCCC1,,,,,0,,train
COc1cc(NC(=O)c2cc3ccccc3c(N=Nc3cc(C(=O)Nc4ccccc4)ccc3OC)c2O)c(OC)cc1Cl.COc1ccc(C(=O)Nc2ccccc2)cc1N=Nc1c(O)c(C(=O)Nc2cc(Cl)ccc2C)cc2ccccc12,,,,,0,,valid
c1ccc(N(CC2CO2)CC2CO2)cc1,,,,,0,,train
O=C(O)c1nc(O)c2c3c(sc2n1)CCCC3,,,,,0,,train
CCCCCCCC1CCC(=O)O1,,,,,1,,train
CCCCCCCCCCCCCC=CC(O)C(CO)NC(=O)CCCCCCC,,,,,0,,train
CC(O)C(=O)O.CCCCC(CC)COC(=O)Nc1ccc(C)c(NC(=O)OCCN(C)C)c1,,,,,1,,test
CCC(C)C(NC(=O)C(CCCN=C(N)N)NC(=O)C(CCCN=C(N)N)NC(=O)C(CC(C)C)NC(=O)C(Cc1ccccc1)NC(=O)C(Cc1c[nH]c2ccccc12)NC(=O)CNC(=O)C(N)Cc1ccc(O)cc1)C(=O)NC(CCCN=C(N)N)C(=O)N1CCCC1C(=O)NC(CCCCN)C(N)=O,,,,,1,,train
C=C(Cl)C(=O)OCCC(F)(F)C(F)(F)C(F)(F)C(F)(F)C(F)(F)C(F)(F)F,,,,,1,,train
CCC(C)Nc1ccc(NC(C)CC)cc1,,,,,1,,train
C=C(C)C(=O)OC(C)CO.C=C(C)C(=O)OCC(C)O,,,,,0,,train
CCOc1ccccc1NC(=O)c1cc2ccccc2c(N=Nc2ccc(C(N)=O)cc2)c1O,,,,,0,,valid
C=Cc1ccc(CN(CCC[Si](OC)(OC)OC)CCN(Cc2ccc(C=C)cc2)Cc2ccc(C=C)cc2)cc1.C=Cc1ccc(CN(CCN)CCC[Si](OC)(OC)OC)cc1.C=Cc1ccc(CN(CCNCCC[Si](OC)(OC)OC)Cc2ccc(C=C)cc2)cc1.C=Cc1ccc(CNCCN(CCC[Si](OC)(OC)OC)Cc2ccc(C=C)cc2)cc1.C=Cc1ccc(CNCCNCCC[Si](OC)(OC)OC)cc1.CO[Si](CCCNCCN)(OC)OC,,,,,1,,train
O=C(O)C(F)(F)C(F)OC(F)(F)C(F)(F)C(F)(F)OC(F)(F)F,,,,,0,,train
CC(C=O)Cc1ccc(C(C)C)cc1,,,,,1,,train
CN(C)Cc1ccccc1,,,,,1,,train
NC(=O)N=NC(N)=O,,,,,0,,test
COc1ccccc1C(=O)NS(=O)(=O)c1ccc(C(=O)NC2CC2)cc1,,,,,0,,train
CCCCOC(=O)C=CC(=O)OCCCC,,,,,1,,train
COc1ccc(CC(N)CCCCC(N)Cc2ccc(OC)c(OC)c2)cc1OC,,,,,0,,train
CCCC(O)C(CC)CO.CCCC=C(C=O)CC.CCCCC(C=O)CC,,,,,0,,train
COc1nc(C)nc(NC(=O)NS(=O)(=O)c2ccccc2OCCCl)n1,,,,,0,,valid
CC(C)n1c(C=CC(O)CC(O)CC(=O)OC(C)(C)C)c(-c2ccc(F)cc2)c2ccccc21,,,,,1,,train
CC1(C)OC2CC3C4CCC5=CC(=O)C=CC5(C)C4(F)C(O)CC3(C)C2(C(=O)CO)O1.COC12C(COC(N)=O)C3=C(C(=O)C(C)=C(N)C3=O)N1CC1NC12,,,,,0,,train
Cc1ccc(NC(=O)C(=O)NC2CC(C)(C)NC(C)(C)C2)cc1,,,,,1,,train
CCCCCCCCCCCC(=O)NCCCCC(N)C(=O)NC(CCCNC(=N)N)C(=O)NC(Cc1c[nH]c2ccccc12)C(=O)NC(CCCNC(=N)N)C(=O)NC(Cc1c[nH]c2ccccc12)C(=O)NC(CCCNC(=N)N)C(=O)NC(Cc1c[nH]c2ccccc12)C(N)=O,,,,,1,,train
NCC1OC(OC2C(N)CC(N)C(OC(=O)Nc3ccccc3)C2OC(=O)Nc2ccccc2)C(N)C(OC(=O)Nc2ccccc2)C1OC(=O)Nc1ccccc1.O=C(O)C(F)(F)F,,,,,0,,test
C=C(C)C(=O)OCc1ccccc1,,,,,0,,train
C=C(C)C(=O)OC(=O)C(=C)C,,,,,0,,train
CC1CN(CN2COC(C)C2)CO1,,,,,0,,train
CCCNCC,,,,,0,,train
Oc1ccc(O)c2c1C(O)C1OC1C21Oc2cccc3cccc(c23)O1,,,,,1,,valid
COC(=O)NC(C(=O)N1CCCC1C(=O)Nc1ccc(-c2ccc(NC(=O)C3CCCN3C(=O)C(NC(=O)OC)c3ccccc3)cc2C(F)(F)F)c(C(F)(F)F)c1)c1ccccc1,,,,,1,,train
CC1(C)OCC(CO)O1,,,,,0,,train
NC(=O)NCCO,,,,,0,,train
S=C1NCCN1,,,,,0,,train
C1CCNCC1,,,,,0,,test
CCCCC(CC)COC(=O)C(C#N)=C(c1ccccc1)c1ccc(OC)cc1,,,,,1,,train
CCCCCCC(C)(C)C(=O)OOC(C)(C)C,,,,,1,,train
CCCC1CCC(C2CCC(c3ccc(OCC)c(F)c3F)CC2)CC1,,,,,0,,train
CCCCC(CC)N=C1NC(CO)C(O)C(O)C1O,,,,,0,,train
COc1ccccc1NC(=O)c1cc2ccccc2c(N=Nc2ccc(C(N)=O)cc2)c1O,,,,,0,,valid
CC(O)CNC(=O)C(C)(C)CCC(C)CCC(C)CCC(C)(C)C,,,,,1,,train
CCCCCCCCCCCC(=O)NC(CCC(=O)O)C(=O)O,,,,,0,,train
CC(=O)c1ccc(O)cc1,,,,,1,,train
CC(CC(C)(C)C)C[Si](Cl)(Cl)Cl,,,,,0,,train
O=C1C=CC(=O)N1c1ccc(Cc2ccc(N3C(=O)C=CC3=O)cc2)cc1,,,,,1,,test
COCCC(=O)N(C)C,,,,,0,,train
COc1cc(OC)c(NC(=O)c2cc3ccccc3c(N=Nc3cc(C(=O)Nc4ccc(C(N)=O)cc4)ccc3OC)c2O)cc1Cl,,,,,0,,train
COCCOCCOCCOC,,,,,0,,train
CC(=O)C(N=Nc1ccc(C)cc1[N+](=O)[O-])C(=O)Nc1ccccc1,,,,,1,,train
Nc1ccc(OCCO)c(N)c1,,,,,1,,valid
Cc1ccc(S(C)(=O)=O)cc1[N+](=O)[O-],,,,,0,,train
C=C(C)C(=O)OCCOC(=O)C(=C)C,,,,,0,,train
CCCCCCCCCCCCN(C)C,,,,,1,,train
CCCCC(CC)C(=O)OOC(C)(C)CC,,,,,1,,train
CCOP(=O)(O)NC(CC(C)C)C(=O)O,,,,,0,,test
CCCCCCCCCCCCCCCC(=O)N(C)C(CO)C(=O)NC(C)C(=O)NCC(=O)N(C)C1C(=O)NC(C)C(=O)NC(C(=O)O)Cc2ccc(O)c(c2)-c2cc1ccc2O,,,,,1,,train
CN(C)CCCN(C)CCCN(C)C,,,,,0,,train
O=C(OCCOC(=O)c1ccccc1)c1ccccc1,,,,,1,,train
OCC(COC1OC(CO)C(O)C(O)C1O)OC1OC(CO)C(O)C(O)C1O.OCC(O)COC1OC(CO)C(O)C(O)C1O.OCC1OC(OCC(COC2OC(CO)C(O)C(O)C2O)OC2OC(CO)C(O)C(O)C2O)C(O)C(O)C1O,,,,,0,,train
C=C[Si](OCC)(OCC)OCC,,,,,0,,valid
CC(=O)C(N=Nc1cc(Cl)c(-c2cc(Cl)c(N=NC(C(C)=O)C(=O)Nc3ccc(C)cc3C)cc2Cl)cc1Cl)C(=O)Nc1ccc(C)cc1C,,,,,1,,train
CCCCC(CC)COc1ccc(-c2nc(-c3ccc(OC)cc3)nc(-c3ccc(OCC(CC)CCCC)cc3O)n2)c(O)c1,,,,,1,,train
CC(=O)C(N=Nc1ccccc1C(=O)O)C(=O)Nc1ccc2[nH]c(=O)[nH]c2c1,,,,,1,,train
C=CC(=O)NC,,,,,0,,train
CC(C)C1CC=C(CCC=O)CC1,,,,,1,,test
C=CC(=O)OC1CC2CCC1(C)C2(C)C,,,,,1,,train
CCCCC(CC)CN(CC(CC)CCCC)Cn1cncn1,,,,,1,,train
CC(O)CN(CC(C)O)N=O,,,,,1,,train
CC1=CCC(C(C)(C)O)CC1,,,,,1,,train
CCC(C)(C)OOC(C)(C)CC,,,,,0,,valid
C=C[Si](C)(C)N[Si](C)(C)C=C,,,,,0,,train
COc1cccc2c1C(=O)c1c(O)c3c(c(O)c1C2=O)CC(O)(C(=O)CO)CC3OC1CC(N=c2c(O)c(O)c2=NCCCCCCN=c2c(O)c(O)c2=NC2CC(OC3CC(O)(C(=O)CO)Cc4c(O)c5c(c(O)c43)C(=O)c3c(OC)cccc3C5=O)OC(C)C2O)C(O)C(C)O1,,,,,0,,train
O=[N+]([O-])C(Br)(CO)CO,,,,,1,,train
CO[Si](C)(OC)OC,,,,,0,,train
CCCCCCCCCCCCCCN.Cc1cc(C)c(Nc2cc(S(=O)(=O)O)c(N)c3c2C(=O)c2ccccc2C3=O)c(C)c1,,,,,1,,test
C[Si](C)(C)O[Si](C)(C)C,,,,,1,,train
O=C(O)C1N=C(c2ccccc2)c2cc(Cl)ccc2NC1=O,,,,,0,,train
Cc1cccc2[nH]c(=S)[nH]c12,,,,,1,,train
Cc1ccc(O)c(-n2nc3ccccc3n2)c1,,,,,1,,train
CC(C)(C)OOC(=O)C(C)(C)C,,,,,1,,valid
O=S(O)CO,,,,,0,,train
CCOCCOCCOC(C)=O,,,,,0,,train
COC(=O)NC(=S)Nc1ccccc1NC(=S)NC(=O)OC,,,,,1,,train
COc1ccccc1NC(=O)C(N=Nc1ccc(-c2ccc(N=NC(C(C)=O)C(=O)Nc3ccccc3OC)c(Cl)c2)cc1Cl)C(C)=O,,,,,1,,train
CC(Cc1ccc(C(C)(C)C)cc1)CN1CC(C)OC(C)C1,,,,,1,,test
CN(C)CCCN(C)C,,,,,1,,train
C=COCCOCCOC(=O)C=C,,,,,1,,train
CC(C)(C1CCC(O)CC1)C1CCC(O)CC1,,,,,0,,train
CCCCCCCCCCCCN(CCC(=O)O)CCC(=O)O,,,,,0,,train
CC(C)(c1ccc(OP(=O)(Oc2ccccc2)Oc2ccccc2)cc1)c1ccc(OP(=O)(Oc2ccccc2)Oc2ccc(C(C)(C)c3ccc(OP(=O)(Oc4ccccc4)Oc4ccccc4)cc3)cc2)cc1.CC(C)(c1ccc(OP(=O)(Oc2ccccc2)Oc2ccccc2)cc1)c1ccc(OP(=O)(Oc2ccccc2)Oc2ccccc2)cc1,,,,,0,,valid
CCCCOC(=O)CCCCC(=O)OCCCC,,,,,0,,train
C1CCC(NC2CCCCC2)CC1.CC(C)(O)c1ccccc1CCC(SCC1(CC(=O)O)CC1)c1cccc(C=Cc2ccc3ccc(Cl)cc3n2)c1,,,,,1,,train
CCC(=O)OCC(C)(C)OC(C)C1CCCC(C)(C)C1,,,,,1,,train
O=C(Nc1cccc(-c2cccc(NC(=O)C(Cl)Cl)c2)c1)C(Cl)Cl,,,,,1,,train
S=C=Nc1cccc2ccccc12,,,,,1,,test
CC(C)CCC(C)Nc1ccc(Nc2ccccc2)cc1,,,,,1,,train
CC(CCl)OP(=O)(OC(C)CCl)OC(C)CCl,,,,,0,,train
O=c1c2cc(Br)c3cccc4c(=O)c5cc(Br)c6cccc1c6c5-c2c34,,,,,1,,train
CC(=O)Nc1ccc(NC(=O)c2cc3ccccc3c(N=Nc3cc(C(N)=O)ccc3Cl)c2O)cc1,,,,,0,,train
CC(C)(C)CC(C)(C)OO,,,,,1,,valid
CCC(C)C(C)C(C)C(C)C(C)c1ccc(O)cc1,,,,,1,,train
C=C[Si](C=C)(C=C)C=C,,,,,1,,train
CC(=O)C(N=Nc1ccc(Cl)cc1[N+](=O)[O-])C(=O)Nc1ccc2[nH]c(=O)[nH]c2c1,,,,,1,,train
NN=CS(=O)O,,,,,0,,train
C=C(C)C(=O)OCCOCCOCCOCC,,,,,0,,test
CNS(=O)(=O)c1cc(OC)c(N=Nc2c(O)c(C(=O)Nc3ccc4[nH]c(=O)[nH]c4c3)cc3ccccc23)cc1C,,,,,1,,train
Cc1cc(N)ccc1N,,,,,1,,train
Nc1ccc(N(CCO)CCO)cc1,,,,,1,,train
CCCCC(CC)C(=O)OCC(C)(C)COC(=O)C(CC)CCCC,,,,,1,,train
O=C(Nc1ccc2[nH]c(=O)[nH]c2c1)c1cc2ccccc2c(N=Nc2cc(Cl)ccc2Cl)c1O,,,,,1,,valid
CC(O)CN(CC(C)O)c1nc(Nc2ccc(S(=O)(=O)O)cc2)nc(Nc2ccc(C=Cc3ccc(Nc4nc(Nc5ccc(S(=O)(=O)O)cc5)nc(N(CC(C)O)CC(C)O)n4)cc3S(=O)(=O)O)c(S(=O)(=O)O)c2)n1,,,,,0,,train
CCCCC1OC(=O)c2ccccc21,,,,,0,,train
OC1CCCCC1,,,,,1,,train
Nc1cc(C(=O)NCC(O)CO)cc(C(=O)NCC(O)CO)c1,,,,,0,,train
CC(=O)C1=C(C)C2CC3(C1)C(C)CCC3C2(C)C,,,,,1,,test
CCOS(=O)(=O)O.CC[n+]1ccn(C)c1,,,,,0,,train
CCCCCCCC(=O)NCCC[N+](C)(C)CC(=O)O.CCCCCCCCCC(=O)NCCC[N+](C)(C)CC(=O)O,,,,,1,,train
O=C(Nc1ccccc1)c1cc2ccccc2c(N=Nc2cc(Cl)ccc2Cl)c1O,,,,,0,,train
CC(=O)C(N=Nc1ccccc1C(F)(F)F)C(=O)Nc1ccc2[nH]c(=O)[nH]c2c1,,,,,1,,train
CCCCN1CCCC1=O,,,,,0,,valid
C=C(CC(=O)OC)C(=O)OC,,,,,1,,train
O=C(O)c1ccc(Cl)nc1Cl,,,,,0,,train
CCc1ccc2c(c1)C(=O)c1ccccc1C2=O,,,,,1,,train
CCCCC(CC)C1OCCN1CCCC,,,,,1,,train
c1cnc(N2CCNCC2)nc1,,,,,1,,test
CCCCOC(=O)c1ccccc1N=Nc1c(O)c(C(=O)Nc2ccc3[nH]c(=O)[nH]c3c2)cc2ccccc12,,,,,1,,train
CC(NC(=O)C(NC(=O)CNC(=O)C(Cc1c[nH]cn1)NC(=O)C(Cc1c[nH]c2ccccc12)NC(=O)C(CC(N)=O)NC(=O)CN)C(C)O)C(=O)N1CCCC1C(=O)NC(CC(=O)O)C(=O)NC(Cc1c[nH]c2ccccc12)C(=O)NC(Cc1ccccc1)C(=O)NC(Cc1ccccc1)C(=O)NC(CC(N)=O)C(=O)NC(Cc1ccc(O)cc1)C(=O)NC(Cc1ccc(O)cc1)C(=O)NC(Cc1c[nH]c2ccccc12)C(=O)O,,,,,0,,train
COC(=O)c1ccc2cc(C(=O)OC)ccc2c1,,,,,0,,train
O=C(c1ccc(O)cc1)c1ccc(C(=O)c2ccc(O)cc2)cc1,,,,,1,,train
C=C(C)C(=O)OCCC(C)OC(=O)C(=C)C,,,,,0,,valid
CCCCCCCCCCCCCCCC(=O)O.CCCCCCCCCCCCCCCCCC(=O)O,,,,,1,,train
CCCCC(N)C(=O)O,,,,,0,,train
CCC(C)NCCO,,,,,1,,train
Cc1ccc(N=C=S)cc1N=C=S,,,,,0,,train
OCCN1C=NCC1,,,,,1,,test
O=C(OC1COC(OC(=O)c2cc(O)c(O)c(O)c2)C(OC(=O)c2cc(O)c(O)c(O)c2)C1OC(=O)c1cc(O)c(O)c(O)c1)c1cc(O)c(O)c(O)c1,,,,,0,,train
CC(COCC(C)OC(=O)c1ccccc1)OC(=O)c1ccccc1.O=C(OCCOCCOC(=O)c1ccccc1)c1ccccc1.O=C(OCCOCCOCCOC(=O)c1ccccc1)c1ccccc1,,,,,0,,train
CN(C)CCCN,,,,,0,,train
c1ccc(COc2ccc3ccccc3c2)cc1,,,,,1,,train
CCCCCCCCN1CCCC1=O,,,,,0,,valid
CCCCCCCCCCCCCCCC(=O)OC1CC(C)(C)NC(C)(C)C1.CCCCCCCCCCCCCCCCCC(=O)OC1CC(C)(C)NC(C)(C)C1,,,,,1,,train
ClCC1CO1,,,,,0,,train
NS(=O)(=O)c1cccc2ccccc12,,,,,0,,train
O=C(O)CN(CCO)CCN(CC(=O)O)CC(=O)O,,,,,0,,train
CCCCC(CC)COCOCC(CC)CCCC,,,,,1,,test
O=S(=O)(O)c1ccc(S(=O)(=O)O)c(Nc2nc(Nc3ccc(C=Cc4ccc(Nc5nc(Nc6cc(S(=O)(=O)O)ccc6S(=O)(=O)O)nc(N(CCO)CCO)n5)cc4S(=O)(=O)O)c(S(=O)(=O)O)c3)nc(N(CCO)CCO)n2)c1,,,,,0,,train
CC(C)C(NC(=O)C(CCCN=C(N)N)NC(=O)C(N)CC(=O)O)C(=O)NC(Cc1ccc(O)cc1)C(=O)NC1CCC=CSCC(C(=O)NC(Cc2ccccc2)C(=O)O)NC(=O)C(Cc2c[nH]cn2)NC1=O,,,,,0,,train
CC(C)CCCCCCCCCCOC(=O)CSCc1cc(C(C)(C)C)c(O)c(C(C)(C)C)c1,,,,,1,,train
Cc1ccc(N)cc1O,,,,,1,,train
O=C(O)C1CCC2CCCC3CCCC1C32.O=C(O)CCC1CCC2CC3CCCCC3CC2C1.O=C(O)CCCC1CCC2CC3CCCCC3CC2C1.O=C(O)CCCCCCC1CCC2CC3CCCCC3CC2C1.O=C(O)CCCCCCCCC1CC2CCCC2C1.O=C(O)CCCCCCCCCCC1CCC2CCCCC2C1.O=C(O)CCCCCCCCCCC1CCCC1.O=C(O)CCCCCCCCCCCCCCC1CCCCC1,,,,,0,,valid
OCCCCCCCCCO,,,,,1,,train
CCCCCCCCCCCC(=O)NCCC[N+](C)(C)CC(=O)O.CCCCCCCCCCCCCC(=O)NCCC[N+](C)(C)CC(=O)O,,,,,1,,train
CC(C)(C)c1cc(C(C)(CC(=O)OCCOC(=O)CC(C)(c2ccc(O)c(C(C)(C)C)c2)c2ccc(O)c(C(C)(C)C)c2)c2ccc(O)c(C(C)(C)C)c2)ccc1O,,,,,0,,train
Nc1nc(N)nc(Nc2nc(N)nc(N)n2)n1,,,,,0,,train
CCOC(C)OC1CCCCCCCCCCC1,,,,,1,,test
CN(C)NC(=O)CCC(=O)NN(C)C,,,,,1,,train
CN(C)CCCN(CCCN(C)C)CCCN(C)C,,,,,0,,train
CCc1ccc(CC)cc1,,,,,1,,train
CCC(CN)OCCOC(CC)CN.CCC(CN)OCCOCC(CC)OC(CC)CN.CCC(N)COC(CC)COCCOC(CC)CN.CCC(N)COCCOC(CC)CN.CCC(N)COCCOCC(CC)OC(CC)CN.CCC(N)COCCOCC(CC)OCC(N)CC.CCC(N)COCCOCC(N)CC,,,,,0,,train
CC(C)N(C)C,,,,,0,,valid
OCCN1CCCCC1,,,,,0,,train
CCOC(F)(C(F)(F)C(F)(F)C(F)(F)F)C(F)(C(F)(F)F)C(F)(F)F,,,,,0,,train
C=C(F)C(F)(F)F,,,,,0,,train
CC(C)CCC(C)Nc1ccc(NC(C)CCC(C)C)cc1,,,,,1,,train
CC(C)(C)N,,,,,0,,test
COCCOCCOCCOCCOC,,,,,0,,train
CNC(C)C,,,,,0,,train
CCCCCCCCCCCCN1CCCC1=O,,,,,0,,train
CC1=NN(c2ccccc2)C(=O)C1N=Nc1ccc(-c2ccc(N=NC3C(=O)N(c4ccccc4)N=C3C)c(Cl)c2)cc1Cl,,,,,1,,train
COc1ccc(C(=O)Nc2ccccc2)cc1N=Nc1c(O)c(C(=O)Nc2ccc3[nH]c(=O)[nH]c3c2)cc2ccccc12,,,,,1,,valid
NCCCNCCCNCCCN,,,,,0,,train
CC(C)(C)C(=O)Oc1ccc(S(=O)(=O)Nc2ccccc2C(=O)NCC(=O)O)cc1,,,,,0,,train
CC(=NNC(=O)Nc1cc(F)cc(F)c1)c1ncccc1C(=O)O,,,,,0,,train
c1ccc2c(c1)C1=NC3=NC(=NC4NC(NC5=NC(=NC2=N1)c1ccccc15)c1ccccc14)c1ccccc13,,,,,0,,train
CC(=O)C(N=Nc1ccc(-c2ccc(N=NC(C(C)=O)C(=O)Nc3ccc(C)cc3)c(Cl)c2)cc1Cl)C(=O)Nc1ccc(C)cc1,,,,,1,,test
CO[SiH](C)OC,,,,,0,,train
CC(C)(C)C(=O)C(Oc1ccc(Cl)cc1)n1ccnc1,,,,,1,,train
CCCCCCOCCCCCC,,,,,1,,train
CC1CCC2C(=O)OC(=O)C2C1,,,,,0,,train
OOC1(OOC2(O)CCCCC2)CCCCC1,,,,,0,,valid
O=C(CN(CCOS(=O)(=O)O)C(=O)C1OC(OS(=O)(=O)O)C(OS(=O)(=O)O)C(OS(=O)(=O)O)C1OS(=O)(=O)O)NC1CCCCC1,,,,,0,,train
CCCCCCCCCCCC(=O)NCCC[N+](C)(C)CC(=O)O,,,,,1,,train
CCCCC1(C)CC(C)(OCCC)OO1,,,,,0,,train
CN(C)CCCNCCCN(C)C,,,,,0,,train
Clc1cc(Cl)c(Cl)nc1Cl,,,,,0,,test
C[Si](C)(C)O,,,,,1,,train
CCOc1ccccc1NC(=O)c1cc2ccccc2c(N=Nc2ccc(C(N)=O)cc2)c1O.COc1ccccc1NC(=O)c1cc2ccccc2c(N=Nc2ccc(C(N)=O)cc2)c1O,,,,,0,,train
CCCCCCCC(=O)OC,,,,,0,,train
C=C(CC(C)C=O)C1CC=C(C)C1(C)C,,,,,1,,train
CCOC(=O)C(C)(O)c1ccc(Oc2ccccc2)cc1,,,,,1,,valid
O=C1OC(=O)c2c(Br)c(Br)c(Br)c(Br)c21,,,,,0,,train
CC=CC=CC(=O)OCCC[Si](OC)(OC)OC,,,,,0,,train
CCCCNCCCC,,,,,0,,train
CCCCCCCCC=CCCCCCCCC(=O)N(C)CCS(=O)(=O)O,,,,,0,,train
C=C(C)C(=O)OCCC(F)(F)C(F)(F)C(F)(F)C(F)(F)C(F)(F)C(F)(F)F,,,,,0,,test
Cc1ccc(Nc2ccc3c4c(cc(=O)n3C)-c3ccccc3C(=O)c24)cc1,,,,,1,,train
CC(O)C(=O)O.NCc1ccccc1C(F)(F)C(F)(F)c1ccccc1CN,,,,,0,,train
CI,,,,,1,,train
CCC(CO)(CO)CO.CCC(CO)CO.CCC1(CO)COCOC1,,,,,0,,train
CN(C)C(=O)Nc1ccc(Cl)c(Cl)c1,,,,,1,,valid
CC(=O)C(N=Nc1ccc([N+](=O)[O-])cc1)C(=O)Nc1ccc2[nH]c(=O)[nH]c2c1,,,,,1,,train
OCC(CBr)(CBr)CBr,,,,,0,,train
CNC(=N[N+](=O)[O-])NCc1cnc(Cl)s1,,,,,1,,train
CC(=O)C(N=Nc1ccc(-c2ccc(N=NC(C(C)=O)C(=O)Nc3ccccc3)c(Cl)c2)cc1Cl)C(=O)Nc1ccccc1.COc1ccc(NC(=O)C(N=Nc2ccc(-c3ccc(N=NC(C(C)=O)C(=O)Nc4ccc(OC)cc4)c(Cl)c3)cc2Cl)C(C)=O)cc1.COc1ccc(NC(=O)C(N=Nc2ccc(-c3ccc(N=NC(C(C)=O)C(=O)Nc4ccccc4)c(Cl)c3)cc2Cl)C(C)=O)cc1,,,,,1,,train
CNC(=O)C(Cc1ccc(OC)cc1)NC(=O)C1(CC(=O)NO)CCCCC1,,,,,0,,test
C=CC(=O)OC1CCC2C1=C1CCC2C1,,,,,1,,train
c1cn[nH]c1,,,,,0,,train
C=CCOC(Cn1ccnc1)c1ccc(Cl)cc1Cl,,,,,1,,train
CCN(CC)c1ccc([C+](c2ccc(N(CC)CC)cc2)c2ccc(N(CC)CC)cc2)cc1,,,,,1,,train
Cc1ccc(C(=O)OOC(=O)c2ccc(C)cc2)cc1,,,,,0,,valid
CN(C)S(=O)(=O)c1cc(Cl)c(N=Nc2c(O)c(C(=O)Nc3ccc(Cl)cc3)cc3ccccc23)cc1Cl,,,,,1,,train
CO[Si](CC(C)CC(C)(C)C)(OC)OC,,,,,0,,train
C=C(C)C(=O)OCC(C)C,,,,,0,,train
CC(C)(C)C(=O)OCC1OC(Br)C(OC(=O)C(C)(C)C)C(OC(=O)C(C)(C)C)C1OC(=O)C(C)(C)C,,,,,1,,train
NCCCNCCNCCCN,,,,,0,,test
CC(=O)C(N=Nc1ccc(-c2ccc(N=NC(C(C)=O)C(=O)Nc3ccc(C)cc3C)c(Cl)c2)cc1Cl)C(=O)Nc1ccc(C)cc1C.COc1cc(NC(=O)C(N=Nc2ccc(-c3ccc(N=NC(C(C)=O)C(=O)Nc4cc(OC)c(Cl)cc4OC)c(Cl)c3)cc2Cl)C(C)=O)c(OC)cc1Cl.COc1cc(NC(=O)C(N=Nc2ccc(-c3ccc(N=NC(C(C)=O)C(=O)Nc4ccc(C)cc4C)c(Cl)c3)cc2Cl)C(C)=O)c(OC)cc1Cl,,,,,1,,train
CCN1CCCCC1,,,,,0,,train
CCCCC(=O)N(Cc1ccc(-c2ccccc2-c2nnn[nH]2)cc1)C(C(=O)O)C(C)C,,,,,0,,train
CCCCCCCCCCCC(O)=NCCOC(=O)C(CC(=O)O)S(=O)(=O)O.CCCCCCCCCCCC(O)=NCCOC(=O)CC(C(=O)O)S(=O)(=O)O,,,,,0,,train
CC1C=CCC2C(=O)OC(=O)C12,,,,,0,,valid
COc1ccc(Cl)c(S(N)(=O)=O)c1,,,,,0,,train
CON=C(C(=O)OC)c1ccccc1CCl,,,,,1,,train
CCCCCCCC(=O)O,,,,,0,,train
CCc1ccc(C)nc1,,,,,0,,train
O=S(=O)(O)C(F)(F)C(F)(F)C(F)(F)C(F)(F)F,,,,,0,,test
COC(=O)c1cc(N=NC(C(C)=O)C(=O)Nc2ccc3[nH]c(=O)[nH]c3c2)cc(C(=O)OC)c1,,,,,1,,train
C=CC(=O)OCCN=C=O,,,,,1,,train
NCc1cccc(CNCCc2ccccc2)c1.c1ccc(CCNCc2cccc(CNCCc3ccccc3)c2)cc1,,,,,1,,train
CC(c1ccccc1)c1cccc(C(C)c2ccccc2)c1O,,,,,1,,train
CC(=O)C(N=Nc1ccc(-c2ccc(N=NC(C(C)=O)C(=O)Nc3ccc(C)cc3C)c(Cl)c2)cc1Cl)C(=O)Nc1ccc(C)cc1C,,,,,1,,valid
CC12CCCCC1C(=O)OC2=O,,,,,0,,train
CC(O)C1C(=O)N2C(C(=O)O)=C(SCCN=CN)CC12.CC1(C)CC1C(=O)NC(=CCCCCSCC(N)C(=O)O)C(=O)O,,,,,1,,train
CCCCCCCCCCCC=CCCCCC(=O)N(C)CC(C)C(C)C(C)C(C)CO.CCCCCCCCCCCCCCCCCC(=O)N(C)CC(C)C(C)C(C)C(C)CO,,,,,1,,train
C=O,,,,,0,,train
SCCSCC(CS)SCCS,,,,,1,,test
Cc1cn(C(CC(=O)O)C(=O)O)nc1C.Cc1cnn(C(CC(=O)O)C(=O)O)c1C,,,,,0,,train
CCCCCCCCCCCC(=O)O.OCC(O)CO,,,,,1,,train
CC12CCC(=O)C=C1C=CC1C2CCC2(C)C1CCC2(O)CCC(=O)O,,,,,0,,train
O=S1(=O)C=C(c2ccccc2)S(=O)(=O)CCC1,,,,,0,,train
CCOC(=O)CP(=O)(OCC)OCC,,,,,0,,valid
CCOCCOCCOC,,,,,0,,train
CC(=O)C(N=Nc1ccc(-c2ccc(N=NC(C(C)=O)C(=O)Nc3ccccc3)c(Cl)c2)cc1Cl)C(=O)Nc1ccccc1,,,,,1,,train
CC1=CCC2CCCCC2C1N1C(=O)C2C3CC4C5(C)CCCC(C)(C(=O)O)C5CCC4(C=C3C(C)C)C2C1=O,,,,,0,,train
COc1ccc2c3c1OC1C(=O)CCC4(O)C(C2)N(C)CCC314.COc1ccc2c3c1OC1C(=O)CCC4(O)C(C2)N(C)CCC314.O=C(O)c1ccc(C(=O)O)cc1,,,,,0,,train
CC(OC(=O)OC1CCCCC1)OC(=O)C1=C(CSc2nnnn2CCN(C)C)CSC2C(NC(=O)Cc3csc(N)n3)C(=O)N12,,,,,1,,test
O=c1[c-](-c2cccc(C(F)(F)F)c2)c(=O)[n+](Cc2cncnc2)c2ccccn12,,,,,0,,train
Cc1ccc(C2OC3COC(c4ccc(C)cc4)OC3C(C(O)CO)O2)cc1,,,,,1,,train
C=CC(=O)OCC(C)CC,,,,,1,,train
COC(=O)CCCCCCCCC(=O)OC,,,,,1,,train
CCCCCC(=O)O,,,,,0,,valid
CCC1(CCC2C(C)CCCC2(C)C)CCCO1.CCC12CCC3C(C)(C)CCCC3(C)C1CCO2.CCC12CCC3C(C)(C)CCCC3(C)C1CCO2,,,,,1,,train
O=C(O)C(F)(F)OC1(F)OC(F)(F)OC1(F)OC(F)(F)F,,,,,0,,train
Cc1c(Cc2c(C(C)(C)C)cc(O)cc2C(C)(C)C)c(C)c(Cc2c(C(C)(C)C)cc(O)cc2C(C)(C)C)c(C)c1Cc1c(C(C)(C)C)cc(O)cc1C(C)(C)C,,,,,0,,train
COC(=O)c1ccc(C(=O)Nc2cc(Cl)ccc2Cl)cc1N=Nc1c(O)c(C(=O)Nc2ccccc2OC)cc2ccccc12,,,,,0,,train
CCCCCCCCCCCCC1CC(=O)N(C2CC(C)(C)N(C(C)=O)C(C)(C)C2)C1=O,,,,,1,,test
CC(O)COc1ccc(C(C)(C)c2ccc(OCC(C)O)cc2)cc1,,,,,1,,train
O=C(O)C=Cc1cccc(C(=O)O)c1,,,,,0,,train
CC(C)(C)NCCOCCO,,,,,0,,train
CCO[Si](CCC1CCC2OC2C1)(OCC)OCC,,,,,0,,train
Cc1ccc(C2OC3COC(c4ccc(C)c(C)c4)OC3C(C(O)CO)O2)cc1C,,,,,1,,valid
CSc1ccc(C(=O)C(C)(C)N2CCOCC2)cc1,,,,,1,,train
CC(C)c1ccccc1,,,,,1,,train
C=C(C)CC(C)(C)C,,,,,1,,train
CC(=O)CC(C)=O,,,,,0,,train
CC(CC(C)(C)C)CC(C)(C)C,,,,,1,,test
CCCCCCCCCC(C)(C)N.Cc1cc(C)c(Nc2cc(S(=O)(=O)O)c(N)c3c2C(=O)c2ccccc2C3=O)c(C)c1,,,,,1,,train
C=C(C)C(=O)NCCC[N+](C)(C)C,,,,,0,,train
S=C(Nc1ccccc1)Nc1ccccc1,,,,,1,,train
C=CS(=O)(=O)c1ccc(N=Nc2c(N)ccc3c(O)c(N=Nc4cc(C)c(S(=O)(=O)CCOS(=O)(=O)O)cc4OC)c(S(=O)(=O)O)cc23)c(S(=O)(=O)O)c1.COc1cc(S(=O)(=O)CCOS(=O)(=O)O)c(C)cc1N=Nc1c(S(=O)(=O)O)cc2c(N=Nc3ccc(S(=O)(=O)CCOS(=O)(=O)O)cc3S(=O)(=O)O)c(N)ccc2c1O.[H-].[H-],,,,,0,,train
CC(=O)N1Cc2ccccc2CSc2cccc(Cl)c21,,,,,0,,valid
COc1ccc(O)cc1,,,,,1,,train
CC1(C)C2CC=C(CCO)C1C2,,,,,1,,train
CCOCC,,,,,0,,train
Cn1sc(Cl)cc1=O.Cn1sccc1=O,,,,,1,,train
CCc1cc(F)c(N)c2nc(-c3ccc(P(=O)(Oc4ccc(C(=O)OC(C)(C)C)cc4)Oc4ccc(C(=O)OC(C)(C)C)cc4)o3)n(CC(C)C)c12,,,,,0,,test
ClCC(Cl)CCl,,,,,0,,train
CCC=CCC=CCC=CCC=CCC=CCC=CCCC(=O)OCC.CCC=CCC=CCC=CCC=CCC=CCCCC(=O)OCC,,,,,1,,train
Clc1cccc(C(Cl)(Cl)Cl)n1,,,,,1,,train
CO[Si](CCCN(CCN(Cc1ccccc1)Cc1ccccc1)Cc1ccccc1)(OC)OC.CO[Si](CCCN(CCN)Cc1ccccc1)(OC)OC.CO[Si](CCCN(CCNCc1ccccc1)Cc1ccccc1)(OC)OC.CO[Si](CCCNCCN(Cc1ccccc1)Cc1ccccc1)(OC)OC.CO[Si](CCCNCCN)(OC)OC.CO[Si](CCCNCCNCc1ccccc1)(OC)OC,,,,,1,,train
CNc1nc(N(C)C)nc(N(C)C)n1,,,,,0,,valid
N#CCCC#N,,,,,1,,train
CON,,,,,1,,train
C[N+](C)(C)CC1CO1,,,,,1,,train
N=C(N)Nc1ccc2c(c1)CCC2,,,,,0,,train
C=C(C)C(=O)NCCCN(C)C.C=C(C)C(=O)NCCCN(C)C.C=C(C)C(=O)NCCCN(C)C.C=C(C)C(=O)NCCCN(C)C.CCCCCC(CCCC)c1ccc(S(=O)(=O)O)cc1.CCCCCCC(CCCC)c1ccc(S(=O)(=O)O)cc1.CCCCCCCC(CCCC)c1ccc(S(=O)(=O)O)cc1.CCCCCCCCC(CCCC)c1ccc(S(=O)(=O)O)cc1,,,,,1,,test
CCNCCO,,,,,0,,train
CCN(CC)S(=O)(=O)c1ccc(OC)c(N=Nc2c(O)c(C(=O)Nc3cc(Cl)c(OC)cc3OC)cc3ccccc23)c1,,,,,0,,train
COC1CCCC1,,,,,0,,train
CC(C)(C)O,,,,,0,,train
CCN=c1cc2oc3cc(NCC)c(C)cc3c(-c3ccccc3C(=O)OCC)c-2cc1C,,,,,1,,valid
CCCCCCCCNCCCCCCCC,,,,,1,,train
CCN(CC)c1nc(Nc2ccc(C=Cc3ccc(Nc4nc(Nc5cc(S(=O)(=O)O)ccc5S(=O)(=O)O)nc(N(CC)CC)n4)cc3S(=O)(=O)O)c(S(=O)(=O)O)c2)nc(Nc2cc(S(=O)(=O)O)ccc2S(=O)(=O)O)n1,,,,,0,,train
Nc1ccc([S+](O)c2ccc(N)cc2)cc1,,,,,1,,train
Cc1cccc(N)c1N,,,,,1,,train
CCOC(C)(C)CC,,,,,0,,test
CCCCC(=O)N(Cc1ccc(-c2ccccc2-c2nn[nH]n2)cc1)C(C(=O)OC)C(C)C,,,,,1,,train
CNC(=N[N+](=O)[O-])NCC1CCOC1,,,,,0,,train
C1CO1,,,,,1,,train
O=C(c1ccccc1)C1(O)CCCCC1,,,,,1,,train
CCCCCCCCCCCC(=O)OCC(COC(=O)CCCCCC)OC(=O)CCCCCCC,,,,,0,,valid
O=C1CCC(O)C2C3CCC(C3=C(Cl)Cl)C12,,,,,1,,train
CC(OC(C)(C)COC(=O)C1CC1)C1CCCC(C)(C)C1,,,,,1,,train
C=CCCCCCCCCCOC(=O)C(C#N)=C(c1ccccc1)c1ccccc1,,,,,1,,train
CCC(=CO)CCC1CC=C(C)C1(C)C,,,,,1,,train
CCC12COCN1COC2,,,,,0,,test
NS(=O)(=O)c1ccc(NC(=O)Nc2cccc([N+](=O)[O-])c2)cc1,,,,,0,,train
Cc1ccc(C2CCNCC2)cc1,,,,,0,,train
CC(=O)C1=NOC(c2c(F)cccc2F)C1,,,,,1,,train
CN(C)CCCCCCN(C)C,,,,,1,,train
CSC(C)(C)SC,,,,,1,,valid
O=C(c1ccc(O)cc1)c1cccc(C(=O)c2ccc(O)cc2)c1,,,,,1,,train
c1cc(OCC2CO2)cc(N(CC2CO2)CC2CO2)c1,,,,,0,,train
CC(COCC(C)OC(=O)c1ccccc1)OC(=O)c1ccccc1.O=C(OCCOCCOC(=O)c1ccccc1)c1ccccc1,,,,,0,,train
COc1ccccc1NC(=O)C(N=Nc1ccc(Cl)cc1[N+](=O)[O-])C(C)=O,,,,,1,,train
CN1C2CC(OC(=O)Nc3ccc(F)cc3-c3ccccc3)CC1C1OC12,,,,,0,,test
CCN(CC)CCCNC(=O)c1cnc2c3c(cccc13)-c1ccccc1C2=O,,,,,1,,train
CN1CCCC1=O,,,,,0,,train
c1ccc(C2OOC3(CCCCCC3)OO2)cc1,,,,,0,,train
C=CC(=O)Oc1ccccc1CCCCCC,,,,,0,,train
OCCOc1ccccc1,,,,,0,,valid
N#CCN(CC#N)CCCN(CC#N)CC#N,,,,,0,,train
CCOc1ccc(NC(=O)C(N=Nc2ccc(-c3ccc(N=NC(C(C)=O)C(=O)Nc4ccc(OCC)cc4)c(Cl)c3)cc2Cl)C(C)=O)cc1,,,,,1,,train
CC(COC(=O)c1ccccc1)OC(=O)c1ccccc1,,,,,0,,train
CN1COCN=C1N[N+](=O)[O-],,,,,0,,train
CCCCCCCCOCCCCCCCC,,,,,0,,test
O=C(c1ccccc1)c1ccc(OCC(O)COc2ccc(C(=O)c3ccccc3)c(O)c2)cc1O,,,,,1,,train
CC(=O)OCC(F)F,,,,,0,,train
CC(=O)Oc1cc(OC(C)=O)c2c(=O)c(OC(C)=O)c(-c3ccc(OC(C)=O)c(OC(=O)CCCCCN)c3)oc2c1,,,,,0,,train
CCN(CC)c1nc(Nc2ccc(S(=O)(=O)O)cc2)nc(Nc2ccc(C=Cc3ccc(Nc4nc(Nc5ccc(S(=O)(=O)O)cc5)nc(N(CC)CC)n4)cc3S(=O)(=O)O)c(S(=O)(=O)O)c2)n1,,,,,0,,train
CCCCCCCCCC[N+](C)(C)CCCCCCCCCC.CCCCCCCCCC[N+](C)(C)CCCCCCCCCC.CCCCCCCCCC[N+](C)(C)CCCCCCCCCC.O=C(O)O.O=C(O)O,,,,,1,,valid
CC(C)(C)c1cc(Cn2c(=O)n(Cc3cc(C(C)(C)C)c(O)c(C(C)(C)C)c3)c(=O)n(Cc3cc(C(C)(C)C)c(O)c(C(C)(C)C)c3)c2=O)cc(C(C)(C)C)c1O,,,,,0,,train
CC(=O)C(N=Nc1ccc(-c2ccc(N=NC(C(C)=O)C(=O)Nc3ccc(C)cc3C)c(Cl)c2)cc1Cl)C(=O)Nc1ccc(C)cc1C.COc1ccccc1NC(=O)C(N=Nc1ccc(-c2ccc(N=NC(C(C)=O)C(=O)Nc3ccc(C)cc3C)c(Cl)c2)cc1Cl)C(C)=O.COc1ccccc1NC(=O)C(N=Nc1ccc(-c2ccc(N=NC(C(C)=O)C(=O)Nc3ccccc3OC)c(Cl)c2)cc1Cl)C(C)=O,,,,,1,,train
CCC(=O)O.CCCCCCCCCC[N+](C)(CCO)CCCCCCCCCC,,,,,1,,train
CCCCC(CC)COC(=O)c1ccccc1,,,,,1,,train
C=C(C)C(=O)OCCOC(=O)c1ccccc1C(=O)OC(C)CO.C=C(C)C(=O)OCCOC(=O)c1ccccc1C(=O)OCC(C)O.C=C(C)C(=O)OCCOC(=O)c1ccccc1C(=O)OCC(C)OC(=O)c1ccccc1C(=O)OCC(C)O,,,,,0,,test
NC(=O)Nc1cc(Nc2cc(F)nc(F)n2)ccc1N=Nc1ccc(S(=O)(=O)O)cc1S(=O)(=O)O.NC(=O)Nc1cc(Nc2nc(F)cc(F)n2)ccc1N=Nc1ccc(S(=O)(=O)O)cc1S(=O)(=O)O,,,,,0,,train
O=S(=O)(O)c1cc(Nc2nc(NC3=CC=CCC3)nc(N(CCO)CCO)n2)ccc1C=Cc1ccc(Nc2nc(Nc3ccccc3)nc(N(CCO)CCO)n2)cc1S(=O)(=O)O,,,,,0,,train
CC(CCC(=O)O)C(=O)O,,,,,1,,train
CC(C)Nc1ccc(Nc2ccccc2)cc1,,,,,1,,train
CCN(Cc1ccccc1)c1ccc(N=Nc2ccc(N=Nc3cc(C)c(N=Nc4cccc(S(=O)(=O)O)c4)cc3C)c3cc(S(=O)(=O)O)ccc23)c(C)c1.CCN(Cc1ccccc1)c1ccc(N=Nc2ccc(N=Nc3cc(C)c(N=Nc4cccc(S(=O)(=O)O)c4)cc3C)c3ccc(S(=O)(=O)O)cc23)c(C)c1,,,,,0,,valid
OCCC(F)(F)C(F)(F)C(F)(F)C(F)(F)C(F)(F)C(F)(F)F,,,,,0,,train
C=C(C)C1CCC2(C(=O)NCC(=O)N3CCCC3C(=O)O)CCC3(C)C(CCC4C5(C)CCC(O)C(C)(CO)C5CCC43C)C12,,,,,0,,train
COc1ccc(C(=O)Nc2ccccc2)cc1N=Nc1c(O)c(C(=O)Nc2cc(Cl)ccc2C)cc2ccccc12,,,,,0,,train
O=C(OCCCOCCCOC(=O)c1ccccc1)c1ccccc1,,,,,0,,train
COc1ccc(CN)cc1,,,,,1,,test
OCCS,,,,,1,,train
CCO[Si](CCCS)(OCC)OCC,,,,,1,,train
COC(=O)c1ccc2c(c1)C(C)(C)C(=CC=C1C(=O)N(c3ccccc3)N=C1C)N2C,,,,,1,,train
C=C[Si](OCCOC)(OCCOC)OCCOC,,,,,0,,train
CCCc1nc2cc(-c3nc4ccccc4n3C)cc(C)c2[nH]1,,,,,1,,valid
Cc1ccccc1NC(=O)Nc1ccc(CC(=O)N(C)C(CC(C)C)C(=O)NCCC(NC(=O)C2CCCN2S(=O)(=O)c2cc(Cl)cc(Cl)c2)C(=O)O)cc1,,,,,0,,train
O=CC=O,,,,,0,,train
O=S(=O)(c1ccccc1)c1ccccc1,,,,,0,,train
CC(=O)OC([SiH3])=C(OC(C)=O)OC(C)=O,,,,,0,,train
O=C(O)c1cn2cc(C(F)(F)F)cc(Cl)c2n1,,,,,0,,test
C=C(C)C(=O)OCCOCCOCCCC,,,,,0,,train
N#CS.N=C(N)N,,,,,0,,train
CCCCCCCCCCOS(=O)(=O)O,,,,,0,,train
O=P(OC(CCl)CCl)(OC(CCl)CCl)OC(CCl)CCl,,,,,1,,train
COc1cc(C=Cc2ccc(OC)c(OP(=O)(O)O)c2OP(=O)(O)O)cc(OC)c1OP(=O)(O)O,,,,,0,,valid
CCCCC(C)CCCc1ccc(O)c(C=NO)c1.CCCCCC(C)CCc1ccc(O)c(C=NO)c1.CCCCCCC(C)Cc1ccc(O)c(C=NO)c1.CCCCCCCC(C)c1ccc(O)c(C=NO)c1,,,,,1,,train
CC[N+](=O)[O-],,,,,0,,train
CCCCCCCCSCCOCCCC.CCCCCCCCSCCOCCSCCCCCCCC.CCCCCCCCSCCO[PH](=O)O.CCCCO[PH](=O)O.CCCCO[PH](=O)OCCCC.O=[PH](O)O,,,,,1,,train
CCCCCCCCC1CO1,,,,,1,,train
CCCCCCOC(=O)CC(CC(=O)OCCCCCC)(OC(=O)CCC)C(=O)OCCCCCC,,,,,1,,test
COc1cc(NC(=O)C(N=Nc2ccc(-c3ccc(N=NC(C(C)=O)C(=O)Nc4cc(OC)c(Cl)cc4OC)c(Cl)c3)cc2Cl)C(C)=O)c(OC)cc1Cl,,,,,1,,train
O=C(O)c1ccc(N2C(=O)CCC2=O)cc1,,,,,0,,train
O=C(OCc1ccccc1)c1ccccc1,,,,,1,,train
CCCCCCCCOC1OC(COC(C)=O)C(OC(C)=O)C(OC(C)=O)C1OC1OC(COC(C)=O)C(OC(C)=O)C(OC2OC(COC(C)=O)C(OC(C)=O)C(OC3OC(COC(C)=O)C(OC(C)=O)C(OC4OC(COC(C)=O)C(OC(C)=O)C(OC(C)=O)C4OC(C)=O)C3OC(C)=O)C2OC(C)=O)C1OC(C)=O,,,,,0,,train
COC(=O)c1ccc(C(=O)OC)c(N=NC(C(C)=O)C(=O)Nc2ccc3[nH]c(=O)[nH]c3c2)c1,,,,,1,,valid
CCc1cc(C)cc(CC)c1C(C(N)=O)C(N)=O,,,,,0,,train
CCOC(=O)C(C)CC,,,,,0,,train
CC1(C)C(=O)N(CCO)C(=O)N1CCO,,,,,0,,train
CC1(C)CC(NC(=O)c2cccc(C(=O)NC3CC(C)(C)NC(C)(C)C3)c2)CC(C)(C)N1,,,,,0,,train
Cc1ccc(C#Cc2ccc(S(=O)(=O)NC(Cc3c[nH]c4ccccc34)C(=O)O)s2)cc1,,,,,1,,test
C=C(C)C(=O)NCCCN(C)C,,,,,0,,train
C=CCCCCCCCCC(=O)NCCOC(=O)CC(C(=O)O)S(=O)(=O)O,,,,,0,,train
COc1ccccc1N=NC(C(C)=O)C(=O)Nc1ccc2[nH]c(=O)[nH]c2c1,,,,,1,,train
C=CC(=O)OCCC(C)CCOC(=O)C=C,,,,,1,,train
C=C(C)C(=O)OCCOCCOCCOC(=O)C(=C)C,,,,,0,,valid
C=CCOC(=O)C(=C)C,,,,,1,,train
C=CCSCC=C,,,,,0,,train
O=S(=O)(O)c1ccc(Nc2nc(Nc3ccc(C=Cc4ccc(Nc5nc(Nc6ccc(S(=O)(=O)O)cc6)nc(N6CCOCC6)n5)cc4S(=O)(=O)O)c(S(=O)(=O)O)c3)nc(N3CCOCC3)n2)cc1,,,,,0,,train
C=CC(=O)OCCCCO,,,,,0,,train
C=C(C)C(=O)OCC(F)(F)C(F)(F)C(F)(F)C(F)F,,,,,0,,test
O=C1Cc2ccccc2N1c1ccccc1,,,,,0,,train
CC(CC(=O)OOC(C)(C)C)CC(C)(C)C,,,,,1,,train
CC1=NN(c2ccc(C)cc2)C(=O)C1N=Nc1ccc(-c2ccc(N=NC3C(=O)N(c4ccc(C)cc4)N=C3C)c(Cl)c2)cc1Cl,,,,,1,,train
C=C(C)C(=O)OC1CC2CCC1(C)C2(C)C,,,,,1,,train
COP(N)(=O)N(CCCl)CCCl,,,,,1,,valid
CCCCCCCCC=CCCCCCCCC(=O)NCC(C)O,,,,,1,,train
CC(C)(C)OOC(C)(C)C,,,,,0,,train
Nc1c(I)c(C(=O)O)c(I)c(C(=O)NCC(O)CO)c1I,,,,,0,,train
CC(C)(C)c1ccccc1O,,,,,1,,train
C#CCCCCCCCCCOS(=O)(=O)O,,,,,0,,test
[H]C([H])(C)N(CC(=O)N(O)c1c(C)cccc1C)C([H])([H])C,,,,,0,,train
Cc1ccc(S(N)(=O)=O)cc1,,,,,0,,train
COc1ccc(C(=O)Nc2ccccc2)cc1N=Nc1c(O)c(C(=O)Nc2cc(Cl)ccc2OC)cc2ccccc12,,,,,0,,train
Cn1sccc1=O,,,,,1,,train
CCOC(=O)C1=NN(c2ccccc2)C(=O)C1N=Nc1ccc(-c2ccc(N=NC3C(=O)N(c4ccccc4)N=C3C(=O)OCC)c(Cl)c2)cc1Cl,,,,,1,,valid
O=C1CCCCCN1C(=O)NCCCCCCNC(=O)N1CCCCCC1=O,,,,,0,,train
O=c1n(Cl)c(=O)n(Cl)c(=O)n1Cl,,,,,0,,train
C1=CCC(C2OCC3(CO2)COC(C2CC=CCC2)OC3)CC1,,,,,1,,train
CC(C)(C)c1ccc(O)c(C(C)(C)C)c1,,,,,1,,train
CC1CCC(NCc2ccn(Cc3ccccc3)c(=O)c2O)CC1,,,,,0,,test
O=S(=O)(O)c1ccccc1C=C(c1ccccc1)c1cccc[n+]1C1CCC([n+]2ccccc2Cc2ccccc2)CC1,,,,,1,,train
COC(=C(F)C(F)(F)C(F)(F)C(F)(F)F)C(F)(F)C(F)(F)F.COC(F)(C(F)=C(F)C(F)(F)C(F)(F)F)C(F)(F)C(F)(F)F.COC(F)(C(F)=C(F)C(F)(F)F)C(F)(F)C(F)(F)C(F)(F)F,,,,,1,,train
Cc1cc(C)c(Nc2ccc(Nc3c(C)cc(C)cc3C)c3c2C(=O)c2ccccc2C3=O)c(C)c1,,,,,1,,train
COc1ccc(-n2sc(=O)n(-c3ccc(OC)cc3)c2=O)cc1,,,,,1,,train
OCOCCOCO,,,,,0,,valid
CCCCCCCCCCCCCCCCCCSSCCCCCCCCCCCCCCCCCC,,,,,0,,train
COC(=O)OC,,,,,0,,train
O=P(O)(Oc1ccccc1)Oc1ccccc1,,,,,1,,train
Cc1c(I)c(=O)[nH]c(=O)n1Cc1c(F)cccc1C(F)(F)F,,,,,1,,train
COC1C(NC(=O)CC2OC(COCc3ccccc3)C(OCc3ccccc3)C(OCc3ccccc3)C2OCc2ccccc2)CCC2C3Cc4ccc(O)cc4C21CCN3C,,,,,1,,test
CCCCCCCCCCCCCCCCCCOC(=O)C=Cc1ccc(O)c(O)c1,,,,,1,,train
CC(N)COc1ccc(-c2cnc3ccc(NC(C)c4cccc(F)c4)nn23)cc1.O=C(O)CCCCC(=O)O,,,,,1,,train
CC(C)(c1cc(Br)c(OCC2CO2)c(Br)c1)c1cc(Br)c(OCC2CO2)c(Br)c1,,,,,1,,train
C=CC(C)CCCCC,,,,,1,,train
c1ccc(-c2nc(-c3cccs3)no2)cc1,,,,,1,,valid
C=CCCCC,,,,,1,,train
[C-]#N,,,,,1,,train
C=Cc1ccc(C(C)(C)C)cc1,,,,,1,,train
CCCCOC(=O)C1CCCCC1C(=O)OCc1ccccc1,,,,,1,,train
CCCCCCC(CO)CCCC,,,,,1,,test
CC(C)(c1ccccc1)c1ccc(Nc2ccc(C(C)(C)c3ccccc3)cc2)cc1,,,,,1,,train
C1CCC2CCCCC2C1,,,,,1,,train
CN(C)C(=S)S,,,,,1,,train
COP(=S)(OC)OCCc1ccccc1,,,,,1,,train
CC(N)C(=O)NCCC(=O)O,,,,,1,,valid
C[N+](C)(C)Cc1ccc(C[N+](C)(C)C)cc1,,,,,1,,train
CCCCCCCCCCCCCCO,,,,,1,,train
C=CCCCCCC,,,,,1,,train
C[N+](C)(CCNC(=O)C(=O)NCC[N+](C)(C)Cc1ccccc1Cl)Cc1ccccc1Cl,,,,,1,,train
CC(C)(C)c1ccc(OP(=O)(Oc2ccccc2)Oc2ccc(C(C)(C)C)cc2)cc1.CC(C)(C)c1ccc(OP(=O)(Oc2ccccc2)Oc2ccccc2)cc1,,,,,1,,test
CCCCCCCCC=CCCCCCCCCN(CCO)CCO,,,,,1,,train
O=C(NC(=O)c1c(F)cccc1F)Nc1cc(Cl)c(F)c(Cl)c1F,,,,,1,,train
CC(=O)NC(C)C(=O)NC(CO)C(=O)NC(CSSCC(NC(=O)C(CO)NC(=O)C(C)NC(C)=O)C(=O)NC(CCCNC(=N)N)C(=O)NC(Cc1cnc[nH]1)C(=O)NC(Cc1ccc(O)cc1)C(=O)NC(CC(C)C)C(=O)NC(CC(N)=O)C(=O)NC(CC(C)C)C(=O)NC(C(=O)NC(C(=O)NC(CCCNC(=N)N)C(=O)NC(CCC(N)=O)C(=O)NC(CCCNC(=N)N)C(=O)NC(Cc1ccc(O)cc1)C(N)=O)C(C)O)C(C)C)C(=O)NC(CCCNC(=N)N)C(=O)NC(Cc1cnc[nH]1)C(=O)NC(Cc1ccc(O)cc1)C(=O)NC(CC(C)C)C(=O)NC(CC(N)=O)C(=O)NC(CC(C)C)C(=O)NC(C(=O)NC(C(=O)NC(CCCNC(=N)N)C(=O)NC(CCC(N)=O)C(=O)NC(CCCNC(=N)N)C(=O)NC(Cc1ccc(O)cc1)C(N)=O)C(C)O)C(C)C,,,,,1,,train
CCCCC(Cc1cc(C(C)(C)C)c(O)c(C(C)(C)C)c1)(C(=O)OC1CC(C)(C)N(C)C(C)(C)C1)C(=O)OC1CC(C)(C)N(C)C(C)(C)C1,,,,,1,,train
C=CCCCCCCCCCCCCCC,,,,,1,,valid
CC(C)c1ccc2cc(C(C)C)ccc2c1,,,,,1,,train
NCCCN,,,,,1,,train
CCCCCCCCCC(C)C=O,,,,,1,,train
COC1CC=CC(C)C2OC(O)(C(C)C(=O)OC(c3ccccc3)CCCC1)C(OC)C(O)C2C,,,,,1,,train
CCN1OCC(NC(=O)c2ccc(C3=NOC(c4cc(Cl)c(F)c(Cl)c4)(C(F)(F)F)C3)cc2C)C1=O,,,,,1,,test
CC1CN(C2CCN(c3nc(N)n[nH]3)CC2)C(Cc2ccc(Cl)cc2)CO1,,,,,1,,train
O=C1NC(=O)C(=Cc2cnn3c(NC4CC4)cc(-c4csc(C(=O)O)c4)nc23)N1,,,,,1,,train
NCCNCCCNCCN,,,,,1,,train
CCCCCCCCC=CCCCCCCCC[N+](C)(CCO)CCO,,,,,1,,train
O=C(Nc1ccccc1)N(Cc1ccc(Cl)cc1)C1CCCC1,,,,,1,,valid
CCCCC(CC)COC(=O)C(C#N)=C(c1ccccc1)c1ccccc1,,,,,1,,train
O=C(Nc1ccc(OC(F)(F)F)cc1)Nc1ccc(OC(F)(F)F)cc1,,,,,1,,train
C=CCCCCCCCCCCCCCCCC,,,,,1,,train
CCCCCCCCCCCCCCCCCCCCCCCCO,,,,,1,,train
C=CC(=O)OCCCCCCCCCCCCCCCCCCCC,,,,,1,,test
C=COC(=O)CCCCCCCCCCC,,,,,1,,train
C=CCCCCCCC,,,,,1,,train
CCCCCCCCCCCCCCCCCCN(CCCCCCCCCCCCCCCC)CCCNCCCNCCCN.CCCCCCCCCCCCCCCCCCN(CCCCCCCCCCCCCCCCCC)CCCNCCCNCCCN.CCCCCCCCCCCCCCCCN(CCCCCCCCCCCCCCCC)CCCNCCCNCCCN,,,,,1,,train
CC(CC(=O)CC(C)C1CC(=O)C2(C)C3=C(C(=O)C(O)C12C)C1(C)CCC(O)C(C)(C)C1CC3=O)C(=O)O,,,,,1,,train
CNC(=O)c1cc(C#N)cc(C)c1NC(=O)c1cc(Cn2nnc(C(F)(F)F)n2)nn1-c1ncccc1Cl,,,,,1,,valid
CC1(C2CCC3C4=CC=C5CC6(CCC5(C)C4CCC32C)OCCO6)OCCO1,,,,,1,,train
C=CC(=O)OCCCCCCCCCCCC,,,,,1,,train
COc1ccc(C(=O)Nc2cccc(CNc3c(C(N)=O)cnc4c(C(N)=O)cccc34)c2)cc1,,,,,1,,train
N=C(N)NC(=N)Nc1cccc(Cl)c1,,,,,1,,train
CC1(C)CCC(CN2CCN(c3ccc(C(=O)NS(=O)(=O)c4ccc(NCC5CCOCC5)c([N+](=O)[O-])c4)c(Oc4cc(N)nc(N)c4)c3)CC2)=C(c2ccc(Cl)cc2)C1,,,,,1,,test
CCC(C)(C)c1cc(O)c(C(C)(C)CC)cc1O,,,,,1,,train
C=CCCCCCCCC,,,,,1,,train
C=CC1CCC(C=C)C(C=C)C1,,,,,1,,train
CCCCCCCCCCCCCCCCCCN(CCO)CCO,,,,,1,,train
CC(C)c1cccc(C(C)C)c1N=C=Nc1c(C(C)C)cccc1C(C)C,,,,,1,,valid
CSCCC(NC(=O)C(CO)NC(=O)C(Cc1ccc(O)cc1)NC(=O)C(N)CO)C(=O)NC(CCC(=O)O)C(=O)NC(Cc1c[nH]cn1)C(=O)NC(Cc1ccccc1)C(=O)NC(CCCNC(=N)N)C(=O)NC(Cc1c[nH]c2ccccc12)C(=O)NCC(=O)NC(CCCCN)C(=O)N1CCCC1C(=O)NC(C(=O)NCC(=O)NC(CCCCN)C(=O)NC(CCCCN)C(=O)NC(CCCNC(=N)N)C(=O)NC(CCCNC(=N)N)C(=O)N1CCCC1C(=O)NC(C(=O)NC(CCCCN)C(=O)NC(C(=O)NC(Cc1ccc(O)cc1)C(=O)N1CCCC1C(=O)NC(CC(=O)O)C(=O)NC(C)C(=O)NCC(=O)NC(CCC(=O)O)C(=O)O)C(C)C)C(C)C)C(C)C,,,,,1,,train
CCC(O)CCCCCCCC(O)C1CCC(C2CCC(C(O)CCCCCCCCCCC3CC(CC(C)=O)C(=O)O3)O2)O1,,,,,1,,train
CCCCCCCCCCCCCCCCCCO.CCCCCCCCCCCCCCCCO,,,,,1,,train
Cc1cc(CC(C)CC(C)(C)C)n(O)c(=O)c1.NCCO,,,,,1,,train
NCCCN(CCCN)CC(=O)O,,,,,1,,test
CC1CC=CCCCCCCCCCC(=O)C1,,,,,1,,train
CCN(CCOC(C)OCC(C)C)c1ccc(N=Nc2ccccc2)cc1,,,,,1,,train
C=CC(=O)OCCCCCCCCCCCCCC,,,,,1,,train
CCOC(=O)C1(C)CCCC2(C)C3CCC(C(C)C)=CC3=CCC12,,,,,1,,train
CCCCCCCCCCCOC(=O)c1ccccc1,,,,,1,,valid
C#CC1(OC(C)=O)CCC2C3CCC4=CC(OC(C)=O)CCC4C3CCC21C,,,,,1,,train
CCCCCCCCC=CCCCCCCCCN(CCCNCC(C)O)CC(C)O.CCCCCCCCCCCCCCCCCCN(CCCNCC(C)O)CC(C)O.CCCCCCCCCCCCCCCCN(CCCNCC(C)O)CC(C)O,,,,,1,,train
CC1C=CCCCCCCCCCCC(=O)C1.CC1CC=CCCCCCCCCCC(=O)C1.CC1CC=CCCCCCCCCCC(=O)C1,,,,,1,,train
NCCCNCCCNCCC1CCCCCCCCCCCCCC1,,,,,1,,train
CCCCCCCCCCCCOC(=O)C=Cc1ccc(O)c(O)c1,,,,,1,,test
C=CCCCCCCCCCCCC,,,,,1,,train
CC(=O)NC(CCCCN)C(=O)NC(Cc1c[nH]c2ccccc12)C(=O)NC(CCCCN)C(=O)NC(CCCNC(=N)N)C(=O)NC(CC(=O)O)C(=O)NC(Cc1cnc[nH]1)C(=O)NC(CC(=O)O)C(=O)NC(CCCNC(=N)N)C(N)=O,,,,,1,,train
CC1C(C)(C)C2CCC3CC(C)(C)OC3C2C1(C)C,,,,,1,,train
CCC=C(C)C(O)CCCCC,,,,,1,,train
S=C(SSC(=S)N(Cc1ccccc1)Cc1ccccc1)N(Cc1ccccc1)Cc1ccccc1,,,,,1,,valid
O=C(Nc1ccccc1)Nc1ccc(O)c(-c2nc3ccccc3s2)c1,,,,,1,,train
CC=CCCC=CCCC=CCCC=CCCCCC=CCCC=CC,,,,,1,,train
CCCC=CCCCC,,,,,1,,train
NC(CCC(=O)CC(CSSCC(NC(=O)CCC(N)C(=O)O)C(=O)NCC(=O)O)C(=O)NCC(=O)O)C(=O)O,,,,,1,,train
CCCc1ccc(-c2ccc(-c3ccc(CC)cc3)c(F)c2F)cc1,,,,,1,,test
CC(CC(=O)OCC1(CO)CC(=Cc2cccc(C(F)(F)F)c2)C(=O)O1)CC(C)(C)C,,,,,1,,train
CC(C)c1ccc2ccccc2c1C(C)C,,,,,1,,train
O=C1c2[nH]cc3c2C(=[N+](O)CC3)c2c(-c3ccc(O)cc3)c[nH]c21,,,,,1,,train
CCCCCCCCCCCCCCCCO,,,,,1,,train
CCCCCCCCCCCCCCC(CO)NCC,,,,,1,,valid
CCCCC=CCCC=CCCCCCC,,,,,1,,train
O=C(c1ccc(Oc2ccccc2)cc1)c1ccc(C(=O)c2ccc(Oc3ccccc3)cc2)cc1,,,,,1,,train
COc1ccc(C(=O)CC(=O)c2ccc(C(C)(C)C)cc2)cc1,,,,,1,,train
O=P(O)(O)C(CCCc1ccc(-c2ccccc2)cc1)P(=O)(O)O,,,,,1,,train
O=c1nc(NO)ccn1C1OC(CO)C(O)C1O,,,,,1,,test
N=C(NCc1ccccc1)NCc1ccccc1,,,,,1,,train
CNC(=O)c1cc(Oc2ccc(NC(=O)Nc3ccc(Cl)c(C(F)(F)F)c3)c(F)c2)ccn1,,,,,1,,train
C=CC(OC(=O)C1C(C=C(C)C)C1(C)C)c1ccc(OC(C)=O)c(OC)c1,,,,,1,,train
CCCCN(CCCC)CC(O)COc1c(Br)cc(C(C)(C)c2cc(Br)c(OCC(O)CN(CCCC)CCCC)c(Br)c2)cc1Br,,,,,1,,train
COC(=O)OC12COC1CC(O)C1(C)C(=O)C(OC(C)=O)C3=C(C)C(OC(=O)C(O)C(NC(=O)c4ccccc4)c4ccccc4)CC(O)(C(OC(=O)c4ccccc4)C21)C3(C)C,,,,,1,,valid
NC1CC2OC1c1ccccc12,,,,,1,,train
CCCCCCCCCCCO,,,,,1,,train
Cc1cc(O)c(C(C)(C)C)cc1Sc1cc(C(C)(C)C)c(O)cc1C,,,,,1,,train
CCCCCC(CO)CCC,,,,,1,,train
[H]C([H])([H])C(N)C([H])([H])c1cc(OC)c(C)cc1OC,,,,,1,,test
CCCCCCO,,,,,1,,train
CC(C)c1ccc(OP(=O)(Oc2ccc(C(C)C)cc2)Oc2ccc(C(C)C)cc2)cc1,,,,,1,,train
C=C(C)C(=O)OCCCCCCCCCC,,,,,1,,train
C=COCCCCOC(=O)NCCCCCCNC(=O)OCCCCCCOC(=O)NCCCCCCNC(=O)OCCCCOC=C.C=COCCCCOC(=O)NCCCCCCNC(=O)OCCCCOC=C,,,,,1,,train
CCCCCCCCCCCCCCCCCC(=O)NCCCN(C)C,,,,,1,,valid
CN(C)C(=S)SSC(=S)N(C)C,,,,,1,,train
CCCCCCCCCCCCNCCCNCC(=O)O.CCCCCCCCCCCCNCCNCCN,,,,,1,,train
CCCc1ccc(-c2ccc(-c3ccc(CC)cc3)cc2F)cc1,,,,,1,,train
OCC1CC(n2nnc3c(O)ncnc32)C(O)C1O,,,,,1,,train
O=C1CCCCCN1C(=O)Nc1ccc(Cc2ccc(NC(=O)N3CCCCCC3=O)cc2)cc1,,,,,1,,test
CC(C)(C)c1ccc(O)c(O)c1,,,,,1,,train
Cc1cccc(Cc2ccccc2)c1Cc1ccccc1,,,,,1,,train
CC(C=O)=Cc1ccccc1,,,,,1,,train
CCCCCCCCC=CCCCCCCCCNCCCNCCCN,,,,,1,,train
CCCCC(CC)CNC(=O)CC(C)CC(C)(C)C,,,,,1,,valid
CCCCCCCCCCCCCCCCCCO,,,,,1,,train
CCOC1C2(CC)C=CCN3CCC4(c5ccc(OC)cc5N(C)C4C1(O)C(=O)OC)C32,,,,,1,,train
CCCCCCCCCCCCCCCCCCCCCCO,,,,,1,,train
CCCCCCCCCCCCO,,,,,1,,train
CCCCCCCCCCCCCCCCCCCCO,,,,,1,,test
C=C(C)C(=O)OCC(C)CCCCCCC,,,,,1,,train
CCCc1ccc(-c2ccc(-c3cc(F)c(C(F)(F)Oc4cc(F)c(F)c(F)c4)c(F)c3)c(F)c2)cc1,,,,,1,,train
CCCCCCCCC=CCCCCCCCCNCCCN,,,,,1,,train
CC(C)(C)OOC(C)(C)c1ccccc1,,,,,1,,train
CCC(Cc1ccc(C)cc1)(C(=O)c1ccc(N2CCOCC2)cc1)N(C)C,,,,,1,,valid
CCCCCCCCCCCCCC[N+](C)(C)C,,,,,1,,train
O=P(Oc1ccccc1)(Oc1ccccc1)Oc1cccc(OP(=O)(Oc2ccccc2)Oc2ccccc2)c1,,,,,1,,train
CCC1(c2ccccc2)C(=O)NC(=O)NC1=O,,,,,,0,train
c1ccc2c(c1)ccc1cc3c(ccc4ccccc43)cc12,,,,,,1,train
ClC(Cl)(Cl)Cl,,,,,,1,test
CCCCCCCCCCCCCCCC[N+](C)(C)C,,,,,,1,train
CC(O)CO,,,,,,0,train
Oc1c(Cl)cc(Cl)c(Cl)c1Cl,,,,,,1,train
CSCCC(N)C(=O)O,,,,,,1,train
O=C(O)CN(CCN(CC(=O)O)CC(=O)O)CC(=O)O,,,,,,0,valid
Nc1ccc(N=Nc2ccccc2)cc1,,,,,,1,train
Cc1cc(=O)n(-c2ccccc2)n1C,,,,,,0,train
Nc1ccccc1,,,,,,0,train
NC(N)=S,,,,,,0,train
C[N+](C)(C)CCO,,,,,,0,test
CC(C)O,,,,,,0,train
O=C(O)CS,,,,,,1,train
CN(C)C=O,,,,,,0,train
O=C(O)c1ccccc1O,,,,,,0,train
CCCCO,,,,,,0,valid
CCBr,,,,,,0,train
CC#N,,,,,,0,train
CCS,,,,,,1,train
NC=O,,,,,,0,train
CSC,,,,,,0,test
CC(C)Br,,,,,,0,train
ClC(Cl)Br,,,,,,1,train
CC(CO)(CO)CO,,,,,,0,train
CC1=CC(=O)CC(C)(C)C1,,,,,,0,train
CC(C)(C#N)N=NC(C)(C)C#N,,,,,,0,valid
C=CC(C)(O)CCC=C(C)C,,,,,,0,train
C=CC(=C)C,,,,,,0,train
CC(Cl)CCl,,,,,,0,train
CCC(C)=O,,,,,,0,train
ClC=C(Cl)Cl,,,,,,0,test
O=C(O)CCl,,,,,,1,train
O=C(O)CO,,,,,,0,train
C=C(C)C(N)=O,,,,,,0,train
CC(C)(c1cc(Br)c(O)c(Br)c1)c1cc(Br)c(O)c(Br)c1,,,,,,1,train
CC(C)(C1CCC(O)CC1)C1CCC(O)CC1,,,,,,0,valid
O=S(=O)(c1ccc(O)cc1)c1ccc(O)cc1,,,,,,0,train
CC(C)(OOC(C)(C)c1ccccc1)c1ccccc1,,,,,,0,train
NNS(=O)(=O)c1ccc(Oc2ccc(S(=O)(=O)NN)cc2)cc1,,,,,,1,train
C=C(C)C(=O)OC,,,,,,0,train
O=[N+]([O-])c1c(Cl)c(Cl)c(Cl)c(Cl)c1Cl,,,,,,1,test
c1cc2c3c(cccc3c1)CC2,,,,,,1,train
c1ccc(-c2ccccc2-c2ccccc2)cc1,,,,,,0,train
O=C(OC1CCCCC1)c1ccccc1C(=O)OC1CCCCC1,,,,,,0,train
O=C1c2ccccc2C(=O)c2ccccc21,,,,,,1,train
CC(C)COC(=O)c1ccccc1C(=O)OCC(C)C,,,,,,1,valid
CCCCOC(=O)c1ccccc1C(=O)OCCCC,,,,,,0,train
c1ccc2c(c1)ccc1ccccc12,,,,,,1,train
O=C1NC(=O)c2ccccc21,,,,,,0,train
O=C1OC(=O)c2ccccc21,,,,,,0,train
O=NN(c1ccccc1)c1ccccc1,,,,,,1,test
Cc1cccc(N)c1C,,,,,,0,train
Clc1cccc(Cl)c1Cl,,,,,,1,train
Cc1cccc(C)c1N,,,,,,0,train
Brc1c(Br)c(Br)c(Br)c(Br)c1Br,,,,,,1,train
Cc1c(Br)c(Br)c(Br)c(Br)c1Br,,,,,,1,valid
Oc1c(Cl)c(Cl)c(Cl)c(Cl)c1Cl,,,,,,1,train
CCC(CC)C(=O)O,,,,,,0,train
Cc1ccccc1S(N)(=O)=O,,,,,,0,train
Cc1ccc(N)c(S(=O)(=O)O)c1,,,,,,0,train
Cc1ccc(C(C)(C)C)c(O)c1,,,,,,1,test
CCC(C)c1cc([N+](=O)[O-])cc([N+](=O)[O-])c1O,,,,,,1,train
CCC(C)c1ccccc1O,,,,,,1,train
Cc1ccc(C(C)C)c(O)c1,,,,,,0,train
O=Cc1ccccc1O,,,,,,1,train
COc1ccccc1N,,,,,,0,valid
COc1ccccc1O,,,,,,0,train
Cc1cccc2ccccc12,,,,,,1,train
Clc1cccc2ccccc12,,,,,,1,train
N#Cc1ccccc1C#N,,,,,,0,train
c1ccc2ncccc2c1,,,,,,0,test
Cc1ccc2ccccc2c1,,,,,,1,train
Nc1ccc2ccccc2c1,,,,,,1,train
Nc1nc(N)nc(-c2ccccc2)n1,,,,,,0,train
Nc1ccc(-c2ccc(N)c(Cl)c2)cc1Cl,,,,,,1,train
c1ccc(-c2cccc(-c3ccccc3)c2)cc1,,,,,,1,valid
c1ccc(-c2ccccc2)cc1,,,,,,1,train
O=C(O)c1cc2ccccc2cc1O,,,,,,0,train
c1ccc2c(c1)Nc1ccccc1S2,,,,,,1,train
C=CCc1ccc(OC)c(OC)c1,,,,,,0,train
CC(=O)CC(=O)Nc1ccccc1C,,,,,,0,test
CCC(CC)C(=O)OCCOCCOCCOC(=O)C(CC)CC,,,,,,0,train
c1ccc2scnc2c1,,,,,,0,train
CC(C)(C)NSc1nc2ccccc2s1,,,,,,1,train
c1ccc2sc(SSN3CCOCC3)nc2c1,,,,,,1,train
c1ccc2sc(SNC3CCCCC3)nc2c1,,,,,,1,valid
Cc1ccccc1Cl,,,,,,0,train
Clc1ccccc1Cl,,,,,,0,train
Nc1ccccc1Cl,,,,,,0,train
Cc1ccccc1N,,,,,,0,train
Nc1ccccc1N,,,,,,1,test
Cc1ccc(N)cc1C,,,,,,0,train
Nc1ccc(Cl)c(Cl)c1,,,,,,1,train
Cc1ccc(N)cc1N,,,,,,1,train
Cc1ccc(Cl)c(N)c1,,,,,,1,train
Oc1cc(Cl)c(Cl)cc1Cl,,,,,,1,valid
c1ccc(C2CO2)cc1,,,,,,0,train
ClCC(Br)CBr,,,,,,0,train
OC(CCl)CCl,,,,,,0,train
C=CC(=O)OC,,,,,,0,train
O=[N+]([O-])c1ccc(Cl)c([N+](=O)[O-])c1,,,,,,1,test
Cc1ccccc1NC(=N)Nc1ccccc1C,,,,,,0,train
C=C(C)C(=O)OCCCC,,,,,,0,train
OCC1CCCO1,,,,,,0,train
O=[As](O)(O)c1ccccc1,,,,,,0,train
FC(F)(F)c1ccccc1,,,,,,0,valid
Cc1ccc(C(C)(C)C)cc1,,,,,,1,train
Cc1ccc(S(=O)(=O)Cl)cc1,,,,,,0,train
C=C(C)c1ccccc1,,,,,,1,train
ClC(Cl)c1ccccc1,,,,,,0,train
Cc1cccc(C(=O)O)c1,,,,,,0,test
Nc1cccc([N+](=O)[O-])c1,,,,,,0,train
O=[N+]([O-])c1cc([N+](=O)[O-])cc([N+](=O)[O-])c1,,,,,,1,train
O=[N+]([O-])c1ccc(Cl)c(Cl)c1,,,,,,1,train
CCC(C)c1ccc(O)cc1,,,,,,1,train
COC(=O)c1ccc(O)cc1,,,,,,0,valid
Cc1ccc(C(C)C)cc1,,,,,,1,train
CC(C)c1ccc(N)cc1,,,,,,1,train
Cc1ccc(C(=O)O)cc1,,,,,,0,train
O=C(O)c1ccc(O)cc1,,,,,,0,train
Cc1ccc([N+](=O)[O-])cc1,,,,,,0,test
O=[N+]([O-])c1ccc(CCl)cc1,,,,,,1,train
O=C(O)c1ccc(C(=O)O)cc1,,,,,,0,train
C=CC1CC=CCC1,,,,,,0,train
OCc1ccccc1,,,,,,0,train
CNc1ccccc1,,,,,,1,valid
ON=C1CCCCC1,,,,,,1,train
C=Cc1ccccn1,,,,,,0,train
CCN1CCOCC1,,,,,,0,train
C1N2CN3CN1CN(C2)C3,,,,,,0,train
Nc1ccc(Cc2ccc(N)c(Cl)c2)cc1Cl,,,,,,1,test
Nc1ccc(Cc2ccc(N)cc2)cc1,,,,,,1,train
C1CCC(NC2CCCCC2)CC1,,,,,,0,train
c1ccc(Oc2ccccc2)cc1,,,,,,1,train
N=C(Nc1ccccc1)Nc1ccccc1,,,,,,1,train
CC(=O)OCC(COC(C)=O)OC(C)=O,,,,,,0,valid
CCCCN(CCO)CCCC,,,,,,0,train
c1ccc(COCc2ccccc2)cc1,,,,,,1,train
CCNc1ccccc1,,,,,,0,train
CC(=O)Nc1ccc(O)cc1,,,,,,0,train
CCCCc1ccccc1,,,,,,1,test
COc1ccc(N)cc1,,,,,,0,train
C=C(C)C(=O)OCCN(CC)CC,,,,,,1,train
CCOC(=O)CC(=O)OCC,,,,,,0,train
O=C1CCCCCN1,,,,,,0,train
Cc1ccc(O)c(C)c1,,,,,,0,valid
Oc1ccc(Br)cc1,,,,,,0,train
Cc1ccc(C)cc1,,,,,,0,train
Cc1ccc(Cl)cc1,,,,,,0,train
Cc1ccc(O)cc1,,,,,,0,train
Oc1ccc(Cl)cc1,,,,,,0,test
Cc1ccc(N)cc1,,,,,,0,train
Nc1ccc(N)cc1,,,,,,1,train
C=C(C)C(=O)OCC1CO1,,,,,,0,train
ClCCCl,,,,,,0,train
C=CCO,,,,,,0,valid
OCCO,,,,,,0,train
CC(O)CC(C)(C)O,,,,,,0,train
C=COC(C)=O,,,,,,0,train
Cc1cccc(C)c1,,,,,,0,train
Nc1cccc(Cl)c1,,,,,,1,test
Nc1cccc(N)c1,,,,,,0,train
COCC(C)OC(C)=O,,,,,,0,train
Cc1cc(C)cc(N)c1,,,,,,0,train
Clc1cc(Cl)cc(Cl)c1,,,,,,1,train
Oc1nc(O)nc(O)n1,,,,,,0,valid
Cc1ccccc1,,,,,,0,train
NC1CCCCC1,,,,,,0,train
Oc1ccccc1,,,,,,0,train
Sc1ccccc1,,,,,,1,train
Cc1cccnc1,,,,,,1,test
CC(C)OCCO,,,,,,0,train
BrCCCBr,,,,,,0,train
COCCO,,,,,,0,train
CCNCC,,,,,,0,train
c1ccsc1,,,,,,0,valid
CC(=O)OCC(C)C,,,,,,0,train
CC=CC=CC(=O)O,,,,,,0,train
CCCCC=O,,,,,,0,train
OCCCCO,,,,,,0,train
CCOCCO,,,,,,0,test
C1=CCCCC1,,,,,,0,train
C1CNCCN1,,,,,,0,train
c1ccncc1,,,,,,1,train
C1COCCN1,,,,,,0,train
CCCCCCC(=O)O,,,,,,0,valid
CCOCCOC(C)=O,,,,,,0,train
O=C(O)CCSCCC(=O)O,,,,,,0,train
ClCCOCCCl,,,,,,0,train
CCCCCCCC,,,,,,0,train
CCCCCCCO,,,,,,0,test
CCCCOCCO,,,,,,0,train
CCCCCCCCCCCC(=O)OC,,,,,,1,train
CCCCCCCCCl,,,,,,1,train
CCCCCCCCS,,,,,,1,train
CCCCCCCCCCO,,,,,,1,valid
NCCNCCNCCNCCN,,,,,,1,train
CCCCCCCCCCCCCO,,,,,,1,train
OC(c1ccc(Cl)cc1)(c1ccc(Cl)cc1)C(Cl)(Cl)Cl,,,,,,0,train
CCC(N)(CO)CO,,,,,,0,train
O=P(Oc1ccccc1)(Oc1ccccc1)Oc1ccccc1,,,,,,0,test
O=P(OCCCl)(OCCCl)OCCCl,,,,,,0,train
Cc1c(Cl)cccc1Cl,,,,,,1,train
Oc1c(Br)cc(Br)cc1Br,,,,,,1,train
CCOP(=S)(OCC)Oc1ccc(=O)n(-c2ccccc2)n1,,,,,,0,train
O=C(c1ccccc1)c1ccccc1,,,,,,1,valid
Cc1cc(-c2ccc(N)c(C)c2)ccc1N,,,,,,1,train
COC(=O)c1ccc(C(=O)OC)cc1,,,,,,0,train
Oc1ccc(Cl)cc1Cl,,,,,,1,train
Cc1ccc([N+](=O)[O-])cc1S(=O)(=O)O,,,,,,0,train
CCN(CC)CC,,,,,,0,test
CCOC(=O)CC(SP(=S)(OC)OC)C(=O)OCC,,,,,,0,train
c1ccc(Nc2ccccc2)cc1,,,,,,1,train
CCCCCC(C=O)=Cc1ccccc1,,,,,,1,train
c1ccc(NNc2ccccc2)cc1,,,,,,1,train
COc1ccc(C=O)cc1,,,,,,0,valid
Nc1ccc(O)cc1,,,,,,1,train
Oc1ccc(O)cc1,,,,,,1,train
CNC=O,,,,,,0,train
CC(=O)CC(C)(C)O,,,,,,0,train
C1COCCO1,,,,,,0,test
O=C(O)CCCCC(=O)O,,,,,,0,train
NCCCCCCN,,,,,,0,train
CCCCCCCCCCCCCCCCCCN(C)C,,,,,,1,train
ClC(Br)Br,,,,,,0,train
O=S1(=O)CCCC1,,,,,,0,valid
O=P(OCC(Br)CBr)(OCC(Br)CBr)OCC(Br)CBr,,,,,,0,train
CCCCOP(=O)(OCCCC)OCCCC,,,,,,0,train
C=C(C)C#N,,,,,,1,train
ClC(Cl)=C(Cl)Cl,,,,,,0,train
ClC(COCC(Cl)C(Cl)(Cl)Cl)C(Cl)(Cl)Cl,,,,,,1,test
C=CCOC(=O)c1ccccc1C(=O)OCC=C,,,,,,0,train
COc1ccc(C(=O)c2ccccc2)c(O)c1,,,,,,1,train
Oc1ccccc1-c1ccccc1,,,,,,1,train
c1ccc2c(c1)sc1ccccc12,,,,,,1,train
CCN(CC)C(=O)c1cccc(C)c1,,,,,,0,valid
Oc1ccc2ccccc2c1,,,,,,1,train
C=C(C)C1CC=C(C)CC1,,,,,,0,train
O=C(O)CN(CC(=O)O)CC(=O)O,,,,,,1,train
C=CC(=O)OCC,,,,,,1,train
C=CC(=O)OCCCC,,,,,,1,test
NCCO,,,,,,1,train
CCCCCCCCCCCC(=O)O,,,,,,0,train
CCCCCCCCCO,,,,,,1,train
CCCCOCCOCCOCCO,,,,,,0,train
O=C(O)C(=O)O,,,,,,0,valid
Oc1cccc2cccnc12,,,,,,1,train
Sc1nc2ccccc2s1,,,,,,1,train
O=C(O)CCC(=O)O,,,,,,0,train
ClC=CCl,,,,,,0,train
c1ccc2c(c1)-c1ccc3ccc4cccc5cc-2c1c3c45,,,,,,1,test
c1ccc2c3c(ccc2c1)-c1cccc2cccc-3c12,,,,,,1,train
O=CC(=O)O,,,,,,0,train
CCCCCCCCCC(=O)O,,,,,,0,train
Fc1ccc(Br)cc1F,,,,,,0,train
O=[N+]([O-])c1ccc(F)c(Cl)c1,,,,,,1,valid
N#CNC(=N)N,,,,,,0,train
Nc1cccc2cccc(N)c12,,,,,,1,train
CN(c1c([N+](=O)[O-])cc([N+](=O)[O-])cc1[N+](=O)[O-])[N+](=O)[O-],,,,,,1,train
CCOC(=O)C(Cl)(Cl)Cl,,,,,,0,train
Clc1cccc(Cl)c1,,,,,,0,test
ClC=CCCl,,,,,,1,train
CC(C)CCOCCC(C)C,,,,,,0,train
COc1cccc([N+](=O)[O-])c1,,,,,,0,train
CN=C=S,,,,,,1,train
CC(C)=CCO,,,,,,0,valid
Cc1ccc2ccccc2c1C,,,,,,0,train
Cc1cc(C)c2ccccc2c1,,,,,,1,train
Cc1cccc(C)c1O,,,,,,0,train
Cc1ccc2cc(C)ccc2c1,,,,,,0,train
Cc1ccc2ccc(C)cc2c1,,,,,,1,test
Nc1cccc(O)c1,,,,,,0,train
CC(C)(c1ccccc1)c1ccc(O)cc1,,,,,,1,train
Cc1c([N+](=O)[O-])cccc1[N+](=O)[O-],,,,,,0,train
ClCc1ccccc1Cl,,,,,,1,train
Oc1ccc(Cc2ccc(O)cc2)cc1,,,,,,1,valid
Cc1ccc(Nc2ccc(C)cc2)cc1,,,,,,1,train
CSSC,,,,,,0,train
S=c1[nH]c(=S)[nH]c(=S)[nH]1,,,,,,0,train
Cc1ccc(S(=O)(=O)O)cc1,,,,,,0,train
C=C1CC(=O)O1,,,,,,0,test
CCCCCCCCCCCC[N+](C)(C)CC(=O)O,,,,,,1,train
C=C(C)C(=O)OCC(CC)CCCC,,,,,,1,train
C=CCC(C)C,,,,,,1,train
CC(C)(C)c1cc(C(C)(C)C)c(O)c(C(C)(C)C)c1,,,,,,1,train
C=CC(Cl)CCl,,,,,,0,valid
CCOCCC(=O)OCC,,,,,,0,train
Clc1ccccc1NNc1ccccc1Cl,,,,,,1,train
C=CC(=O)OCCO,,,,,,1,train
O=c1n(CCO)c(=O)n(CCO)c(=O)n1CCO,,,,,,0,train
COC(=O)c1ccc2cc(C(=O)OC)ccc2c1,,,,,,1,test
C=C(C)C(=O)OCCO,,,,,,0,train
c1ccc(SSc2ccccc2)cc1,,,,,,1,train
O=[N+]([O-])c1ccc2c3c(cccc13)-c1ccccc1-2,,,,,,1,train
CC(C)(c1ccc(OCCO)cc1)c1ccc(OCCO)cc1,,,,,,1,train
O=C1CCCCCCCCCCCN1,,,,,,0,valid
CCNc1nc(NCC)nc(SC)n1,,,,,,1,train
CCCCCCCCCCC,,,,,,1,train
Cc1ccccc1OP(=O)(Oc1ccccc1C)Oc1ccccc1C,,,,,,1,train
NCc1cccc(CN)c1,,,,,,0,train
CCCCCCCCCCCC[N+](C)(C)[O-],,,,,,1,test
CCC1CCCCC1,,,,,,1,train
CCCCCCCCc1ccc(O)cc1,,,,,,1,train
Cc1cc(C)c(O)c(C(C)(C)C)c1,,,,,,1,train
CCNc1nc(Cl)nc(NC(C)C)n1,,,,,,1,train
O=c1c2ccccc2ccc2ccccc12,,,,,,1,valid
CC1(C)CC(O)CC(C)(C)N1,,,,,,0,train
Cc1ccc(O)c(C(C)(C)C)c1,,,,,,1,train
C=CC(=O)OCCN(C)C,,,,,,1,train
CN(C)c1ccc(C(=N)c2ccc(N(C)C)cc2)cc1,,,,,,1,train
Nc1ccc(Oc2cccc(Oc3ccc(N)cc3)c2)cc1,,,,,,1,test
CC(c1ccccc1)c1ccc(O)c(C(C)c2ccccc2)c1,,,,,,0,train
CCCCC(CC)C(=O)OOC(C)(C)C,,,,,,1,train
CSCCC=O,,,,,,1,train
Oc1cc(Cl)ccc1Oc1ccc(Cl)cc1Cl,,,,,,1,train
CC(CCO)CC(C)(C)C,,,,,,0,valid
CCC(C)c1ccccc1OC(=O)NC,,,,,,0,train
Cc1ccc(S(=O)(=O)N=C=O)cc1,,,,,,0,train
CCc1cc(C(C)(C)C)c(O)c(C(C)(C)C)c1,,,,,,1,train
CC=CC=O,,,,,,1,train
N=C(N)S(=O)O,,,,,,0,test
C=C(C)c1ccc(O)cc1,,,,,,0,train
CC(CCO)CCO,,,,,,0,train
c1ccc2sc(SN(C3CCCCC3)C3CCCCC3)nc2c1,,,,,,1,train
CCC(C)c1cccc(C(C)CC)c1O,,,,,,1,train
O=[N+]([O-])c1ccc2ccc3cccc4ccc1c2c34,,,,,,1,valid
C=C(C)C(=O)O,,,,,,0,train
CCc1ccc(-c2ccccc2)cc1,,,,,,1,train
Cc1ccc(C)c(C(C)c2ccccc2)c1,,,,,,1,train
C=C(CC(C)(C)c1ccccc1)c1ccccc1,,,,,,1,train
CC(C)CC(C)(c1ccc(O)cc1)c1ccc(O)cc1,,,,,,0,test
C=CCC=CCC=CCC=CC,,,,,,1,train
CC1CC(CC2CCC(N)C(C)C2)CCC1N,,,,,,1,train
CC(C)(C)OCCO,,,,,,0,train
CC(C)(C)CC(C)(C)c1ccc(OCCO)cc1,,,,,,0,train
CCCCCCCCCc1ccc(OCCOCCOCCOCCOCCOCCOS(=O)(=O)O)cc1,,,,,,1,valid
c1cnc2c(c1)CCCC2,,,,,,0,train
CC1=C2C(=O)OC(=O)C2CCC1,,,,,,0,train
C=CC(=O)OCCCCCCOC(=O)C=C,,,,,,1,train
CCCCCc1ccc(O)cc1,,,,,,1,train
O=S(=O)(O)c1cc(Nc2nc(Nc3ccccc3)nc(N3CCOCC3)n2)ccc1C=Cc1ccc(Nc2nc(Nc3ccccc3)nc(N3CCOCC3)n2)cc1S(=O)(=O)O,,,,,,0,test
CC=C1CC2C=CC1C2,,,,,,1,train
Nc1c(N=Nc2ccc(S(=O)(=O)CCOS(=O)(=O)O)cc2)c(S(=O)(=O)O)cc2cc(S(=O)(=O)O)c(N=Nc3ccc(S(=O)(=O)CCOS(=O)(=O)O)cc3)c(O)c12,,,,,,0,train
O=C1c2ccccc2C(=O)N1SC1CCCCC1,,,,,,1,train
CCOP(=S)(OCC)Oc1cc(-c2ccccc2)on1,,,,,,1,train
CCCCC(CC)C(=O)O,,,,,,0,valid
CSc1nnc(C(C)(C)C)c(=O)n1N,,,,,,1,train
CC(=O)c1cc2ccccc2s1,,,,,,1,train
CCCCOCN(C(=O)CCl)c1c(CC)cccc1CC,,,,,,1,train
C#CC(C)(C)NC(=O)c1cc(Cl)cc(Cl)c1,,,,,,1,train
COc1ccc(O)c(C(C)(C)C)c1.COc1ccc(O)cc1C(C)(C)C,,,,,,1,test
CC(C)c1ccc(C(C)C)cc1.CC(C)c1cccc(C(C)C)c1.CC(C)c1ccccc1C(C)C,,,,,,1,train
CC(C)CCCCCCCO,,,,,,0,train
CCC(C)(C)c1cc(-n2nc3ccccc3n2)c(O)c(C(C)(C)CC)c1,,,,,,1,train
CC(C)OP(=O)(OC(C)C)SCc1ccccc1,,,,,,0,train
CC(c1ccc(O)cc1)(c1ccc(O)cc1)c1ccc(O)cc1,,,,,,1,valid
CSc1nc(NC2CC2)nc(NC(C)(C)C)n1,,,,,,1,train
CCN(CC)C(=O)SCc1ccc(Cl)cc1,,,,,,1,train
CC(C)c1ccc2ccccc2c1.CC(C)c1cccc2ccccc12,,,,,,1,train
CSc1nc(N)nc(NC(C)(C)C)n1,,,,,,1,train
BrC(Br)c1ccccc1OCC1CO1.Cc1ccc(OCC2CO2)c(Br)c1Br,,,,,,1,test
O=C(c1ccc(O)cc1)c1ccc(O)c(O)c1O,,,,,,1,train
CC(C)c1ccc2cccc(C(C)C)c2c1,,,,,,1,train
C=CCCCC=C(C)C,,,,,,1,train
CC(C)OC(=O)C(C(=O)OC(C)C)=C1SCCS1,,,,,,0,train
CCCOCCN(C(=O)CCl)c1c(CC)cccc1CC,,,,,,1,valid
CC1(C)CC(OC(=O)CCCCCCCCC(=O)OC2CC(C)(C)NC(C)(C)C2)CC(C)(C)N1,,,,,,1,train
COC(C)(C)CCO,,,,,,0,train
NCc1cc(C(F)(F)F)cc(C(F)(F)F)c1,,,,,,1,train
CCN(C(=O)SCc1ccccc1)C(C)C(C)C,,,,,,1,train
CCCCCCCCCCCCCCCC(=O)O,,,,,,1,test
CCCCC(CC)COP(=O)(OCC(CC)CCCC)OCC(CC)CCCC,,,,,,0,train
CCCCCCCCOC(=O)c1ccc(C(=O)OCCCCCCCC)c(C(=O)OCCCCCCCC)c1,,,,,,0,train
CCCCCCCCC=CCCCCCCCC(=O)N(CCO)CCO,,,,,,0,train
CCCCC(CC)COC(=O)CCCCC(=O)OCC(CC)CCCC,,,,,,0,train
CCCCC(CC)COC(=O)CCCCCCCC(=O)OCC(CC)CCCC,,,,,,1,valid
CCCCCCCCC=CCCCCCCCC(=O)O,,,,,,0,train
CCCCCCCCCCCCCCCCCCCCCC(=O)O,,,,,,0,train
CCCCC(CC)COC(=O)c1ccccc1C(=O)OCC(CC)CCCC,,,,,,0,train
CCCCCCCCOC(=O)c1ccccc1C(=O)OCCCCCCCC,,,,,,0,train
CCCCCCCCCCCCCOC(=O)c1ccccc1C(=O)OCCCCCCCCCCCCC,,,,,,0,test
Cc1cc(Cc2cc(C)cc(C(C)(C)C)c2O)c(O)c(C(C)(C)C)c1,,,,,,1,train
c1cc2ccc3cccc4ccc(c1)c2c34,,,,,,0,train
CCOP(=S)(S)OCC,,,,,,0,train
C=CC(C)(O)CCCC(C)CCCC(C)CCCC(C)C,,,,,,0,train
CCCCCCCCCCCCCC(=O)O,,,,,,0,valid
CCCCC(CC)COC(=O)CC(C(=O)OCC(CC)CCCC)S(=O)(=O)O,,,,,,0,train
CCCCCCCCCCCCCCCCCC(=O)O,,,,,,0,train
Brc1c(Br)c(Br)c(Oc2c(Br)c(Br)c(Br)c(Br)c2Br)c(Br)c1Br,,,,,,1,train
CCCCCCCCCCCCCCCCCC(=O)OCC(O)C1OCC(O)C1O,,,,,,0,train
CCCCC(CC)COC(=O)c1ccc(C(=O)OCC(CC)CCCC)c(C(=O)OCC(CC)CCCC)c1,,,,,,0,test
CCCCCCCOC(=O)c1ccccc1C(=O)OCCCCCCC,,,,,,0,train
CCCCCCCCCCCCCCC(C(=O)OC)S(=O)(=O)O,,,,,,0,train
Cc1ccc([N+](=O)[O-])cc1N=Nc1c(O)c(C(=O)Nc2ccccc2)cc2ccccc12,,,,,,1,train
CCCCC(CC)C(=O)OCC(COC(=O)C(CC)CCCC)(COC(=O)C(CC)CCCC)COC(=O)C(CC)CCCC,,,,,,1,train
ClC1=C(Cl)C2(Cl)C3CCC4C(CCC3C1(Cl)C2(Cl)Cl)C1(Cl)C(Cl)=C(Cl)C4(Cl)C1(Cl)Cl,,,,,,1,valid
CC(c1ccccc1)c1cc(C(C)c2ccccc2)c(O)c(C(C)c2ccccc2)c1,,,,,,0,train
CCCCCCCCCCC=CC1CC(=O)OC1=O,,,,,,1,train
CC(C)c1ccc(OP(=O)(Oc2ccc(C(C)C)cc2)Oc2ccc(C(C)C)cc2)cc1.CC(C)c1cccc(OP(=O)(Oc2cccc(C(C)C)c2)Oc2cccc(C(C)C)c2)c1.CC(C)c1ccccc1OP(=O)(Oc1ccccc1C(C)C)Oc1ccccc1C(C)C,,,,,,0,train
CCCCCCCCCCCCc1ccc(S(=O)(=O)O)cc1,,,,,,0,train
O=S(=O)(O)c1ccccc1C=Cc1ccc(-c2ccc(C=Cc3ccccc3S(=O)(=O)O)cc2)cc1,,,,,,0,test
ClC(Cl)=C(Cl)c1c(Cl)c(Cl)c(Cl)c(Cl)c1Cl,,,,,,0,train
CCCCCCCCCCCCSCCC(=O)OCC(COC(=O)CCSCCCCCCCCCCCC)(COC(=O)CCSCCCCCCCCCCCC)COC(=O)CCSCCCCCCCCCCCC,,,,,,1,train
Brc1cc(Br)c(Oc2c(Br)c(Br)c(Br)c(Br)c2Br)cc1Br,,,,,,1,train
O=[N+]([O-])OCC(CO[N+](=O)[O-])O[N+](=O)[O-],,,,,,1,train
ClC1C(Cl)C(Cl)C(Cl)C(Cl)C1Cl,,,,,,0,valid
CN(C)C1C(=O)C(C(N)=O)=C(O)C2(O)C(=O)C3=C(O)c4c(O)cccc4C(C)(O)C3CC12,,,,,,1,train
CCOC(=O)c1ccccc1C(=O)OCC,,,,,,0,train
CCCCCCOC(=O)c1ccccc1C(=O)OCCCCCC,,,,,,1,train
CCCCOC(=O)c1ccccc1C(=O)OCc1ccccc1,,,,,,1,train
c1ccc2c(c1)Cc1ccccc1-2,,,,,,0,test
c1ccc2ccccc2c1,,,,,,0,train
Cc1c([N+](=O)[O-])cc([N+](=O)[O-])cc1[N+](=O)[O-],,,,,,0,train
c1ccc2cc3ccccc3cc2c1,,,,,,1,train
O=[N+]([O-])N1CN([N+](=O)[O-])CN([N+](=O)[O-])C1,,,,,,0,train
COC(=O)c1ccccc1C(=O)OC,,,,,,0,valid
c1ccc2c(c1)-c1cccc3cccc-2c13,,,,,,1,train
NC(=O)N1c2ccccc2C=Cc2ccccc21,,,,,,1,train
CC(C)NCC(O)COc1cccc2ccccc12,,,,,,1,train
O=C(O)C(F)(F)C(F)(F)C(F)(F)C(F)(F)C(F)(F)C(F)(F)C(F)(F)F,,,,,,1,train
O=S(=O)(O)C(F)(F)C(F)(F)C(F)(F)C(F)(F)F,,,,,,0,test
Cc1cc(NS(=O)(=O)c2ccc(N)cc2)no1,,,,,,1,train
COc1cc(Cc2cnc(N)nc2N)cc(OC)c1OC,,,,,,0,train
O=S(=O)(O)C(F)(F)C(F)(F)C(F)(F)C(F)(F)C(F)(F)C(F)(F)C(F)(F)C(F)(F)F,,,,,,0,train
O=C(O)C(F)(F)F,,,,,,0,train
Brc1ccc(Oc2ccc(Br)cc2Br)c(Br)c1,,,,,,1,valid
CCCCCCCCCc1ccc(OCCOCCO)cc1,,,,,,0,train
O=C(O)Cc1ccccc1Nc1c(Cl)cccc1Cl,,,,,,1,train
CC(C)Cc1ccc(C(C)C(=O)O)cc1,,,,,,0,train
CNCC(N)C(=O)O,,,,,,0,train
Cc1ccc(C)c(OCCCC(C)(C)C(=O)O)c1,,,,,,0,test
CC1(C)SC2C(NC(=O)C(N)c3ccc(O)cc3)C(=O)N2C1C(=O)O,,,,,,0,train
O=C(O)CC(F)(F)C(F)(F)C(F)(F)C(F)(F)C(F)(F)C(F)(F)C(F)(F)C(F)(F)F,,,,,,0,train
CC(C)NCC(O)COc1ccc(CC(N)=O)cc1,,,,,,0,train
NS(=O)(=O)C(F)(F)C(F)(F)C(F)(F)C(F)(F)F,,,,,,1,train
CC(C)(C)C(=O)C(Oc1ccc(Cl)cc1)n1cncn1,,,,,,0,valid
CC(C)OC(=O)C(C)(C)Oc1ccc(C(=O)c2ccc(Cl)cc2)cc1,,,,,,0,train
O=C(O)CC(F)(F)C(F)(F)C(F)(F)C(F)(F)C(F)(F)C(F)(F)F,,,,,,0,train
O=C(O)CC(F)(F)C(F)(F)C(F)(F)C(F)(F)C(F)(F)C(F)(F)C(F)(F)C(F)(F)C(F)(F)C(F)(F)F,,,,,,1,train
CC(C)(C)C(O)C(Oc1ccc(Cl)cc1)n1cncn1,,,,,,0,train
CCCC1COC(Cn2cncn2)(c2ccc(Cl)cc2Cl)O1,,,,,,1,test
Brc1ccc(Oc2cc(Br)c(Br)cc2Br)c(Br)c1,,,,,,1,train
O=C(O)C(F)(OC(F)(F)C(F)(F)C(F)(F)F)C(F)(F)F,,,,,,1,train
CC(=O)C1=CCCC2CCC1N2,,,,,,1,train
O=C(O)C=C(F)C(F)(F)C(F)(F)C(F)(F)C(F)(F)C(F)(F)C(F)(F)C(F)(F)F,,,,,,0,train
O=C(O)C=C(F)C(F)(F)C(F)(F)C(F)(F)C(F)(F)C(F)(F)F,,,,,,1,valid
O=C(O)C=C(F)C(F)(F)C(F)(F)C(F)(F)C(F)(F)C(F)(F)C(F)(F)C(F)(F)C(F)(F)C(F)(F)F,,,,,,0,train
O=S(=O)(O)C(F)(F)C(F)(F)OC(F)(F)C(F)(F)C(F)(F)C(F)(F)C(F)(F)C(F)(F)Cl,,,,,,0,train
C=C1C(=O)NC(C)C(=O)NC(CC(C)C)C(=O)NC(C(=O)O)C(C)C(=O)NC(CCCN=C(N)N)C(=O)NC(C=CC(C)=CC(C)C(O)Cc2ccccc2)C(C)C(=O)N(C)C(C(=O)O)CCC(=O)N1C,,,,,,1,train
CCCCC(O)(Cn1cncn1)c1ccc(Cl)cc1Cl,,,,,,1,train
CCC1OC(=O)C(C)C(OC2CC(C)(OC)C(O)C(C)O2)C(C)C(OC2OC(C)CC(N(C)C)C2O)C(C)(OC)CC(C)C(=O)C(C)C(O)C1(C)O,,,,,,1,test
C=C1C(O)C2OC3(CCC(C=CC(C)C4CC(C)=CC5(OC(CC(C)(O)C(=O)O)CCC5O)O4)O3)CCC2OC1C(O)CC(C)C1OC2(CCC1C)OCCCC2C,,,,,,1,train
O=C(O)c1cn(C2CC2)c2cc(N3CCNCC3)c(F)cc2c1=O,,,,,,0,train
OC(Cn1cncn1)(Cn1cncn1)c1ccc(F)cc1F,,,,,,0,train
O=C(NC(=O)c1c(F)cccc1F)Nc1cc(Cl)c(OC(F)(F)C(F)F)c(Cl)c1,,,,,,0,train
C=C1C(=O)NC(C)C(=O)NC(CC(C)C)C(=O)NC(C(=O)O)C(C)C(=O)NC(CCCN=C(N)N)C(=O)NC(C=CC(C)=CC(C)C(Cc2ccccc2)OC)C(C)C(=O)NC(C(=O)O)CCC(=O)N1C,,,,,,1,valid
O=C(NC(=O)c1c(F)cccc1F)Nc1cc(Cl)c(OC(F)(F)C(F)C(F)(F)F)cc1Cl,,,,,,1,train
CC(C)(C)C(O)(CCc1ccc(Cl)cc1)Cn1cncn1,,,,,,1,train
C=C1C(=O)NC(C)C(=O)NC(CCCN=C(N)N)C(=O)NC(C(=O)O)C(C)C(=O)NC(CCCN=C(N)N)C(=O)NC(C=CC(C)=CC(C)C(Cc2ccccc2)OC)C(C)C(=O)NC(C(=O)O)CCC(=O)N1C,,,,,,0,train
CC=C1C(=O)NC(C(=O)O)C(C)C(=O)NC(CCCN=C(N)N)C(=O)NC(C=CC(C)=CC(C)C(Cc2ccccc2)OC)C(C)C(=O)NC(C(=O)O)CCC(=O)N1C,,,,,,1,train
COC=C(C(=O)OC)c1ccccc1Oc1cc(Oc2ccccc2C#N)ncn1,,,,,,1,test
O=[N+]([O-])N1C2C3N([N+](=O)[O-])C1C1N([N+](=O)[O-])C(C(N1[N+](=O)[O-])N3[N+](=O)[O-])N2[N+](=O)[O-],,,,,,0,train
CC(=NC#N)N(C)Cc1ccc(Cl)nc1,,,,,,0,train
O=[N+]([O-])N=C1NCCN1Cc1ccc(Cl)nc1,,,,,,0,train
CC1C(OS(=O)(=O)O)CC2CC(C(O)c3cc(=O)[nH]c(=O)[nH]3)NC3=NCC1N32,,,,,,1,train
CCCCCCCCCCCCN(CCCN)CCCN,,,,,,1,valid
Cc1cccc(Cl)c1C,,,,,,1,train
CC(=O)OC(C)(C)C1CC=C(C)CC1,,,,,,0,train
COC12CC(CO)CN(C)C1Cc1cn(C)c3cccc2c13,,,,,,0,train
CC(C)=CCC(C)C1CC1(C)CO,,,,,,0,train
CN1CCC(c2c(O)cc(O)c3c(=O)cc(-c4ccccc4)oc23)C1CO,,,,,,0,test
COc1cc(N=Nc2c(Cl)cc([N+](=O)[O-])cc2[N+](=O)[O-])c(NC(C)=O)cc1NCCC(=O)OCC(=O)OCc1ccccc1,,,,,,0,train
NC(CC(=O)O)C(=O)O,,,,,,0,train
C=C(C)C(=O)OCCCCOC(=O)C(=C)C,,,,,,0,train
Cc1ccc(-n2cccn2)c(C(=O)N2C3CCC2C(COc2ccccn2)C3)n1,,,,,,0,train
Cc1cc2c(cc1S(=O)(=O)Nc1ccc(CC(=O)O)cc1)C(C)(C)CCC2(C)C,,,,,,0,valid
CC(C)S,,,,,,0,train
C=CCOCC(CC)(CO)CO,,,,,,0,train
C=C(C)C(=O)OCCOC(=O)c1c(CC(O)CCl)cccc1C(=O)O,,,,,,0,train
COS(=O)(=O)O.C[n+]1ccc(C=Cc2ccc(C=O)cc2)cc1,,,,,,0,train
COc1ccc2cccnc2c1C(=O)N1C2CCC1C(COc1ccccn1)C2,,,,,,1,test
CCCCCCCCCCCCOCCO,,,,,,1,train
O=S(=O)(O)c1ccc(Nc2nc(Cl)nc(Cl)n2)cc1,,,,,,0,train
NC(=O)CN(CC(=O)O)CC(=O)O,,,,,,0,train
CC1=NNC(=O)N(N=Cc2cccnc2)C1,,,,,,0,train
O=C(O)C(O)S(=O)(=O)O,,,,,,0,valid
CC(C)COP(=S)(OCC(C)C)SCC(C)C(=O)O,,,,,,0,train
Nc1ccc(CCNCC(O)c2ccccc2)cc1,,,,,,0,train
O=C1CSc2ccccc2NC(=O)c2ccccc2OCc2ccccc2COc2ccccc2C(=O)Nc2ccccc2SCC(=O)Nc2ccccc2N1,,,,,,1,train
CN(CCO)S(=O)(=O)C(F)(F)C(F)(F)C(F)(F)C(F)(F)F,,,,,,0,train
CC(=O)NC(CCCNC(=N)N)C(=O)NC1CCC(=O)NCCCC(C(=O)O)NC(=O)C(Cc2c[nH]c3ccccc23)NC(=O)C(CCCNC(=N)N)NC(=O)C(Cc2ccccc2)NC(=O)C(Cc2c[nH]cn2)NC1=O,,,,,,1,test
N#Cc1ncc(NC(=O)C2(N)CCC2)cc1C(F)(F)F,,,,,,1,train
O=c1c2ccccc2c2ccc3sc4ccccc4c4ccc1c2c34,,,,,,1,train
O=C1COC(=O)CO1,,,,,,0,train
CSCCC(O)C#N,,,,,,1,train
COc1ccc(C(=O)Nc2ccc(Cl)cc2C(=O)Nc2ccncc2)cc1,,,,,,1,valid
C=CCOC(=O)COC1CCCCC1,,,,,,0,train
C1CCC(NC2CCCCC2)CC1.CCCCCCCCC=CCCCCCCCC(=O)O,,,,,,1,train
CC(=O)NC(CCCNC(=N)N)C(=O)NC1CC(=O)NCCCCC(C(N)=O)NC(=O)C(Cc2c[nH]c3ccccc23)NC(=O)C(CCCNC(=N)N)NC(=O)C(Cc2ccccc2)NC(=O)C(Cc2ccc(C(N)=O)cc2)NC1=O,,,,,,1,train
O=c1[nH]c2cc(Cl)ccc2n1C1CCNCC1,,,,,,0,train
O=CC1CCC(C=O)CC1.O=CC1CCCC(C=O)C1,,,,,,0,test
C[N+](=O)[O-],,,,,,0,train
O=C1CCCCCCCCCCOCCCCO1,,,,,,1,train
CCCCC(CC)COCCO,,,,,,0,train
Fc1ccc(Oc2ccnc3cc(Cl)cc(Cl)c23)cc1,,,,,,1,train
Cc1nc2c(O)cccn2c(=O)c1CCO,,,,,,0,valid
O=C1CCC(=O)C2C3CCC(C3=C(Cl)Cl)C12,,,,,,1,train
CCCCC(=O)O,,,,,,0,train
CC(=O)C(C)=CC1C(C)=CCCC1(C)C,,,,,,0,train
O=C1c2ccccc2C2=Nc3cccc4cccc(c34)N12,,,,,,1,train
Cc1cccc(CC(C)(C)CO)c1,,,,,,0,test
CCCCC(C#N)c1ccccc1,,,,,,1,train
CC(C)CCCCCCN(CCCCCCC(C)C)CCCCCCC(C)C,,,,,,1,train
C[n+]1ccc(-c2cc[n+](C)cc2)cc1,,,,,,1,train
O=Cc1c(O)ccc2cc(-c3ccc(Cl)nc3)ccc12,,,,,,0,train
NC(C(=O)N1CCCC1)C(O)c1ccncc1,,,,,,1,valid
CC(=O)c1cccnc1,,,,,,0,train
CCN(CC)CCCC(C)Nc1ccnc2cc(Cl)ccc12,,,,,,1,train
c1cc(N(CC2CO2)CC2CO2)ccc1OCC1CO1,,,,,,0,train
COc1ncc(N2CCOc3ccc(OC4CCN(C(=O)c5cn[nH]c5)C4)cc32)cc1C#N,,,,,,1,train
CC1(C)CC(N=C=O)CC(C)(CN=C=O)C1.CO[Si](CCCS)(OC)OC,,,,,,0,test
COc1ccc(CC(C)N)cc1S(N)(=O)=O,,,,,,0,train
Cc1[nH]n(C)c(=O)c1C(=O)c1ccc(C(F)(F)F)cc1S(C)(=O)=O,,,,,,0,train
O=Cc1cn[nH]c1-c1ccccc1,,,,,,0,train
CCC(=O)OC1CC2CCC1(C)C2(C)C,,,,,,0,train
CN(C(=O)c1ccc2c(c1)C(C)(C)CCC2(C)C)c1ccc(CC(=O)O)cc1,,,,,,1,valid
O=C(O)c1ccc([N+](=O)[O-])cc1.OCCN(CCO)CCO,,,,,,0,train
CCO[Si](CCCNC(=O)OCCN(CC)c1ccc(N=O)cc1)(OCC)OCC,,,,,,1,train
CCCCCCCCC=CCCCCCCCC(=O)OCC(O)COCC(O)CO,,,,,,1,train
O=S(=O)(O)CCN1CCN(CCS(=O)(=O)O)CC1,,,,,,0,train
COc1ncc(N2CCOc3ccc(OC4CCN(C(=O)c5nnc(C)o5)C4)cc32)cc1C#N,,,,,,1,test
CCCCN(CCO)CCO,,,,,,0,train
CN(C)Cc1cc(CN(C)C)c(O)c(CN(C)C)c1,,,,,,0,train
Cc1ccc(-c2ncccc2C)c(C(=O)N2C3CCC2C(COc2ccc(F)cn2)C3)n1,,,,,,1,train
Cc1ccc(S(=O)(=O)n2cc(-c3ncc(F)c(NC4C5CCC(CC5)C4C(=O)O)n3)c3cc(F)cnc32)cc1,,,,,,1,train
CCCC1CCC(C2CCC(C(=O)O)CC2)CC1,,,,,,1,valid
O=c1[nH]nc([N+](=O)[O-])[nH]1,,,,,,0,train
CCCCCCCCCCCCc1ccccc1S(=O)(=O)O,,,,,,0,train
N#Cc1ccc(N=C(N)N)cc1,,,,,,0,train
CC(=O)C(N=Nc1ccc(-c2ccc(N=NC(C(C)=O)C(=O)Nc3ccccc3C)c(Cl)c2)cc1Cl)C(=O)Nc1ccccc1C,,,,,,0,train
CCCCCCCCCCCC(=O)OC(C)C(=O)OC(C)C(=O)O,,,,,,0,test
O=C=NCCCCCCN=C=O,,,,,,0,train
Fc1ccc2c(c1)CCC(C1CO1)O2,,,,,,0,train
CN(C)c1ccc(Nc2nc(NCC3CCCO3)c3ccccc3n2)cc1,,,,,,0,train
CC(C)OP(=S)(S)OC(C)C,,,,,,0,train
O=[N+]([O-])c1cc(O)ccc1NCCCO,,,,,,0,valid
OC(c1ccccc1)c1nc2ccccc2[nH]1,,,,,,0,train
COC(=O)C=C(C)N,,,,,,0,train
O=C(O)Cc1ccccc1,,,,,,0,train
CCCCCCCCCCC(CO)CCCCCCCC,,,,,,1,train
CC1(C)C(=O)N(CO)C(=O)N1CO,,,,,,0,test
O=S1(=O)OCCO1,,,,,,0,train
OCCS,,,,,,0,train
CN(CCS(=O)(=O)O)c1nc(Nc2ccc(N)c(S(=O)(=O)O)c2)nc(Nc2ccc3c(c2S(=O)(=O)O)Oc2c(Cl)c4c(c(Cl)c2=N3)Oc2c(ccc(N)c2S(=O)(=O)O)N=4)n1.CN(CCS(=O)(=O)O)c1nc(Nc2ccc(N)c(S(=O)(=O)O)c2)nc(Nc2ccc3c(c2S(=O)(=O)O)Oc2c(Cl)c4c(c(Cl)c2=N3)Oc2c(ccc(Nc3nc(Nc5ccc6c(c5S(=O)(=O)O)Oc5c(Cl)c7c(c(Cl)c5=N6)Oc5c(ccc(N)c5S(=O)(=O)O)N=7)nc(N(C)CCS(=O)(=O)O)n3)c2S(=O)(=O)O)N=4)n1.CN(CCS(=O)(=O)O)c1nc(Nc2ccc(Nc3nc(Nc4ccc5c(c4S(=O)(=O)O)Oc4c(Cl)c6c(c(Cl)c4=N5)Oc4c(ccc(N)c4S(=O)(=O)O)N=6)nc(N(C)CCS(=O)(=O)O)n3)c(S(=O)(=O)O)c2)nc(Nc2ccc3c(c2S(=O)(=O)O)Oc2c(Cl)c4c(c(Cl)c2=N3)Oc2c(ccc(N)c2S(=O)(=O)O)N=4)n1.CN(CCS(=O)(=O)O)c1nc(Nc2ccc3c(c2S(=O)(=O)O)Oc2c(Cl)c4c(c(Cl)c2=N3)Oc2c(ccc(N)c2S(=O)(=O)O)N=4)nc(Nc2ccc3c(c2S(=O)(=O)O)Oc2c(Cl)c4c(c(Cl)c2=N3)Oc2c(ccc(N)c2S(=O)(=O)O)N=4)n1.Nc1ccc(Nc2nc(Nc3ccc(N)c(S(=O)(=O)O)c3)nc(Nc3ccc4c(c3S(=O)(=O)O)Oc3c(Cl)c5c(c(Cl)c3=N4)Oc3c(ccc(N)c3S(=O)(=O)O)N=5)n2)cc1S(=O)(=O)O,,,,,,1,train
Cc1ccc(-c2ncccc2C)c(C(=O)N2C3CCC2C(COc2ncc(F)cn2)C3)n1,,,,,,1,train
COc1c(O)c(C=O)cc2ccccc12,,,,,,1,valid
CC=CC(C)(O)CCC=C(C)C,,,,,,0,train
Cc1cccc2n[nH]nc12,,,,,,0,train
O=C1CCC(C(=O)O)N1,,,,,,0,train
CC(C)OCC1CO1,,,,,,0,train
CCCCCCC(CCCC)C(=O)O,,,,,,0,test
CCCOC(=O)c1ccc(O)cc1,,,,,,0,train
Cc1cccc(O)c1C,,,,,,0,train
Fc1c(Cl)ncnc1Cl,,,,,,1,train
O=C(O)c1cc(S(=O)(=O)O)ccc1Nc1nc(Cl)nc(Nc2cc(S(=O)(=O)O)cc3cc(S(=O)(=O)O)c(N=Nc4ccc5ccccc5c4S(=O)(=O)O)c(O)c23)n1,,,,,,0,train
Cn1[nH]c(=O)c(=O)nc1SCC1=C(C(=O)O)N2C(=O)C(N)C2SC1,,,,,,0,valid
O=C(OCC1CO1)c1ccc(C(=O)OCC2CO2)cc1,,,,,,1,train
NCCCCCC(=O)O,,,,,,0,train
N#Cc1ccc(Nc2nccc(Cl)n2)cc1,,,,,,1,train
NC(=O)c1cc(-c2ccc(Br)cc2)c2ccccc2n1,,,,,,0,train
C=CCOC(=O)CCCCC,,,,,,1,test
CCCCCCCCCCCC1=NCCN1CCO,,,,,,1,train
CC1CC(C)(C)CC1=CCCCCC=O,,,,,,1,train
CC(=O)OCC(CCn1cnc2c(Cl)nc(N)nc21)COC(C)=O,,,,,,0,train
CCCCC(CC)(CO)CO,,,,,,0,train
C#CC1(O)CCC2C3CC=C4C=C(OCC)CCC4C3CCC21C,,,,,,1,valid
CC(C)(C)OC(=O)NC(C(=O)O)C12CC3CC(CC(O)(C3)C1)C2,,,,,,0,train
CC(=O)OCC1OC(c2ccc(C)c(Cc3ccc(-c4ccc(F)cc4)s3)c2)C(OC(C)=O)C(OC(C)=O)C1OC(C)=O,,,,,,0,train
CCOC(=O)CC,,,,,,0,train
CC12CCC(CC1=O)C2(C)C,,,,,,1,train
CC(C)(N=NC(C)(C)C(=N)N)C(=N)N,,,,,,1,test
CC(=O)CSc1ccc(Cl)cc1,,,,,,1,train
COCC1(COC)c2ccccc2-c2ccccc21,,,,,,0,train
C=C(C)C(=O)OCC1CCCO1,,,,,,0,train
O=C(O)c1cc(Br)nn1-c1ncccc1Cl,,,,,,0,train
C=CC(=O)OCCC[Si](OC)(OC)OC,,,,,,0,valid
N#Cc1ccc(Oc2cccc(NC(=O)Nc3ccc(Cl)c(C(F)(F)F)c3)c2)cc1,,,,,,0,train
NCCO.NCCO.NCCO.O=C(O)CN(CC(=O)O)CC(=O)O,,,,,,0,train
CCOc1ccc2c3c(nccc13)-c1ccc3nc4c5cccnc5c5ncccc5c4nc3c1N2,,,,,,0,train
Cc1cc(O)ccc1N,,,,,,1,train
CC(=O)NC(CCCNC(=N)N)C(=O)NC1CCCNC(=O)CCC(C(=O)O)NC(=O)C(Cc2c[nH]c3ccccc23)NC(=O)C(CCCNC(=N)N)NC(=O)C(Cc2ccccc2)NC(=O)C(Cc2c[nH]cn2)NC1=O,,,,,,0,test
N#CC1(N)CC1,,,,,,0,train
C=C(C)C1CC=C(C)C(=O)C1,,,,,,0,train
O=S(=O)(O)c1cc(Nc2nc(Cl)nc(Nc3ccc(Nc4nc(Cl)nc(Nc5cc(S(=O)(=O)O)cc6cc(S(=O)(=O)O)c(N=Nc7ccccc7S(=O)(=O)O)c(O)c56)n4)cc3)n2)c2c(O)c(N=Nc3ccccc3S(=O)(=O)O)c(S(=O)(=O)O)cc2c1,,,,,,0,train
O=Cc1cc(Cl)cc(Br)c1O,,,,,,1,train
Cc1cc(Cc2ccc3c(-c4cnn(C)c4)cc(C(N)=O)nc3c2F)cc(C)n1,,,,,,0,valid
COc1c(C)c2c(c(O)c1CC=C(C)CCC(=O)O)C(=O)OC2,,,,,,1,train
CCCNC1CCc2c(cccc2OC)C1,,,,,,1,train
NCCCCCCCCCCC(=O)O,,,,,,0,train
C=Cc1ccc(C)cc1,,,,,,0,train
Cc1cc(C)nc(N2CC3CN(C(=O)c4ncoc4-c4ccccc4)CC3C2)n1,,,,,,1,test
CC(C)CC(C)CC(O)CC(C)C,,,,,,1,train
CC(C)(C1CCC(OCC2CO2)CC1)C1CCC(OCC2CO2)CC1,,,,,,0,train
NCC(=O)NCC(=O)O,,,,,,0,train
COc1ccc(CCC(C)=O)cc1,,,,,,0,train
CCc1cc(Cc2cc(CC)c(N)c(CC)c2Cl)c(Cl)c(CC)c1N,,,,,,1,valid
CN(N=Cc1cc[n+](C)cc1)c1ccccc1.COS(=O)(=O)O,,,,,,1,train
CCCCCCS(=O)(=O)c1ccc(Nc2ccc3c4c2C(=O)c2ccccc2-c4c(C(=O)c2cccc(S(=O)(=O)O)c2)c(=O)n3C)c(S(=O)(=O)O)c1,,,,,,0,train
CCCCCCCCCCCCCCC[N+](C)(C)[O-],,,,,,1,train
O=C(O)c1ccc(NC(=O)c2ccc(Cl)cc2)cc1,,,,,,1,train
CCCCCCC=CC(=O)OC,,,,,,1,test
O=c1[nH]c(=O)[nH]c(=O)[nH]1,,,,,,0,train
C=CCCCCCCCCO,,,,,,1,train
CC(Nc1nccc(N2C(=O)N(C)CC2C(C)C)n1)c1cn(-c2ccc(Cl)c(Cl)c2)cn1,,,,,,0,train
CC(C)(c1ccccc1)c1cc(-n2nc3ccccc3n2)c(O)c(C(C)(C)c2ccccc2)c1,,,,,,0,train
CC(=O)OC1CCC2C3CCc4cc(O)ccc4C3CCC12C,,,,,,1,valid
CC(O)CN(CC(C)O)C(=O)c1ccccc1,,,,,,0,train
CC(C)CC(C)Nc1ccc(Nc2ccccc2)cc1,,,,,,1,train
N#[N+]c1c(O)[nH]c(=O)[nH]c1=O,,,,,,0,train
N#CC(c1ccccc1)c1ccccc1,,,,,,0,train
NC1CCCC1,,,,,,0,test
C#CC1(OC(C)=O)CCC2C3CC=C4C=C(OCC)CCC4C3CCC21C,,,,,,1,train
CCCCC(C#N)(Cn1cncn1)c1ccc(Cl)cc1,,,,,,1,train
O=C1OC(C(O)CO)C(O)=C1O,,,,,,0,train
C#CC(C)(O)CCC=C(C)CC,,,,,,0,train
C=CCC#CCCCCC,,,,,,1,valid
CCOC(=O)C1=C(C)C=CCC1(C)C,,,,,,1,train
O=C(Cl)CCl,,,,,,1,train
O=C(c1ccccc1)C1CCCCC1,,,,,,0,train
Nc1ccc(S(=O)(=O)O)cc1,,,,,,0,train
CCCCCCCCCCCC(=O)NCCCN(C)C,,,,,,1,test
O=C=NC1CCC(CC2CCC(N=C=O)CC2)CC1,,,,,,1,train
C=CC(=O)OCC(CC)CCCC,,,,,,1,train
O=c1nc(O)n(Cl)c(=O)n1Cl,,,,,,0,train
NNC(=O)C(N)CO,,,,,,1,train
CCCCOCCCN,,,,,,0,valid
CCCCCC1(C)CCC(C)(C)C1=O,,,,,,1,train
CCNC(=S)OC(C)C,,,,,,1,train
Cn1c(COc2ccc(CC3SC(=O)N(C4OC(C(=O)O)C(O)C(O)C4O)C3=O)cc2)nc2ccc(O)cc21,,,,,,1,train
CNS(=O)(=O)c1cc(OC)c(N)cc1OC,,,,,,0,train
CC=CC(=O)OC(CC)C(C)C,,,,,,0,test
CCCCCCC(C=O)=Cc1ccccc1,,,,,,1,train
O=C1CCC=CCCC=CCCC1,,,,,,0,train
N#CCC1(n2cc(C(N)=O)c(Nc3ccc(S(=O)(=O)C(F)F)cc3)n2)CCC(Nc2ccc(O)cc2)CC1,,,,,,1,train
CCC(C)(C#N)N=NC(C)(C#N)CC,,,,,,0,train
c1cc2nc(c1)C[n+]1cn(c3ccccc31)Cc1cc3ccccc3nc1Oc1ccccc1Oc1nc3ccccc3cc1Cn1c[n+](c3ccccc31)C2,,,,,,0,valid
Cc1ccc(-n2nccn2)c(C(=O)N2C3CCC2C(COc2ncccn2)C3)n1,,,,,,1,train
CC(C)(C)C(=O)O.C[N+](C)(C)C,,,,,,0,train
C=CC1OC2CC3C4CCC5=CC(=O)C=CC5(C)C4(F)C(O)CC3(C)C2(C(=O)CO)O1,,,,,,0,train
COc1ccc(C)cc1C(CC(=O)O)c1ccccc1,,,,,,0,train
CCCCCCCCCCCCCCCCCC(=O)OC1CC(C)(C)N(OCC(C)(C)O)C(C)(C)C1,,,,,,0,test
CC(C)(C)C1CCC(OC(=O)OOC(=O)OC2CCC(C(C)(C)C)CC2)CC1,,,,,,0,train
CC(=O)OC1C2(C)CCC(C2)C1(C)C,,,,,,0,train
COC(=O)c1cccc(C(=O)OC)c1,,,,,,0,train
S=C(SSSSSSC(=S)N1CCCCC1)N1CCCCC1,,,,,,0,train
Cc1nc(C(=O)N2C3CCC2C(COc2ccccn2)C3)c(-c2ccccc2)s1,,,,,,0,valid
Cc1cccc(C)c1NC(=O)CN1CCNCC1,,,,,,0,train
CCN(CC)CCN,,,,,,0,train
Cn1cc(C(F)(F)F)nc1-c1ccc(Cn2c(=O)n(C)c3cnc(-c4cccnc4OCC(F)(F)F)nc32)cc1,,,,,,1,train
Nc1cccc(C(F)(F)F)c1,,,,,,0,train
CCCCOC(=O)c1ccc(O)cc1,,,,,,1,test
CC(Cl)(Cl)Cl,,,,,,0,train
CN(C)CCOCCN(C)C,,,,,,1,train
CC(C1CC1)C(O)(Cn1cncn1)c1ccc(Cl)cc1,,,,,,1,train
COC(=O)C(C)Oc1ccc(Oc2ncc(C(F)(F)F)cc2Cl)cc1,,,,,,1,train
S=c1[nH]c2ccccc2s1,,,,,,1,valid
C=CC(C)CCC=C(C)CCC=O,,,,,,1,train
N#CNC1=NCCS1,,,,,,0,train
Cc1cc(C)nc(OCC2CC3CCC2N3C(=O)c2ccccc2-c2cccs2)n1,,,,,,0,train
C=CCOc1ccc(S(=O)(=O)c2ccc(O)cc2)cc1,,,,,,0,train
Cc1cc([N+](=O)[O-])ccc1N=Nc1c(O)c(C(=O)Nc2ccccc2C)cc2ccccc12,,,,,,0,test
C=CS(=O)(=O)c1ccc(Nc2nc(F)nc(NC(C)CNc3nc(Cl)nc(Nc4ccc(N=Nc5cc(S(=O)(=O)O)c6cccc(S(=O)(=O)O)c6c5)c5cccc(S(=O)(=O)O)c45)n3)n2)cc1,,,,,,0,train
C=C(C)C(=O)OCCNC(C)(C)C,,,,,,0,train
O=P(O)(O)OC(CO)CO,,,,,,0,train
C1CCC(COCC2CCCCC2)CC1,,,,,,1,train
O=c1[nH]c(=O)c2ccccc2o1,,,,,,0,valid
O=S(=O)(NS(=O)(=O)C(F)(F)F)C(F)(F)F,,,,,,0,train
CC(C)N(C=O)C(C)C,,,,,,0,train
CO[Si](CCCNCCN)(OC)OC,,,,,,0,train
CN(C)c1nc(N)nc(C(Cc2c[nH]c3ccccc23)NC(=O)c2ccccc2)n1,,,,,,0,train
Cc1cccc2[nH]nnc12,,,,,,0,test
FC(F)(F)COc1cccnc1Cl,,,,,,0,train
O=C1C(N(CO)C(=O)NCO)N(CO)C(=O)N1CO,,,,,,0,train
COc1ccc(NC(=O)C(N=Nc2ccc(-c3ccc(N=NC(C(C)=O)C(=O)Nc4ccc(OC)cc4)c(Cl)c3)cc2Cl)C(C)=O)cc1,,,,,,0,train
CCS(=O)c1c(C#N)nn(-c2c(Cl)cc(C(F)(F)F)cc2Cl)c1N,,,,,,1,train
C=CS(=O)(=O)CS(=O)(=O)C=C,,,,,,1,valid
CC(=O)OO,,,,,,1,train
Nc1ccc2cc(S(=O)(=O)O)cc(O)c2c1,,,,,,1,train
CCN(CCCl)c1ccc(C=O)cc1,,,,,,0,train
C#CC1(O)CCC2C3CCC4=CC(=O)CCC4C3CCC21C,,,,,,1,train
Nc1nnn[nH]1,,,,,,0,test
CC(S)C(=O)O,,,,,,0,train
COCc1cc(N)ccc1N,,,,,,0,train
CCCCCl,,,,,,0,train
CNCCS(=O)(=O)O,,,,,,0,train
O=C=Nc1cccc2c(N=C=O)cccc12,,,,,,1,valid
COC(=O)C1CCCO1,,,,,,0,train
C1=CC2C(C1)C1CC2C2C3C=CC(C3)C12,,,,,,0,train
NCc1ccc(CN)cc1,,,,,,0,train
CCc1ccc(N2CC(C(=O)OC)CC2=O)cc1,,,,,,0,train
NC(Cc1ccc(OP(=O)(O)O)cc1)C(=O)O,,,,,,0,test
c1ccc(C[P+](c2ccccc2)(c2ccccc2)c2ccccc2)cc1,,,,,,1,train
N#CC(O)c1cccc(Oc2ccccc2)c1,,,,,,1,train
CCCSP(=O)(OCC)SCCC,,,,,,0,train
COc1ccc2ncc(-c3ccc(Oc4ncc(NC(=O)Nc5cc(C(F)(F)F)ccc5-c5cccnc5)cn4)cc3)n2n1,,,,,,1,train
CC=CCCC1CCCC(=O)O1,,,,,,0,valid
CCn1c(O)c(CS(=O)(=O)O)c(C)c(N=Nc2ccc(S(=O)(=O)c3ccc(N=Nc4c(C)c(CS(=O)(=O)O)c(O)n(CC)c4=O)cc3)cc2)c1=O,,,,,,1,train
O=CC1CCC2C3CCC(C3)C12,,,,,,1,train
COC(=O)CCC(=O)OC,,,,,,0,train
OC1CNCC1O,,,,,,0,train
CNC(=O)c1ccc(NC2(C(=O)Nc3cnc(C#N)c(C(F)(F)F)c3)CCC2)cc1F,,,,,,1,test
CC(=O)c1cccc2ccccc12,,,,,,1,train
O=C(c1ccccc1)c1ccc(O)c(O)c1O,,,,,,1,train
CC(=O)NC(CCCNC(=N)N)C(=O)NC1CC(=O)NCCCCC(C(=O)O)NC(=O)C(Cc2c[nH]c3ccccc23)NC(=O)C(CCCNC(=N)N)NC(=O)C(Cc2ccccc2)NC(=O)C2CC(OCc3ccccc3)CN2C1=O,,,,,,0,train
OC1(c2ccc(-c3ccc(C4(O)c5ccccc5-c5ccccc54)cc3)cc2)c2ccccc2-c2ccccc21,,,,,,0,train
COc1cccc(C(C)=O)c1,,,,,,0,valid
Cc1ccc(S(=O)(=O)O)cc1.c1ccncc1,,,,,,1,train
CCCCN(CCCC)C(=S)SCSC(=S)N(CCCC)CCCC,,,,,,1,train
COC1CCC2(CC1)Cc1ccc(C#CC3CC3)cc1C21N=C(N)N(C)C1=O,,,,,,1,train
CC(C)(C)c1cc(-c2cc(C(C)(C)C)cc(C(C)(C)C)c2Op2oc3ccccc3c3ccccc3o2)c(Op2oc3ccccc3c3ccccc3o2)c(C(C)(C)C)c1,,,,,,0,train
CC(=O)OC(C)c1ccccc1,,,,,,0,test
CCOC(=O)C1=NN(c2ccc(Cl)cc2Cl)C(C)(C(=O)OCC)C1,,,,,,0,train
C=COC(=O)c1ccc(C(C)(C)C)cc1,,,,,,1,train
Nc1ccc2cc(S(=O)(=O)O)cc(O)c2c1N=Nc1ccc(Nc2nc(Nc3ccc(N=Nc4c(N)ccc5cc(S(=O)(=O)O)cc(O)c45)c(S(=O)(=O)O)c3)nc(N(CCO)CCO)n2)cc1S(=O)(=O)O,,,,,,1,train
CCO[Si](CNC1CCCCC1)(OCC)OCC,,,,,,0,train
CCN(CC)CCCNC(=O)c1ccc(NC(=O)c2ccc3c(c2)C(=O)c2ccccc2C3=O)cc1,,,,,,1,valid
COc1ccc(C2CC(=O)c3c(O)cc(OC4OC(CO)C(O)C(O)C4OC4OC(C)C(O)C(O)C4O)cc3O2)cc1O,,,,,,0,train
O=C1NC(=O)C(c2ccc(O)cc2)N1,,,,,,0,train
O=C(NC1CCC(F)(F)CC1)c1csc(C2CC2NC2CCOCC2)c1,,,,,,1,train
CCCCCCCCCCCCCCCCCCOCCCN(C)C,,,,,,1,train
O=C(O)CC(=O)C(=O)O,,,,,,0,test
CC(=O)C(N=Nc1ccc(C(=O)Nc2ccc(C(N)=O)cc2)cc1)C(=O)Nc1ccc2[nH]c(=O)[nH]c2c1,,,,,,1,train
C=CC=CC(C)C(OC(N)=O)C(C)C(O)C(C)C=C(C)C1C(C)C(O)C(C)C1C=CCC1OC(=O)C(C)C(O)C1C,,,,,,1,train
Cc1cn2nc(N)nc2[nH]c1=O,,,,,,0,train
CCCN(C)C,,,,,,0,train
CCCCCC1C(=O)CCC1CC(=O)OC,,,,,,0,valid
OCCSSCCO,,,,,,0,train
CC1=CCC(C=CC(C)C(C)O)C1(C)C,,,,,,0,train
COC(=O)C(=Cc1ccc(OC)cc1)C(=O)OC,,,,,,1,train
CCCCOP(=O)(O)O,,,,,,0,train
CCC(CC)C(=O)N(C)c1cccc(OC)c1,,,,,,0,test
C=Cc1ccc(C(C)(C)C)cc1,,,,,,1,train
C=CCc1ccc(O)c(OC)c1,,,,,,0,train
CCOCCN=C(c1ccccc1)C(C)C,,,,,,0,train
Nc1ccc2cc(S(=O)(=O)O)cc(S(=O)(=O)O)c2c1N=Nc1ccc(S(=O)(=O)O)cc1,,,,,,0,train
CC(C)N(C(C)C)P(OCCC#N)N(C(C)C)C(C)C,,,,,,0,valid
Cc1ccc(-n2nccn2)c(C(=O)N2C3CCC2C(COc2nc(C)cc(C)n2)C3)c1,,,,,,1,train
CCCCCCCCCCCCCCCCCC(=O)NCCC[N+](C)(C)CC(=O)OCCCCCCCCCCCCCC,,,,,,1,train
CN(C)CCCNC(N)=O,,,,,,0,train
CN1CCC(c2c(O)cc(O)c3c(=O)cc(-c4ccccc4Cl)oc23)C1CO,,,,,,1,train
CC(C)(C)NCC(O)c1ccc(O)c(CO)c1,,,,,,0,test
O=C(O)C=CC(=O)O,,,,,,0,train
COCCOCCOC,,,,,,0,train
CC(=O)C(C)C,,,,,,0,train
N#CC1(N=NC2(C#N)CCCCC2)CCCCC1,,,,,,1,train
C[N+](C)(CC[N+](C)(C)CC(O)COCC(F)(F)C(F)F)CC(O)COCC(F)(F)C(F)F,,,,,,1,valid
COC(=O)C(C)(C)c1ccc(Br)cc1,,,,,,1,train
C=CC(=O)OC(C)(C)C,,,,,,1,train
COc1ccc([I+]c2ccc(OC)cc2)cc1,,,,,,1,train
CCCCOP(=O)(O)OCCCC,,,,,,0,train
COc1cc(N=Nc2cccc(S(=O)(=O)O)c2)ccc1NC(=O)Nc1ccc(N=Nc2cccc(S(=O)(=O)O)c2)cc1OC,,,,,,0,test
CC#CCn1c(N2CCCC(N)C2)nc2c1c(=O)n(Cc1ncc3ccccc3n1)c(=O)n2C,,,,,,1,train
O=c1c2cc(Cl)ccc2[nH]c2cc3c(=O)c4cc(Cl)ccc4[nH]c3cc12,,,,,,0,train
CO[Si](CCCNCCC[Si](OC)(OC)OC)(OC)OC,,,,,,0,train
CN(C)CCCC1(c2ccc(F)cc2)OCc2cc(C#N)ccc21,,,,,,0,train
C[Si](C)O[Si](C)C,,,,,,0,valid
CCCCCCCCC(O)CO,,,,,,0,train
CNC(=O)c1cc(Cl)cc(C)c1N,,,,,,1,train
OCCCc1ccccc1,,,,,,0,train
COc1ccc(CC#N)cc1OC,,,,,,0,train
CCc1ncc[nH]1,,,,,,0,test
NC(=O)c1cc(-c2ccc(F)cc2)c2c(F)cc(CN3C(=O)CCC3=O)cc2n1,,,,,,1,train
CCCCC(CC)COC(=O)C=CC(=O)O,,,,,,0,train
CC(C)(O)C1OC2(O)CCC3(C)C(CCC4Cc5c([nH]c6ccccc56)C43C)C2=CC1=O,,,,,,1,train
CCOc1ccc(C)nc1C(=O)N1C2CCC1C(COc1ccc(C(F)(F)F)cn1)C2,,,,,,1,train
COC(=O)Nc1nc2ccccc2[nH]1,,,,,,0,valid
Nc1ncnc2c1ncn2C1OC(COP(=O)(O)OP(=O)(O)O)C(O)C1O,,,,,,0,train
CCCCOC(=O)C1CCCCC1C(=O)OCc1ccccc1,,,,,,1,train
C=CC(=O)OCCOC(=O)NC1CC(C)(C)CC(C)(CN=C=O)C1,,,,,,0,train
C=COCC(C)C,,,,,,0,train
CC1=C(C(=O)O)N2C(=O)C(N)C2SC1,,,,,,0,test
O=Cc1c(O)ccc2cc(-c3ccc(C(=O)N4CCOCC4)cc3)ccc12,,,,,,1,train
Cc1nc(N)nc(N)c1-c1cc(Cl)c(Cl)c(Cl)c1,,,,,,1,train
CCCCCCC(CO)CCCC,,,,,,1,train
CC1=CCCC(C)(C)C1C(C)CCC=O,,,,,,1,train
C=CCOCC(O)COCCCC,,,,,,0,valid
CCCCC(CC)COC(=O)C(C)O,,,,,,0,train
CCC(C)(C)O,,,,,,0,train
CCC(C)NC1CCC(CC2CCC(NC(C)CC)CC2)CC1,,,,,,1,train
CCCCCCCCCCCCCC(=O)OCC(O)CO,,,,,,1,train
CCCC[P+](CC)(CCCC)CCCC.CCOP(=O)(O)OCC,,,,,,1,test
Cc1cc(C(C)(C)C)c(O)c(C)c1Cn1c(=O)n(Cc2c(C)cc(C(C)(C)C)c(O)c2C)c(=O)n(Cc2c(C)cc(C(C)(C)C)c(O)c2C)c1=O,,,,,,1,train
CCCC1=CC(=O)N(C(CC)C(N)=O)C1,,,,,,0,train
CC(C)(C)[Si](C)(C)N1CCNCC1,,,,,,0,train
O=[N+]([O-])c1cc(N(CCO)CCO)ccc1NCCO,,,,,,0,train
CCn1c(O)c(CS(=O)(=O)O)c(C)c(N=Nc2cc(Nc3nc(F)nc(Nc4ccc(S(=O)(=O)CCOS(=O)(=O)O)cc4)n3)ccc2S(=O)(=O)O)c1=O,,,,,,0,valid
O=S(=O)(O)c1ccc(Nc2nc(Nc3ccc(C=Cc4ccc(Nc5nc(Nc6ccc(S(=O)(=O)O)cc6)nc(N(CCO)CCO)n5)cc4S(=O)(=O)O)c(S(=O)(=O)O)c3)nc(N(CCO)CCO)n2)cc1,,,,,,0,train
CCCCCC(C)OC(=O)COc1ccc(Cl)c2cccnc12,,,,,,1,train
O=C1OC(=O)c2cc(-c3ccc4c(c3)C(=O)OC4=O)ccc21,,,,,,0,train
COc1cc(-c2ccc3c(c2)OCCO3)cc(C=O)c1O,,,,,,0,train
CCCCC(CC)C1OCCO1,,,,,,0,test
CC1(C)CC(O)CC(C)(C)N1O,,,,,,0,train
CCCCC(CC)COC(=O)c1cc(C(=O)OCC(CC)CCCC)c(C(=O)OCC(CC)CCCC)cc1C(=O)OCC(CC)CCCC,,,,,,0,train
O=C(O)c1cc(=O)n(O)c2ccccc12,,,,,,0,train
CCCCOCc1ccc(O)c(OC)c1,,,,,,0,train
C=COC(=O)c1ccccc1,,,,,,1,valid
CCCCCCOC(=O)CC,,,,,,0,train
C=CS(=O)(=O)c1ccc(Nc2nc(F)nc(NC(C)CNc3nc(Cl)nc(Nc4ccc(N=Nc5cc(NC(C)=O)c(N=Nc6cc7c(S(=O)(=O)O)cc(S(=O)(=O)O)cc7cc6S(=O)(=O)O)cc5OC)c5cccc(S(=O)(=O)O)c45)n3)n2)cc1,,,,,,0,train
O=C1OC(=O)c2c(Cl)c(Cl)c(Cl)c(Cl)c21,,,,,,0,train
Cc1ccc(NC(=O)c2ccc(CN3CCN(C)CC3)cc2)cc1N=C(N)N,,,,,,0,train
CC(=O)N(O)CCCP(=O)(O)O,,,,,,1,test
O=C1OC(=O)C2CCCCC12,,,,,,0,train
CC(=O)OCCC(C)C,,,,,,0,train
CC1OC(OC2C(Oc3cc(O)c4c(c3)OC(c3ccc(O)cc3)CC4=O)OC(CO)C(O)C2O)C(O)C(O)C1O,,,,,,0,train
CC(C)CCOC(=S)S,,,,,,1,train
O=C(O)CCCCCCCCC=CCCCCCCCOP(=O)(O)O,,,,,,1,valid
CC(=O)O[Si](OC(C)=O)(OC(C)(C)C)OC(C)(C)C,,,,,,0,train
CC(C)(C)c1ccc(CCC=O)cc1,,,,,,1,train
C=COC1CCCCC1,,,,,,0,train
CCCCC(CC)CN(CCO)CC(CC)CCCC,,,,,,1,train
CC(C)COP(=S)(S)OCC(C)C.CN(C)C,,,,,,0,test
O=c1cc(O)c2ccccc2o1,,,,,,0,train
CC1=CCC(=C(C)C)CC1,,,,,,0,train
CC(=O)C(N=Nc1ccc(C)cc1[N+](=O)[O-])C(=O)Nc1ccc(Cl)cc1,,,,,,1,train
Cc1cn2c(nc1=O)OC1C(O)C(CO)OC12,,,,,,0,train
CCCC1CC(=O)C=C(C)C1,,,,,,0,valid
O=C(O)c1ccccc1,,,,,,1,train
NP(N)(=O)Nc1ccccc1[N+](=O)[O-],,,,,,0,train
O=C(OCc1cncs1)Oc1ccc([N+](=O)[O-])cc1,,,,,,1,train
NC(=O)NC1NC(=O)NC1=O,,,,,,0,train
CCCCCCCCCCCC(=O)OCC(C)(C)C=NCCOCCO,,,,,,0,test
CC(CO)COC1CC2CCC1(C)C2(C)C,,,,,,0,train
CC(=O)O[Si](C)(OC(C)=O)OC(C)=O,,,,,,0,train
C=CC(C)(CCC=C(C)CC)OC(C)=O,,,,,,0,train
NC(N)=O.O=CC=O,,,,,,0,train
CCCCCCCCCCCCCC(=O)NC(CCC(=O)O)C(=O)O.[H+],,,,,,0,valid
CCCCCCCC=O,,,,,,1,train
CCCCCCCCC=CCCCCCCCC(=O)O.CCCCCCCCCCC=CC1CC(=O)OC1=O.NCCNCCNCCN,,,,,,0,train
C=CCOCC(=C)C(=O)OC,,,,,,0,train
CCCCCCC1CCCC(=O)O1,,,,,,1,train
COc1ccc(C(C)=O)cc1,,,,,,0,test
COC(C)(C)CC(C)(C#N)N=NC(C)(C#N)CC(C)(C)OC,,,,,,0,train
CC(C)(C)CC(C)(C)N(c1ccccc1)c1cccc2ccccc12,,,,,,0,train
CSc1ccc(C(=O)C(C)(C)N2CCOCC2)cc1,,,,,,1,train
CCCCCCCCCCCCCCO,,,,,,0,train
CC1=CCC(C(C)CC=O)CC1,,,,,,1,valid
Cc1ccc2[nH]c3cc4c(=O)c5cc(C)ccc5[nH]c4cc3c(=O)c2c1,,,,,,0,train
c1cc2nc(c1)C[n+]1cn(c3ccccc31)Cc1cc3ccccc3nc1Oc1ccc3ccccc3c1-c1c(ccc3ccccc13)Oc1nc3ccccc3cc1Cn1c[n+](c3ccccc31)C2,,,,,,0,train
CC(O)C(=O)O.CCCCC(CC)COC(=O)Nc1ccc(C)c(NC(=O)OCCN(C)C)c1,,,,,,1,train
C=C(Cl)C(=O)OCCC(F)(F)C(F)(F)C(F)(F)C(F)(F)C(F)(F)C(F)(F)F,,,,,,1,train
CC(O)C(=O)O.CCN(CC)CCCNc1nc(Nc2ccc(N=Nc3c(S(=O)(=O)O)cc4cc(S(=O)(=O)O)cc(Nc5nc(NCC(C)N)nc(NCC(C)N)n5)c4c3O)cc2)nc(Nc2ccc(N=Nc3c(S(=O)(=O)O)cc4cc(S(=O)(=O)O)cc(Nc5nc(NCC(C)N)nc(NCC(C)N)n5)c4c3O)cc2)n1,,,,,,0,test
O=C(O)CC(Sc1nc2ccccc2s1)C(=O)O,,,,,,0,train
C=C(C)C(=O)OC1CCCCC1,,,,,,0,train
CCOC(C)(C)C,,,,,,0,train
O=C(O)CC[n+]1ccccc1,,,,,,0,train
CNCC(=O)O,,,,,,0,valid
CCCc1c(OCCCCCOc2cc3c(cc2C(C)=O)CCC(C(=O)O)O3)ccc(C(C)=O)c1O,,,,,,1,train
O=C1OC(=O)c2cc(C(c3ccc4c(c3)C(=O)OC4=O)(C(F)(F)F)C(F)(F)F)ccc21,,,,,,0,train
Cc1cc(Cl)cc2c1C(=O)C(=C1Sc3cc(Cl)cc(C)c3C1=O)S2,,,,,,1,train
Cc1ccc(N2CCCC2)c(C(=O)N2C3CCC2C(COc2ccccn2)C3)n1,,,,,,0,train
CN1CCN(c2ncccc2CO)C(c2ccccc2)C1,,,,,,0,test
CCOC=C(C(=O)OCC)C(=O)OCC,,,,,,1,train
N=C(N)NCCCC(N)C(=O)NC1CC(=O)NCCCCC(C(N)=O)NC(=O)C(Cc2c[nH]c3ccccc23)NC(=O)C(CCCNC(=N)N)NC(=O)C(Cc2ccccc2)NC(=O)C(CCC(N)=O)NC1=O,,,,,,1,train
C=C(C)C(=O)OC(C)CO,,,,,,0,train
CC(O)CCO,,,,,,0,train
C=CC(=O)OCCOCCOCC(CC)CCCC,,,,,,1,valid
COC(F)(F)C(F)(C(F)(F)F)C(F)(F)F,,,,,,0,train
C=CC#N.NCCN,,,,,,0,train
Oc1cccc2c(O)cccc12,,,,,,0,train
CCCP1(=O)OP(=O)(CCC)OP(=O)(CCC)O1,,,,,,0,train
ICCCI,,,,,,0,test
CCCOC(C)OCCc1ccccc1,,,,,,0,train
CC(C)C(=O)Nc1nc(-c2ccc(O)cc2O)cs1,,,,,,1,train
CCCCCCCCCCCCCCCCCCNC(=O)Nc1ccc(Cc2ccc(NC(=O)NC3CCCCC3)cc2)cc1.CCCCCCCCCCCCCCCCCCNC(=O)Nc1ccc(Cc2ccc(NC(=O)NCCCCCCCCCCCCCCCCCC)cc2)cc1.O=C(Nc1ccc(Cc2ccc(NC(=O)NC3CCCCC3)cc2)cc1)NC1CCCCC1,,,,,,0,train
CC(C)(CO)C1OCC2(CO1)COC(C(C)(C)CO)OC2,,,,,,0,train
Cc1ccc(N(CC(C)O)CC(C)O)cc1,,,,,,0,valid
CCC=CCCOC(=O)c1ccccc1,,,,,,1,train
CC(=O)N1CC(O)CC1C(=O)O,,,,,,0,train
NCCCCCCCCCCN,,,,,,0,train
CC(=O)C(N=Nc1cc(C(=O)Nc2cccc(Cl)c2C)ccc1Cl)C(=O)Nc1cc(Cl)c(NC(=O)C(N=Nc2cc(C(=O)Nc3cccc(Cl)c3C)ccc2Cl)C(C)=O)cc1C,,,,,,0,train
N#CC1(N2CCCCC2)CCN(Cc2ccccc2)CC1,,,,,,0,test
CC(=O)CC(=O)Nc1ccc(S(=O)(=O)O)cc1,,,,,,0,train
CCN1CCN(C(=O)NC(C(=O)NC2C(=O)N3C2SC(C)(C)C3C(=O)O)c2ccccc2)C(=O)C1=O,,,,,,0,train
C[Si](C)(F)CCCC#N,,,,,,0,train
CCOc1ccc2ccccc2c1C(=O)N1C2CCC1C(COc1ccccn1)C2,,,,,,0,train
O=C(O)C(F)(F)C(F)OC(F)(F)C(F)(F)C(F)(F)OC(F)(F)F,,,,,,0,valid
O=C1CCCCCCCCCCC(=O)OCCO1,,,,,,1,train
COC(=O)C(F)(F)C(F)OC(F)(F)C(F)(F)C(F)(F)OC(F)(F)F,,,,,,0,train
Nc1nc(N)nc(NC2CC2)n1,,,,,,0,train
CN(C)Cc1ccccc1,,,,,,1,train
O=C1CCCC=CCCCCCCCCCC1,,,,,,1,test
CC(=CCCC=O)CCCC(C)(C)O,,,,,,1,train
N=C(c1ccccc1)c1ccccc1,,,,,,1,train
O=C(O)C1C2CCC(CC2)C1Nc1nc(Cl)ncc1F,,,,,,0,train
C=C(Br)C(=O)Nc1ccc(S(=O)(=O)O)c(N=NC2C(=O)N(c3cc(Cl)c(S(=O)(=O)O)cc3Cl)N=C2C)c1,,,,,,0,train
Cc1ccc2c(=O)[nH]c(=O)oc2c1,,,,,,0,valid
CC(CCN)CC(C)(C)CN,,,,,,0,train
C=CCCC.CC=CCC,,,,,,0,train
COc1nc(C)nc(NC(=O)NS(=O)(=O)c2ccccc2OCCCl)n1,,,,,,1,train
CCCCCCCCCCCCOC(=O)c1ccccc1,,,,,,1,train
CC=CC(=O)C(C)CC,,,,,,1,test
CC(=O)NC(CCCNC(=N)N)C(=O)NC1CC(=O)NCCCCC(C(=O)O)NC(=O)C(Cc2c[nH]c3ccccc23)NC(=O)C(CCCNC(=N)N)NC(=O)C(Cc2ccccc2)NC(=O)C(CC(N)=O)NC1=O,,,,,,0,train
c1ccc2[nH]nnc2c1,,,,,,0,train
NC1CCC(Nc2ccn3ncc(-c4cccc(Cl)c4)c3n2)CC1,,,,,,1,train
CC1OCC(c2ccccc2)O1,,,,,,0,train
CNC(=O)c1cc(Oc2ccc(N)cc2)ccn1,,,,,,0,valid
COc1cc2c(cc1NS(=O)(=O)c1ccc(Br)cc1C)n(C)c(=O)n2C,,,,,,0,train
C=C(C)C(=O)Nc1ccc(S(=O)(=O)Nc2nc(C)cc(C)n2)cc1,,,,,,0,train
CCOC(=O)C(C)C,,,,,,0,train
CCC(COCC(C)C)(COCC(C)C)COCC(C)N,,,,,,1,train
Nc1ccc(F)cc1F,,,,,,0,test
CC1CC(C)(C)OOC(C)(C)O1,,,,,,0,train
COc1cc([N+](=O)[O-])ccc1N,,,,,,0,train
CC(=O)OCC=C(C)CCC=C(C)C,,,,,,1,train
CC(C)(C)OOC(=O)c1ccccc1,,,,,,1,train
CCOC(=O)C1OC1c1ccccc1,,,,,,0,valid
Cc1ccc(N(C)CCO)cc1,,,,,,0,train
CC(=O)CC(=O)OC(C)C,,,,,,0,train
CC(=O)C=C(C)C,,,,,,0,train
C=CC(C)(O)CCC=C(C)CC,,,,,,0,train
CC(C)(C)C1CCC(=O)CC1,,,,,,0,test
COC(=O)CCCC(=O)OC,,,,,,0,train
Cc1ccc(N2CCCC2)c(C(=O)N2C3CCC2C(COc2ccc(F)cn2)C3)n1,,,,,,0,train
Cn1cc(Cl)c(COc2ccc3nc(C4CCCCC4C(=O)O)n(Cc4ccc(Br)cc4)c3c2)n1,,,,,,0,train
CC(C)COCCO,,,,,,0,train
O=S(=O)(O)CCCCNC1CCCCC1,,,,,,0,valid
CN1COCN(Cc2cnc(Cl)s2)C1=N[N+](=O)[O-],,,,,,0,train
Cc1ccc(C(=O)c2ccccc2)cc1,,,,,,1,train
Cc1cc(C)c(O)c(C)c1,,,,,,0,train
Cc1ccc(S(=O)(=O)c2ccc(O)c(O)c2)cc1,,,,,,1,train
C=CC=CCCC=CCC,,,,,,1,test
COc1cccc2c1C(=N)c1c(O)c3c(c(O)c1C2=O)CC(O)(CCO)CC3OC1CC(N)C(O)C(C)O1,,,,,,1,train
CC1=NN(c2ccccc2)C(=O)C1N=Nc1ccccc1,,,,,,1,train
CC(C)(C=NCC1(C)CC(N=CC(C)(C)CN2CCOCC2)CC(C)(C)C1)CN1CCOCC1,,,,,,0,train
CCCCCCOC(=O)CCC,,,,,,1,train
CCCCCCCCCCCC(=O)OCC(O)C(O)C(O)C(O)CO,,,,,,0,valid
CS(=O)(=O)CC(=O)Oc1ccc([N+](=O)[O-])cc1,,,,,,1,train
C1CCSC1,,,,,,0,train
C=C(C)C(=O)OCc1ccccc1,,,,,,1,train
CC(C)CCOC(=O)CC(C)C,,,,,,0,train
CC(C)(N)CO.CCCCCCCCCCCCc1ccccc1S(=O)(=O)O,,,,,,0,test
Cc1ccc(-n2nccn2)c(C(=O)N2C3CCC2C(COc2cnccn2)C3)n1,,,,,,1,train
CCC(C)(OO)OOC(C)(CC)OO,,,,,,0,train
C1CN(CCOCCN2CCOCC2)CCO1,,,,,,0,train
C=C(CCl)c1ccccc1,,,,,,1,train
CCCCOC(=O)NC(=S)SCCCC,,,,,,1,valid
FC(F)(F)N1C(F)(F)C(F)(F)OC(F)(F)C1(F)F,,,,,,1,train
CC(C)=CCCC(C)CCCC(C)C=O,,,,,,1,train
Fc1ccccc1CNCc1ccc(-c2ccnc3[nH]ccc23)cc1,,,,,,0,train
COc1cc2c(cc1OC)C(C)(C)C(=Cc1ccccc1)C2=O,,,,,,0,train
Cc1cccc(OCC2CC3CCC2N3C(=O)c2nc(C)ccc2-n2nccn2)n1,,,,,,0,test
O=P(O)(O)OC1C(OP(=O)(O)O)C(OP(=O)(O)O)C(OP(=O)(O)O)C(OP(=O)(O)O)C1OP(=O)(O)O,,,,,,1,train
CC1CN(CN2COC(C)C2)CO1,,,,,,0,train
Fc1ccc2c(C3CCNCC3)noc2c1,,,,,,1,train
CCCCCCOC1OC(CO)C(O)C(O)C1O,,,,,,0,train
CCCCCCCCCCCC(=O)N(C)CC(=O)O,,,,,,0,valid
CCCC=O,,,,,,1,train
COc1ccc2c(c1)CCC1C2CCC2(C)C(=O)CCC12,,,,,,1,train
NCCCCCCN.O=C(O)CCCCCCCCC(=O)O,,,,,,0,train
C=CCCCCCCCC(=O)N(C)C,,,,,,0,train
CCC=CCC1=C(C)CCC1=O,,,,,,0,test
CC1Cn2c(nnc2-c2cnccn2)C(=O)N1Cc1cc(N)ccc1Cl,,,,,,0,train
CC(=O)c1ccc2c(c1)COC21CN(C(=O)OC(C)(C)C)C1,,,,,,0,train
OC(CS)C(O)CS,,,,,,0,train
O=C(O)COCCOCCOCC(=O)O,,,,,,0,train
NCCOCCN,,,,,,0,valid
CC(C)c1cccc(C(C)CC=O)c1,,,,,,0,train
O=C(Cl)c1ccccc1,,,,,,0,train
CC(C)CC(C)(O)CCC(C)(O)CC(C)C,,,,,,0,train
CC1(C)OCC(CO)O1,,,,,,0,train
NC(Cc1cc(I)c(Oc2cc(I)c(O)c(I)c2)c(I)c1)C(=O)O,,,,,,0,test
O=C1NS(=O)(=O)c2ccccc21,,,,,,0,train
CCn1c(O)c(N=Nc2ccc(N=Nc3cc(OCCO)c(N=Nc4c(S(=O)(=O)O)cc5cc(S(=O)(=O)O)cc(O)c5c4O)cc3OCCO)c(S(=O)(=O)O)c2)c(C)c(C(N)=O)c1=O,,,,,,1,train
CCC=CCCOC(=O)CC=CCC,,,,,,1,train
O=C1OC(=O)c2cc(S(=O)(=O)c3ccc4c(c3)C(=O)OC4=O)ccc21,,,,,,0,train
CC12CCC(CC1)C(C)(C)O2,,,,,,0,valid
CN(C)CC(O)C(O)C(O)C(O)CO,,,,,,0,train
Cn1sccc1=O,,,,,,1,train
Cc1cccc(S(=O)(=O)O)c1Oc1c(C)cccc1S(=O)(=O)O,,,,,,0,train
CC(=O)c1cccc(C(F)(F)F)c1,,,,,,0,train
Cc1cc(Cc2cc(C)c(OCC3CO3)c(C)c2)cc(C)c1OCC1CO1,,,,,,1,test
NP(N)(=O)Oc1ccccc1,,,,,,0,train
COc1cc(O)c(C(=O)c2ccccc2)cc1S(=O)(=O)O.Clc1ccc([S+](c2ccc(Cl)cc2)c2ccc(Cl)cc2)cc1,,,,,,1,train
COC(=O)c1sc(N)c(C#N)c1C,,,,,,0,train
Cc1ccc(-n2ccc(C)n2)c(C(=O)N2C3CCC2C(COc2ccc(F)cn2)C3)n1,,,,,,0,train
CC(=CC1CCCCC1)CC(C)C=O,,,,,,1,valid
CC(C)(C)OC(=O)Nc1ccc(Oc2cc(N3CCN(Cc4ccccc4-c4ccc(Cl)cc4)CC3)ccc2C(=O)NS(=O)(=O)c2ccc(NCC3CCOCC3)c([N+](=O)[O-])c2)cc1,,,,,,0,train
CCCCCCCC(=O)OC(O)C(O)C(O)C(O)C(O)CO,,,,,,0,train
Cc1ccc(-n2cccn2)c(C(=O)N2C3CCC2C(COc2ccc(F)cn2)C3)n1,,,,,,1,train
O=S1(=O)CCC(CNc2ccc3ncc(-c4cccc(Cl)c4)n3n2)CC1,,,,,,1,train
NNC(=O)NN,,,,,,1,test
CCCN(CCc1cccs1)C1CCc2c(O)cccc2C1,,,,,,0,train
CC(CC(C)C)=NNC(=O)c1cc2ccccc2cc1O,,,,,,1,train
CN(C)C=CC(=O)c1cccnc1,,,,,,0,train
COc1ccc(-c2cc(-c3ccccc3)[nH]c2C(=O)Nc2cccc(CC(=O)NO)c2)cc1,,,,,,0,train
C1CCNCC1,,,,,,0,valid
CCCCC(CC)COC(=O)C(C#N)=C(c1ccccc1)c1ccc(OC)cc1,,,,,,1,train
CCCCCCC(C)(C)C(=O)OOC(C)(C)C,,,,,,1,train
CCC(C)(C)OOC(=O)C(C)(C)C,,,,,,1,train
CC(C)c1ncc(-c2cc(C(N)=O)nc3cc(CN4CCOC(C(F)(F)F)C4)ccc23)s1,,,,,,0,train
Cc1ccc(OCC(=O)N(Cc2cccs2)c2ccn[nH]2)cc1,,,,,,0,test
O=C(O)CN(CCO)CCO,,,,,,0,train
Nc1nc(Cl)nc(Nc2ccc(S(=O)(=O)O)c(N=Nc3c(S(=O)(=O)O)cc4cc(S(=O)(=O)O)c(N=Nc5cc(S(=O)(=O)O)ccc5S(=O)(=O)O)c(N)c4c3O)c2)n1,,,,,,1,train
CNS(=O)(=O)CC1CCC(N(C)c2ncnc3[nH]ccc23)CC1,,,,,,0,train
COC(=O)CC1CCCCC1,,,,,,0,train
CCOC(=S)SC(C)C(=O)OC,,,,,,1,valid
CCCCCCCCCCCC(=O)OCC(O)COCC(O)CO,,,,,,0,train
CNC(C)C(O)c1ccccc1,,,,,,0,train
O=C1c2ccccc2C(=O)c2c(O)ccc(O)c21,,,,,,1,train
Nc1ncc(F)cc1-c1ccc(Oc2ncc(NC(=O)Nc3cc(C(F)(F)F)ccc3-n3ccnn3)cn2)cc1,,,,,,1,train
CC(c1ccccc1)c1ccc(O)cc1O,,,,,,0,test
CC(=O)OC1CC(C)CCC1C(C)C,,,,,,1,train
CN(C)CCCN([O-])S(=O)(=O)CCC(F)(F)C(F)(F)C(F)(F)C(F)(F)C(F)(F)C(F)(F)F,,,,,,1,train
COc1ccccc1NC(=O)c1cc2ccccc2c(N=Nc2ccc(C(N)=O)cc2)c1O,,,,,,1,train
CC(=O)OCC(C)(C)C=O,,,,,,0,train
CCCCCCCCCCCCCCCCC(O)C(=O)OC(CO)CO,,,,,,0,valid
CCCC[N+](CC)(CCCC)CCCC.CCOS(=O)(=O)O,,,,,,0,train
CC1=CCCC2(C)C(OC=O)C(C)CCC12C,,,,,,0,train
Cc1nc(-c2ccccc2)sc1CN1CCc2cc(S(=O)(=O)Nc3ccc(CCCC4CCCC4)cc3F)ccc2C1,,,,,,0,train
CCCCP(CCCC)CCCC,,,,,,1,train
CNC(=O)C(C#N)=C1N=C(c2c(O)[nH]c(=O)[nH]c2=O)c2ccccc21,,,,,,0,test
O=C=Nc1ccc(OP(=S)(Oc2ccc(N=C=O)cc2)Oc2ccc(N=C=O)cc2)cc1,,,,,,0,train
CCCCCCCCCC(C)C=O,,,,,,1,train
NC(=O)c1ccc[n+](C2OC(CO)C(O)C2O)c1,,,,,,0,train
CCCCCC1CCCC1=O,,,,,,0,train
CC(O)C(=O)O.CC(O)C(=O)O.CC1=CC(=O)[N+](CCCN(C)C)(c2cccnc2)C(O)=C1N=Nc1ccc(N=Nc2c(S(=O)(=O)O)cc3ccc(N=NC4=C(O)N(c5cccnc5)C(=O)C(C)=C4C)cc3c2O)cc1,,,,,,1,valid
CC(=O)c1ccc(O)cc1,,,,,,0,train
CCCc1nc2c(C)cc(-c3nc4ccccc4n3C)cc2[nH]1,,,,,,1,train
CN(C)CCCNC1CC(C)(C)NC(C)(C)C1,,,,,,0,train
CCC(CC(C)CC)=NO,,,,,,0,train
CCCCC(CC)CO,,,,,,0,test
CC1(C)C2CCC3(C2)C1C(=O)CCC3(C)C,,,,,,0,train
COC(=O)c1nc(Cl)c(Cl)nc1N,,,,,,1,train
CCCCC(CC)CO[N+](=O)[O-],,,,,,1,train
C=CCOC(=O)C=Cc1ccccc1,,,,,,1,train
CC(Cc1ccc(F)cc1)C(=O)Cl,,,,,,0,valid
CCCCCCCC(=O)O,,,,,,0,train
CC(=O)C(=O)O,,,,,,0,train
Cc1cc(C)nc(N2CC3CN(C(=O)c4ccccc4F)CC3C2)n1,,,,,,1,train
COc1cc(OC)c(NC(=O)c2cc3ccccc3c(N=Nc3cc(C(=O)Nc4ccc(C(N)=O)cc4)ccc3OC)c2O)cc1Cl,,,,,,0,train
CC1CCC2(O)C(C)(C)C3CCC2(C)C1C3,,,,,,0,test
C=CC(=C)CCCC(C)(C)OC(C)=O,,,,,,0,train
CN(C)CCN1CCN(C)CC1,,,,,,0,train
CO[Si](CCCS)(OC)OC,,,,,,0,train
COC1CCCCCCCCCCC1,,,,,,1,train
O=C1C=CC(=O)c2ccccc21,,,,,,1,valid
CC=C(C)C(=O)OC1C(OC(C)=O)C2(CO)C(O)CC3(C)C(=CCC4C5(C)CCC(OC6OC(C(=O)O)C(OC7OC(CO)C(O)C(O)C7O)C(O)C6OC6OC(CO)C(O)C(O)C6O)C(C)(CO)C5CCC43C)C2CC1(C)C,,,,,,0,train
COCCOCCOCCOC,,,,,,0,train
CC12C=CC(=O)C=C1CCC1C2CCC2(C)C(=O)CCC12,,,,,,1,train
COc1ccc(C)cc1NC(C)=O,,,,,,0,train
CCC(C)C1CCCCC1=O,,,,,,0,test
NC(=O)c1cc(-c2cnn(CC(F)(F)F)c2)c2ccc(CN3CCOC(C(F)(F)F)C3)cc2n1,,,,,,1,train
CC(C)N(C(=O)CO)c1ccc(F)cc1,,,,,,0,train
CCN1OCC(NC(=O)c2ccc(C3=NOC(c4cc(Cl)c(F)c(Cl)c4)(C(F)(F)F)C3)cc2C)C1=O,,,,,,1,train
C=CCc1cc(C(C)(C)c2ccc(O)c(CC=C)c2)ccc1O,,,,,,1,train
O=C(c1ccc(O)cc1)c1ccc(O)cc1,,,,,,0,valid
CN1CCC(CNc2ccn3ncc(-c4cccc(OC(F)(F)F)c4)c3n2)CC1,,,,,,0,train
Nc1ncccc1O,,,,,,1,train
O=S(=O)(O)CCN1CCOCC1,,,,,,0,train
c1ccc2n[nH]nc2c1,,,,,,0,train
CCCCNCCC[Si](C)(OC)OC,,,,,,0,test
CC(C)CCOC(=O)c1ccccc1O,,,,,,1,train
CO[Si](CC(C)C)(OC)C(C)C,,,,,,0,train
CC1CCC(C(C)C)C(OCC(O)CO)C1,,,,,,0,train
Cc1ccc(S(C)(=O)=O)cc1[N+](=O)[O-],,,,,,0,train
C=CSCCO,,,,,,0,valid
CC(=O)OCC(C)(C)C=NCC1(C)CC(N=CC(C)(C)COC(C)=O)CC(C)(C)C1,,,,,,1,train
Cc1cccc(C)n1,,,,,,1,train
C=C(C)C(=O)OCCOC(=O)C(=C)C,,,,,,1,train
C1=CC(c2ccc(C3CC=CCC3)cc2)CCC1,,,,,,0,train
CC(=O)OC(c1ccccc1)C(Cl)(Cl)Cl,,,,,,0,test
CCCCOC(=O)CCP1(=O)Oc2ccccc2-c2ccccc21,,,,,,0,train
O=C(O)C(CCBr)(c1ccccc1)c1ccccc1,,,,,,0,train
COc1ccc(NCCO)cc1N,,,,,,1,train
C=CC(=O)NCO,,,,,,0,train
C=CCn1c(=O)n(CC=C)c(=O)n(CC=C)c1=O,,,,,,0,valid
c1ccc(C2CCCCC2)cc1,,,,,,1,train
C=CC(C)(CCC=C(C)C)OC(=O)CC,,,,,,1,train
CCOC(=O)CCN(C(=O)c1ccc(NC)c([N+](=O)[O-])c1)c1ccccn1,,,,,,0,train
C=C(C)C(=O)OCCOCCCC,,,,,,0,train
NCCCN1CCN(CCCN)CC1,,,,,,0,test
CN1CCO[Si](C)(C)C1,,,,,,0,train
CC1COC(=O)O1,,,,,,0,train
CCCCCOC(=O)c1ccccc1O,,,,,,1,train
OCC1OC(OC2OC(CO)C(O)C(O)C2O)C(O)C(O)C1O,,,,,,0,train
CCOC(=O)C12CCCC1C1CCC2C1,,,,,,0,valid
CCOC(=O)NCCOc1ccc(Oc2ccccc2)cc1,,,,,,1,train
Cc1cc(-c2ccc(C)nc2C(=O)N2C3CCC2C(COc2ncc(F)cn2)C3)on1,,,,,,1,train
O=NN1CN2CN(C1)CN(N=O)C2,,,,,,1,train
CNCCCn1c(O)c(N=Nc2ccc(C(=O)Nc3cccc(N=Nc4c(C)cc(=O)n(CCCNC)c4O)c3)cc2)c(C)cc1=O.CNCCCn1c(O)c(N=Nc2cccc(C(=O)Nc3ccc(N=Nc4c(C)cc(=O)n(CCCN(C)C)c4O)cc3)c2)c(C)cc1=O.Cc1cc(=O)n(CCCN(C)C)c(O)c1N=Nc1ccc(C(=O)Nc2cccc(N=Nc3c(C)cc(=O)n(CCCN(C)C)c3O)c2)cc1,,,,,,0,train
CCCC1CC=C(C)C(=O)C1,,,,,,0,test
NNC(=O)CCCCC(=O)NN,,,,,,0,train
CCN1CCN(CCC(=O)OCC(CC)(COC(=O)CCN2CCN(CC)CC2)COC(=O)CCN2CCN(CC)CC2)CC1,,,,,,1,train
CCCCCCCCCCOC(C)=O,,,,,,1,train
c1cc2c3c(c1)-c1cccc4nc5ccccc5c(c14)N3CC2,,,,,,1,train
CN(C)CCCN(C)CCCN(C)C,,,,,,0,valid
CN(C)Cc1ccccc1Cl,,,,,,1,train
CC(C)(c1ccc(OCC2CO2)cc1)c1ccc(OCC2CO2)cc1.CC1(C)CC(N)CC(C)(CN)C1,,,,,,0,train
CCc1cccc(C)c1Nc1ccc2cc(S(=O)(=O)O)cc(O)c2c1N=Nc1ccc(N=Nc2ccc(N(CC)Cc3ccc(S(=O)(=O)O)cc3)cc2)cc1.CCc1cccc(C)c1Nc1ccc2cc(S(=O)(=O)O)cc(O)c2c1N=Nc1ccc(N=Nc2ccc(N(CC)Cc3cccc(S(=O)(=O)O)c3)cc2)cc1,,,,,,1,train
O=C(OCCOC(=O)c1ccccc1)c1ccccc1,,,,,,1,train
CNc1ccccc1N,,,,,,1,test
COc1ccc(F)cc1-c1cc(C=O)c(O)c(OC)c1,,,,,,1,train
CCCCCCCCCCCC(=O)OCC(C)(C)C=NCC1(C)CC(N=CC(C)(C)COC(=O)CCCCCCCCCCC)CC(C)(C)C1,,,,,,0,train
COC(OC)C(C)(C)CC=C(C)C,,,,,,1,train
CC(C)(C)c1cc(N)n(-c2cc(C(=O)O)cc(C(=O)O)c2)n1,,,,,,0,train
CC(=O)NC(CCCNC(=N)N)C(=O)NC1CC(=O)NCCCCC(C(=O)O)NC(=O)C(Cc2c[nH]c3ccccc23)NC(=O)C(CCCNC(=N)N)NC(=O)C(Cc2ccccc2)NC(=O)C(CCCN)NC1=O,,,,,,1,valid
C=CC1(C)CCC(C(C)(C)O)O1,,,,,,0,train
CC(=O)C(N=Nc1cc(Cl)c(-c2cc(Cl)c(N=NC(C(C)=O)C(=O)Nc3ccc(C)cc3C)cc2Cl)cc1Cl)C(=O)Nc1ccc(C)cc1C,,,,,,0,train
CO[Si](C)(CCCS)OC,,,,,,0,train
CN(CCCCCC(=O)O)S(=O)(=O)c1ccccc1.OCCN(CCO)CCO,,,,,,0,train
C=C(C)C(=O)OCCOP(=O)(O)OCC[N+](C)(C)C,,,,,,0,test
CC(=O)OC(C)CC(C)(C)c1ccccc1,,,,,,0,train
NC(=O)C1CC2CC2N1,,,,,,0,train
CC(=O)C(N=Nc1ccccc1C(=O)O)C(=O)Nc1ccc2[nH]c(=O)[nH]c2c1,,,,,,1,train
C[Si](C)(C)O[Si](C)(CCCOCC(O)CO)O[Si](C)(C)C,,,,,,0,train
Cc1cc2nc(-c3ccc(C(F)(F)F)cc3)[nH]c2cc1Nc1nc(-c2ccc(C#N)cc2)cs1,,,,,,0,valid
C=C[Si](C)(N(C)C)N(C)C,,,,,,0,train
CC(C)(O)C(=O)c1ccc(Oc2ccc(C(=O)C(C)(C)O)cc2)cc1,,,,,,1,train
N#CN,,,,,,0,train
CCCCC(CC)COC(=O)C(C#N)=C(c1ccccc1)c1ccccc1,,,,,,0,train
CC(=O)OCCC(C)CCC=C(C)C,,,,,,0,test
CC1=NC2(CC(C3CCOC(C)(C)C3)Oc3ccc(Br)cc32)N=C1N,,,,,,1,train
C=CC(C)(CCC=C(C)C)OC=O,,,,,,1,train
CC(CCO)CCc1ccccc1,,,,,,0,train
C=CCN1CCC23c4c5ccc(O)c4OC2C(=O)CCC3(O)C1C5,,,,,,0,train
CC(C)(C)C(=O)Nc1cc(NC(=O)C(C)(C)C)cc(NC(=O)C(C)(C)C)c1,,,,,,0,valid
C[Si](NC1CCCCC1)(NC1CCCCC1)NC1CCCCC1,,,,,,0,train
CCCCCCCC(=O)OCC(COC(=O)CCCCCCC)OC(=O)CCCCCCC,,,,,,0,train
O=C1NC(=O)C(=Cc2ccc3c(c2)OC(F)(F)O3)S1,,,,,,0,train
CCC(N)CO,,,,,,1,train
Sc1ccccc1Cl,,,,,,1,test
C=C(C)C(=O)NCO,,,,,,0,train
Cl[Si](Cl)(c1ccccc1)c1ccccc1,,,,,,0,train
CC(C)C1CC=C(CCC=O)CC1,,,,,,0,train
C=CCCCCCCO,,,,,,0,train
NC(=O)Nc1cc(Nc2nc(Cl)nc(Nc3ccc(S(=O)(=O)CCOS(=O)(=O)O)cc3)n2)ccc1N=Nc1cc2c(S(=O)(=O)O)cc(S(=O)(=O)O)cc2cc1S(=O)(=O)O,,,,,,0,valid
Cc1cc(C)c(N)c(C)c1N,,,,,,0,train
CC(O)CC(C)CCc1ccccc1,,,,,,0,train
C[S+](C)C,,,,,,1,train
O=Cc1ccc(CO)o1,,,,,,0,train
CCC(C)CO,,,,,,0,test
O=C(O)C1=NN(c2ccc(S(=O)(=O)O)cc2)C(=O)C1N=Nc1ccc(S(=O)(=O)CCOS(=O)(=O)O)cc1,,,,,,1,train
C=CC(=O)OC1CC2CCC1(C)C2(C)C,,,,,,1,train
CC1CCCCC=CCCCCCCCC(=O)O1.CCC1CCCC=CCCCCCCCC(=O)O1.CCCC1CCC=CCCCCCCCC(=O)O1,,,,,,0,train
Cc1cc(C(C)(C)c2cc(C)c(O)c(C)c2)cc(C)c1O,,,,,,1,train
Cc1ccc(-n2nccn2)c(C(=O)N2C3CCC2C(COc2ccc(C(F)(F)F)cn2)C3)n1,,,,,,1,valid
O=C(Cl)c1cc(C(=O)Cl)cc(C(=O)Cl)c1,,,,,,0,train
O=C(Cl)C(F)(F)F,,,,,,0,train
Nc1ccncc1,,,,,,0,train
Cc1ccc(N=Nc2c(S(=O)(=O)O)cc3c(S(=O)(=O)O)c(Nc4nc(F)nc(N(C)CCS(=O)(=O)CCOS(=O)(=O)O)n4)ccc3c2O)c(S(=O)(=O)O)c1,,,,,,0,train
CCCCNCCC[Si](OC)(OC)OC,,,,,,0,test
c1ccc(CCOC2CCCCC2)cc1,,,,,,1,train
CCCCCC(=O)OC,,,,,,0,train
CN(C)C(=O)Nc1cccc(C(F)(F)F)c1,,,,,,1,train
C#CCO,,,,,,0,train
CCCCN=C=O,,,,,,0,valid
Clc1ncnc2[nH]ccc12,,,,,,0,train
C=COCCCCO,,,,,,0,train
Cc1cccc(OCCOc2cccc(C)c2)c1,,,,,,1,train
CC1(C)C(C=C(Cl)C(F)(F)F)C1C(=O)O,,,,,,0,train
CCCCCOC1OC(CO)C(O)C(O)C1O,,,,,,0,test
Cc1cnn(-c2ccc(C)nc2C(=O)N2C3CCC2C(COc2ccccn2)C3)c1,,,,,,1,train
CCCCCCCCCCCCCCOC(=O)OOC(=O)OCCCCCCCCCCCCCC,,,,,,0,train
O=c1occo1,,,,,,1,train
CCCCC,,,,,,0,train
CC(C)=CCCC(C)=CCCC(C)=CCCC(C)=CCCC(C)=CCC1=C(C)C(=O)c2ccccc2C1=O,,,,,,1,valid
N#Cc1nn(Cc2ccccc2F)c2ncc(F)cc12,,,,,,1,train
CC(C)COC(=O)C(C)C,,,,,,0,train
Nc1nc(CC(=O)O)cs1,,,,,,0,train
CC(=O)NC(CCCNC(=N)N)C(=O)NC1CCC(=O)NCCCC(C(N)=O)NC(=O)C(Cc2c[nH]c3ccccc23)NC(=O)C(CCCNC(=N)N)NC(=O)C(Cc2ccccc2)NC(=O)C(CCC(N)=O)NC1=O,,,,,,1,train
c1ccc(COc2ccc3ccccc3c2)cc1,,,,,,1,test
O=C(Nc1ccc(Cc2ccc(NC(=O)NC3CCCCC3)cc2)cc1)NC1CCCCC1,,,,,,0,train
O=C(O)c1ccc(C(=O)O)o1,,,,,,0,train
CCCCC(C=O)CC,,,,,,0,train
CC1CCC(C(C)C)C(=O)C1,,,,,,0,train
O=Cc1ccc2c(c1)OCO2,,,,,,0,valid
C=C[Si](C)(C)N[Si](C)(C)C=C,,,,,,0,train
COC1CC2CC1C1C=CCC21,,,,,,0,train
OC(CNCc1ccccc1)C1CCc2cc(F)ccc2O1,,,,,,1,train
CCCCCCC=O,,,,,,1,train
O=[N+]([O-])C(Br)(CO)CO,,,,,,1,test
CC(C)=CCCC(C)=CCCC=O,,,,,,1,train
C1=Cc2sc3ccccc3[n+]2CCCCCCCCN2C(=CC=Cc3sc4ccccc4[n+]3CCCCCCCCN3C(=C1)Sc1ccccc13)Sc1ccccc12,,,,,,0,train
CC(=O)c1ccccc1,,,,,,0,train
CC(O)CC(C)(C)c1ccccc1,,,,,,0,train
C=C(C)C(=O)OCCN=C=O,,,,,,0,valid
CCCCCC#CC(=O)OC,,,,,,1,train
Cc1nc2n(c(=O)c1CCN1CCC(C(=NO)c3ccc(F)cc3F)CC1)CCCC2,,,,,,0,train
O=C(O)c1ccc2ccccc2c1,,,,,,0,train
CCC(=O)N(c1ccccc1)C1CCN(Cc2ccccc2)CC1,,,,,,0,train
CC1(C)CC(N=C=O)CC(C)(CN=C=O)C1,,,,,,0,test
O=S(=O)(O)OCCS(=O)(=O)c1ccc(N=Nc2c(S(=O)(=O)O)cc3cc(Nc4nc(Cl)nc(Cl)n4)ccc3c2O)cc1,,,,,,0,train
Cc1cc(NC(=O)N(C)C)cc(NC(=O)N(C)C)c1,,,,,,0,train
O=CCCCC=O,,,,,,1,train
Nc1nc(C2CC2)nc(C(=O)O)c1Cl,,,,,,0,train
CCc1ccc(OCC(=O)NCc2cccc3ccccc23)cc1,,,,,,0,valid
COC(=O)Cc1ccccc1,,,,,,0,train
Cc1ccc(NC(=O)c2ccc(CN3CCN(C)CC3)cc2)cc1[N+](=O)[O-],,,,,,1,train
CCCCCCCCCCCCCCCCN,,,,,,1,train
C=Cc1ccccc1,,,,,,1,train
CO[Si](C)(CC(C)CNCCN)OC,,,,,,0,test
CCCCCCCCCCC(CCCCCCCC)COC(=O)C(C)O.CCCCCCCCCCC(CCCCCCCC)COC(=O)C(C)OC(=O)C(C)O.CCCCCCCCCCC(CO)CCCCCCCC,,,,,,0,train
CC(C)c1cc(C(C)C)cc(C(C)C)c1,,,,,,0,train
N#CC(CCBr)(c1ccccc1)c1ccccc1,,,,,,1,train
CCCCCC=CC=CC(=O)OCC,,,,,,1,train
CC(=O)OC1CC2(C)C(CC(O)C3C4(C)CCC(O)C(C)C4CCC32C)C1=C(CCC=C(C)C)C(=O)O,,,,,,1,valid
CC1=CC(C)OC(C(C)c2ccccc2)C1,,,,,,1,train
COCCOCCOCC(=O)O,,,,,,0,train
COC1C=COC2(C)Oc3c(C)c(O)c4c(c3C2=O)C(N)=C(N)C(=NC(=O)C(C)=CC=CC(C)C(O)C(C)C(O)C(C)C(OC(C)=O)C1C)C4=O,,,,,,0,train
CC=CC(=O)OC(C)CC(C)C,,,,,,0,train
CC(C)(O)C(=O)c1ccccc1,,,,,,1,test
O=C(OCCO)c1ccc(C(=O)OCCO)cc1,,,,,,0,train
Cn1c(=O)c2[nH]cnc2n(C)c1=O,,,,,,0,train
CCCCCCCCCCCCCCCCCCCCCCCCO,,,,,,0,train
CC12CCC3c4ccc(O)cc4CCC3C1CCC2=O,,,,,,1,train
Cc1ccc(N2C(=O)C=CC2=O)cc1N1C(=O)C=CC1=O,,,,,,0,valid
CCN1CCNCC1,,,,,,0,train
O=S(=O)(O)CCBr,,,,,,0,train
CC(N)C(=O)NC(CSSCC(NC(=O)C(C)N)C(=O)O)C(=O)O,,,,,,1,train
O=P1(O)Oc2ccccc2-c2ccccc21,,,,,,0,train
COc1cc(C#N)cc(OC)c1O,,,,,,0,test
CCCCCC1CCC(=O)O1,,,,,,0,train
CC(C)(C)OOC(=O)C(C)(C)C,,,,,,1,train
OCC1CCC(Nc2ccn3ncc(-c4cccc(OC(F)(F)F)c4)c3n2)CC1,,,,,,0,train
OC1(c2ccc(Cl)cc2)CCNCC1,,,,,,0,train
CN(C)CCOCCO,,,,,,0,valid
CC(=O)Oc1cccc(OC(C)=O)c1,,,,,,0,train
CCCC(C)=NO[Si](C)(ON=C(C)CCC)ON=C(C)CCC,,,,,,0,train
O=C(O)c1ccccc1C(=O)c1ccc(-c2ccccc2)cc1,,,,,,0,train
CC(C)(OCCN)OCCN,,,,,,0,train
CC(C)CC(=O)CC(C)C,,,,,,0,test
COc1ccc2c(c1)CCCC2=O,,,,,,0,train
O=C1CC(=O)NC(=O)N1,,,,,,0,train
COC(=O)NC(=S)Nc1ccccc1NC(=S)NC(=O)OC,,,,,,0,train
O=S(=O)(O)C(F)(F)F,,,,,,0,train
COc1ncc(N2CCOc3ccc(OC4CCN(C(=O)c5cnccn5)C4)cc32)cc1C#N,,,,,,0,valid
CCCCCC(=O)OCC,,,,,,0,train
COc1ccccc1NC(=O)C(N=Nc1ccc(-c2ccc(N=NC(C(C)=O)C(=O)Nc3ccccc3OC)c(Cl)c2)cc1Cl)C(C)=O,,,,,,0,train
C[SiH](C)C,,,,,,0,train
CSCCC(NC(=O)C(CC(C)C)NC(=O)CNC(=O)C(Cc1ccccc1)NC(=O)C(Cc1ccccc1)NC(=O)C(CCC(N)=O)NC(=O)C(CCC(N)=O)NC(=O)C1CCCN1C(=O)C(CCCCN)NC(=O)C1CCCN1C(=O)C(N)CCCN=C(N)N)C(N)=O,,,,,,1,train
NCCCOCCOCCCN,,,,,,1,test
OCCOc1ccc2ccccc2c1,,,,,,1,train
Cn1cc(-c2cc(C(N)=O)nc3cc(CN4CCOCC4(C)C)ccc23)cn1,,,,,,0,train
CCCCCC=CCC(CC(=O)O)C(=O)O,,,,,,0,train
C=CC(=O)O.CC(C)(c1ccc(O)cc1)c1ccc(O)cc1.ClCC1CO1,,,,,,1,train
CC(=O)OCCc1ccccc1,,,,,,0,valid
FC(F)(F)c1ccc(Cl)cc1,,,,,,1,train
C=COCCOCCOC(=O)C=C,,,,,,1,train
CCCC1CC(C)(OC(C)=O)CCO1,,,,,,0,train
C=CC(=O)OCCCCCCCCCCCCCCCCCCCC,,,,,,0,train
CC(C)Cc1ccccc1,,,,,,1,test
COC(=O)NC[Si](C)(OC)OC,,,,,,0,train
CC[N+](CC)(CC)CC,,,,,,0,train
CC12C=CC(C1)C1C(=O)OC(=O)C12,,,,,,0,train
CC1(O)CCC2CC1C2(C)C,,,,,,0,train
N=C(N)N,,,,,,0,valid
O=C(CCc1ccc(O)cc1)c1c(O)cc(O)cc1OC1OC(CO)C(O)C(O)C1O,,,,,,0,train
Cc1cc(Nc2cc3nc(CN4CCC(F)(F)CC4)ccc3c(NC3CC4CCC(C3)N4CC(C)C)n2)n[nH]1,,,,,,0,train
CC1(C)CC(=O)CC(C)(C#N)C1,,,,,,0,train
CCc1cccc2c(CCO)c[nH]c12,,,,,,0,train
O=P(Cl)(Cl)c1ccccc1,,,,,,0,test
CC(C)COP(O)(=S)OCC(C)C,,,,,,0,train
CN(C)CCCNc1cc2c3c(ccc4c5ccc6c7c(ccc(c1c34)c75)C(=O)N(CCCN(C)C)C6=O)C(=O)N(CCCN(C)C)C2=O,,,,,,1,train
CCCCC(CC)COC(=O)CCS,,,,,,1,train
CCCCC1OC(C)CC(C)(C)O1,,,,,,0,train
CC(O)C(=O)O.CCN(CC)CCCNc1nc(NCCCN(CC)CC)nc(Nc2ccc3c(O)c(N=Nc4ccc5[nH]c(=O)[nH]c5c4)c(S(=O)(=O)O)cc3c2)n1,,,,,,0,valid
c1ccc(CNCc2ccccc2)cc1,,,,,,1,train
CC(C)(O)C1CCC(Nc2ccc3ncc(-c4cccc(Cl)c4)n3n2)C1,,,,,,1,train
CCC(C)c1cc(C(C)CC)c(O)c(C(C)CC)c1,,,,,,1,train
CNC(=O)c1cccc(C(=O)Cn2c(=O)c3c(nc(N4CCCC(N)C4)n3CC=C(C)C)n(C)c2=O)c1,,,,,,0,train
CC(C)CCCC(C)CCCC(C)CCCC(C)(O)C(O)CO,,,,,,1,test
C=CS(=O)(=O)c1ccc(N=Nc2c(S(=O)(=O)O)cc3cc(S(=O)(=O)O)c(N=Nc4ccc(S(=O)(=O)C=C)cc4S(=O)(=O)O)c(O)c3c2N)cc1,,,,,,0,train
CCO[Si](CCl)(OCC)OCC,,,,,,0,train
COC1OC(C)C2OC(C)(C)OC12,,,,,,0,train
CN(C1CCCCC1)C1CCCCC1,,,,,,1,train
COc1ccc(C(OCC2OC(n3cc(C)c(=O)[nH]c3=O)CC2O)(c2ccccc2)c2ccc(OC)cc2)cc1,,,,,,0,valid
Nc1ncnc2c1ncn2C1OC(CO)C(O)C1O,,,,,,0,train
COCc1ccc(-c2ccc(COC)cc2)cc1,,,,,,0,train
O=C(O)O,,,,,,0,train
CC1(C)C2CC=C(CCC=O)C1C2,,,,,,0,train
COc1ccc(N2CCN(c3ccc(-n4cn[nH]c4=O)cc3)CC2)cc1,,,,,,1,test
CC(C)(N)CO,,,,,,0,train
CCO[Si](CN1CCOCC1)(OCC)OCC,,,,,,1,train
O[Si](O)(c1ccccc1)c1ccccc1,,,,,,1,train
O=c1c2cc(Br)c3cccc4c(=O)c5cc(Br)c6cccc1c6c5-c2c34,,,,,,1,train
CC(C)OC(=O)OOC(=O)OC(C)C,,,,,,1,valid
CN(CCO)c1nc(Nc2ccccc2)nc(Nc2ccc(C=Cc3ccc(Nc4nc(Nc5ccccc5)nc(N(C)CCO)n4)cc3S(=O)(=O)O)c(S(=O)(=O)O)c2)n1,,,,,,0,train
C=CC(=O)OCCCCOC(=O)C=C,,,,,,1,train
C1CC(N2CCOCC2)CCN1,,,,,,0,train
CC(C)(c1ccc(O)cc1)c1cccc(C(C)(C)c2ccc(O)cc2)c1,,,,,,1,train
OCC(CO)(CO)CO,,,,,,0,test
CC(=O)Nc1ccc(NC(=O)c2cc3ccccc3c(N=Nc3cc(C(N)=O)ccc3Cl)c2O)cc1,,,,,,0,train
O=Cc1cc(-c2cccc(C(=O)NCc3ccccc3)c2)ccc1O,,,,,,0,train
O=C(c1ccccc1Cl)C1CCCC1,,,,,,1,train
CC1=CCC(CC#N)C1(C)C,,,,,,0,train
CCc1ccc(O)cc1,,,,,,0,valid
Cc1ccc(OP(Oc2ccc(C)cc2)Oc2ccc(C)cc2)cc1,,,,,,0,train
CC(C)(C)c1ccc(O)c(-n2nc3ccccc3n2)c1,,,,,,1,train
CCCCC(N)C(=O)O,,,,,,1,train
O=C(Nc1cnc(Oc2ccc(-c3cnc(N4CCCC4=O)s3)cc2)nc1)Nc1cc(C2CC2)nn1-c1ccccc1,,,,,,0,train
Cc1cc(Br)nn1-c1ncccc1Cl,,,,,,0,test
CCOC(=O)CC(C)CC(C)(C)C,,,,,,1,train
CN1CCCN(C)C1=O,,,,,,0,train
O=C(CS)OCC(O)CO,,,,,,0,train
CCCCO[P+](C)=O,,,,,,0,train
CC(C=O)Cc1ccc(C(C)C)cc1,,,,,,1,valid
CCCCCCC(C)=O,,,,,,0,train
CN1CCN(C(=O)C(OCc2ccccc2)C(OCc2ccccc2)C(OCc2ccccc2)C2(COCc3ccccc3)COC(C)(C)O2)CC1,,,,,,1,train
Cc1ccc(S(=O)(=O)NCCCCCC(=O)O)cc1.OCCN(CCO)CCO,,,,,,0,train
CCCCCCCCCCCCCCC1CO1,,,,,,1,train
CC(C)(C)CC(C)(C)OO,,,,,,0,test
O=C1CCC(Nc2ccc3ncc(-c4cccc(Cl)c4)n3n2)CC1,,,,,,0,train
CS(=O)(=O)OCCOCCOCCOS(C)(=O)=O,,,,,,0,train
C=CC(=O)OCCOc1ccccc1-c1ccccc1,,,,,,0,train
Nc1c(OCCO)nn2ccccc12,,,,,,1,train
CC1CCS(=O)(=O)C1,,,,,,0,valid
C=C[Si](C=C)(C=C)C=C,,,,,,1,train
CNC(=O)c1cc(C#N)cc(C)c1NC(=O)c1cc(Cn2nnc(C(F)(F)F)n2)nn1-c1ncccc1Cl,,,,,,1,train
O=S(=O)(Nc1ccc(O)cc1)c1ccccc1,,,,,,1,train
CCn1cc[n+](C)c1,,,,,,0,train
NCCCCCCNCCCCCCN,,,,,,1,test
CC(=O)C(N=Nc1ccc(Cl)cc1[N+](=O)[O-])C(=O)Nc1ccc2[nH]c(=O)[nH]c2c1,,,,,,1,train
CC1C(C)(C)C2CCc3cncnc3C2C1(C)C,,,,,,1,train
CCCCCCCCCCCC(=O)NCCC[N+](C)(C)C.COS(=O)(=O)O,,,,,,1,train
CCC=CCCOC(=O)c1ccccc1O,,,,,,1,train
Cc1nc2ccccc2c(C(=O)O)c1O,,,,,,0,valid
CCC=CCCCCCCCC(=O)N(C)C,,,,,,1,train
Nc1c[n+](N2CCOCC2)no1,,,,,,0,train
C[N+](C)(C)CC(O)CC(=O)O,,,,,,0,train
CCCCOC(=O)NC1CCC(CC2CCC(NC(=O)OCCCC)CC2)CC1,,,,,,0,train
CCCCCCCCCCCCCCCCCCCCCC(=O)OCC(O)COC(=O)CCCCCCCCCCCCCCCCCCC(=O)OCC(O)COC(=O)CCCCCCCCCCCCCCCCCCCCC,,,,,,0,test
[H]c1c([H])c([H])c2c(c1[H])C(=O)C(CC=C(C)CCC=C(C)CCC=C(C)CCC=C(C)C)=C(C([H])([H])[H])C2=O,,,,,,0,train
O=Cc1c(O)ccc2cc(-c3cccc(C(=O)O)c3)ccc12,,,,,,1,train
CCC(O)COC1CCCCC1C(C)(C)C,,,,,,0,train
CC(=O)N1c2ccccc2C(C)CC1(C)C,,,,,,1,train
C=C(C)C(=O)OCCOCCOCCOCC,,,,,,0,valid
CCOc1ccccc1C(N)=NO,,,,,,0,train
CCOC(=O)CNC(=O)C1CC(C)CCC1C(C)C,,,,,,0,train
C=CC(=O)OCCCCCCCCCCCC,,,,,,0,train
COc1cc(OC)n2nc(N)nc2n1,,,,,,0,train
CC(=O)C(N=Nc1cc(C(=O)Nc2cc(C(F)(F)F)ccc2Oc2ccc(Cl)cc2)ccc1Cl)C(=O)Nc1cc(Cl)c(NC(=O)C(N=Nc2cc(C(=O)Nc3cc(C(F)(F)F)ccc3Oc3ccc(Cl)cc3)ccc2Cl)C(C)=O)cc1C,,,,,,0,test
CC1OC(C)C2Cc3ccccc3C2O1,,,,,,0,train
CCCCOCCOP(=O)(OCCOCCCC)OCCOCCCC,,,,,,0,train
Cc1c(CN2CCc3cc(S(=O)(=O)Nc4ccc(CCCC5CCCC5)cc4F)ccc3C2)cnn1-c1ccccc1,,,,,,1,train
CCn1cc[n+](C)c1.O=S(=O)(NS(=O)(=O)C(F)(F)F)C(F)(F)F,,,,,,1,train
CC(C)C1C2CCC1c1c(NC(=O)c3cn(C)nc3C(F)F)cccc12,,,,,,1,valid
Cc1nc2cc(-c3ccccc3)c(-c3ccc(C4(N)CCC4)cc3)nn2c1C=CC(N)=O,,,,,,1,train
CNS(=O)(=O)c1cc(OC)c(N=Nc2c(O)c(C(=O)Nc3ccc4[nH]c(=O)[nH]c4c3)cc3ccccc23)cc1C,,,,,,1,train
O=C(C(F)(F)F)C(F)(C(F)(F)F)C(F)(F)F,,,,,,0,train
CC(C)(C)CCCCCCCCCN,,,,,,1,train
CC(C)C(=O)OOC(C)(C)C,,,,,,1,test
OCC1COC(Cn2cncn2)(c2ccc(Cl)cc2Cl)O1,,,,,,0,train
CC(C)COP(=S)(S)OCC(C)C,,,,,,0,train
Cc1cc(N)ccc1N,,,,,,0,train
CC(=O)OCc1ccccc1,,,,,,0,train
O=C(CCNc1ccc(N=Nc2ccc([N+](=O)[O-])cc2)cc1Cl)OCC(=O)OCCN1C(=O)c2ccccc2C1=O,,,,,,1,valid
CC(=O)CC(=O)Nc1ccccc1Cl,,,,,,0,train
Cc1ccc(NC(=O)Nc2ccc(Cc3ccc(NC(=O)Nc4ccc(C)cc4)cc3)cc2)cc1,,,,,,1,train
CCOP(=O)(CN(CCO)CCO)OCC,,,,,,0,train
Cc1cc(O)ccc1Cl,,,,,,0,train
CC(C)(O)C(=O)c1ccc(OCCO)cc1,,,,,,1,test
CCN(c1ccc(S(=O)(=O)CCOS(=O)(=O)O)cc1)c1nc(Cl)nc(Nc2cc(S(=O)(=O)O)cc3cc(S(=O)(=O)O)c(N=Nc4ccc5ccccc5c4S(=O)(=O)O)c(O)c23)n1,,,,,,0,train
CCO[Si](OCC)(OCC)OCC,,,,,,0,train
COC12CC(CO)CN(C)C1Cc1c[nH]c3cccc2c13,,,,,,0,train
CC(=C(O)C(O)C(O)C(O)C(O)C(O)=C(C)c1ccccc1)c1ccccc1,,,,,,1,train
Oc1ccc(Cl)c(O)c1,,,,,,0,valid
CCOC(=O)c1c(N(Cc2c(F)cccc2F)C(=O)OCC)sc(-c2ccc([N+](=O)[O-])cc2)c1CBr,,,,,,1,train
CNC(=O)c1cc(C#N)cc(C)c1N,,,,,,0,train
Cc1c(C)c2c(c(C)c1OC(=O)c1cccnc1)CCC(C)(CCCC(C)CCCC(C)CCCC(C)C)O2,,,,,,0,train
C=C(C)C(=O)OC(CO)COCCC[Si](C)(C)O[Si](C)(C)O[Si](C)(C)O[Si](C)(C)O[Si](C)(C)CCCC.C=C(C)C(=O)OC(CO)COCCC[Si](C)(C)O[Si](C)(C)O[Si](C)(C)O[Si](C)(C)O[Si](C)(C)CCCC.C=C(C)C(=O)OCC(O)COCCC[Si](C)(C)O[Si](C)(C)O[Si](C)(C)O[Si](C)(C)O[Si](C)(C)CCCC.C=C(C)C(=O)OCC(O)COCCC[Si](C)(C)O[Si](C)(C)O[Si](C)(C)O[Si](C)(C)O[Si](C)(C)CCCC,,,,,,1,train
Cc1nnc(SC(C)C(=O)N2CCc3ccccc3C2)s1,,,,,,0,test
NC(CO)CO,,,,,,0,train
CC(=O)OCC1=C(C(=O)O)N2C(=O)C(N)C2SC1,,,,,,0,train
OCc1ccc(Cl)cc1Cl,,,,,,0,train
ClCC1CO1.Nc1ccc(Cc2ccc(N)cc2)cc1,,,,,,1,train
O=C(Nc1ccc2[nH]c(=O)[nH]c2c1)c1cc2ccccc2c(N=Nc2cc(Cl)ccc2Cl)c1O,,,,,,1,valid
O=S1(=O)CS(=O)(=O)OCO1,,,,,,0,train
CC(=O)OC1CCCCC1C(C)(C)C,,,,,,1,train
CC(O)CN(CC(C)O)c1nc(Nc2ccc(S(=O)(=O)O)cc2)nc(Nc2ccc(C=Cc3ccc(Nc4nc(Nc5ccc(S(=O)(=O)O)cc5)nc(N(CC(C)O)CC(C)O)n4)cc3S(=O)(=O)O)c(S(=O)(=O)O)c2)n1,,,,,,0,train
O=C1C2C(C(=O)N1CCCCN1CCN(c3ccccn3)CC1)C1(c3ccccc3)C(=O)C2(c2ccccc2)c2c1c1ccccc1c1ccccc21,,,,,,1,train
CC(C)(O)C(=O)c1ccc(Cc2ccc(C(=O)C(C)(C)O)cc2)cc1,,,,,,1,test
COC(=O)c1cnc2cc(Nc3cc(C)[nH]n3)nc(NC3CC4CCC(C3)N4CCF)c2c1,,,,,,1,train
CNS(=O)(=O)C(F)(F)C(F)(F)C(F)(F)C(F)(F)F,,,,,,0,train
Nc1cc(C(=O)NCC(O)CO)cc(C(=O)NCC(O)CO)c1,,,,,,0,train
CC(=O)C1=C(C)C2CC3(C1)C(C)CCC3C2(C)C,,,,,,0,train
CC(CO)CO.CCCCCCCC(=O)SCCC[Si](OCC)(OCC)OCC.CCO[Si](CCCS)(OCC)OCC,,,,,,1,valid
CCCCCCCCC=CCCCCCCCC(=O)NC(=N)N(NC(=O)CCCCCCCCCCCCCCCCC)C(=O)CCCCCCCCCCCCCCC,,,,,,1,train
CCOS(=O)(=O)O.CCn1cc[n+](C)c1,,,,,,0,train
CC(N)C(=O)NCC(=O)NC(Cc1ccc(O)cc1)C(=O)NC(CCCCN)C(=O)N1CCCC1C(=O)NC(CC(=O)O)C(=O)NC(CCC(=O)O)C(=O)NCC(=O)NC(CCCCN)C(=O)NC(CCCNC(=N)N)C(=O)NCC(=O)NC(CC(=O)O)C(=O)NC(C)C(=O)NC(CS)C(=O)NC(CCC(=O)O)C(=O)NCC(=O)NC(CC(=O)O)C(=O)NC(CO)C(=O)NCC(=O)NCC(=O)N1CCCC1C(=O)NC(Cc1ccccc1)C(=O)NC(C(N)=O)C(C)C,,,,,,0,train
O=C(O)c1ccccn1,,,,,,0,train
O=C(Nc1ccccc1)Nc1ccccc1NS(=O)(=O)c1ccccc1,,,,,,0,test
CC(=O)C1CCC2C3CC=C4CC(O)CCC4(C)C3CCC12C,,,,,,1,train
O=C(Nc1ccccc1)c1cc2ccccc2c(N=Nc2cc(Cl)ccc2Cl)c1O,,,,,,1,train
C=CCNCC=C,,,,,,1,train
c1ccc(C(c2ccccc2)N2CCNCC2)cc1,,,,,,1,train
CCCCCCCCCCCCCCCCCCn1c(=O)c2ccc3sc4ccccc4c4ccc(c1=O)c2c34,,,,,,1,valid
O=C(OC(C(=O)O)C(OC(=O)c1ccccc1)C(=O)O)c1ccccc1,,,,,,0,train
CC1C(C)(C)C2=C(C3OCOCC3CC2)C1(C)C,,,,,,1,train
C=CC(=O)OCC(C)C,,,,,,1,train
Cc1ccc(C=O)cc1C,,,,,,0,train
CCC(=O)O,,,,,,0,test
O=C(c1ccc(F)cc1)C1CCNCC1,,,,,,0,train
CC(C)COC(=O)Cc1ccccc1,,,,,,0,train
O=C1CCC(=O)O1,,,,,,0,train
OCC(O)COCC(O)CO,,,,,,0,train
O=C1C=CC(=O)O1,,,,,,0,valid
CC=CC(=O)C1C(C)C=CCC1(C)C,,,,,,1,train
C=CP(=O)(O)O,,,,,,0,train
O=S(=O)(OS(=O)(=O)C(F)(F)F)C(F)(F)F,,,,,,0,train
CC(=O)CC(=O)OCCOC(=O)CC(C)=O,,,,,,0,train
CC(=O)C(N=Nc1ccccc1C(F)(F)F)C(=O)Nc1ccc2[nH]c(=O)[nH]c2c1,,,,,,1,test
CCCCN1CCCC1=O,,,,,,0,train
Cc1ccc(NC(=O)Nc2ccc(C)c(NC(=O)Nc3ccc(C)cc3)c2)cc1,,,,,,1,train
CC(C)C1CCC(O)CC1,,,,,,0,train
NC(Cc1ccccc1)C(=O)O,,,,,,0,train
O=C1OCCCO1,,,,,,0,valid
CCCCCCCCCC(=O)OCCCC,,,,,,1,train
C=CC(=O)OCCCCCCCC(C)C,,,,,,0,train
CCCCCCCCCCCCCCCC(=O)O.CCCCCCCCCCCCCCCCCC(=O)O,,,,,,0,train
Nc1ccc2cc(S(=O)(=O)O)cc(O)c2c1N=Nc1ccc(Nc2nc(NCCS(=O)(=O)O)nc(N(CCO)CCO)n2)cc1S(=O)(=O)O,,,,,,0,train
Cc1occc(=O)c1O,,,,,,1,test
CCC(C)(C)OOC(C)(CC)OOC(C)(C)CC,,,,,,1,train
C=CC=CC=CC=CC=CC=CC=CC(=O)O,,,,,,0,train
FC(=CCl)C(F)F,,,,,,0,train
CC(C)(O)CCc1ccccc1,,,,,,0,train
O=COCc1ccccc1,,,,,,0,valid
Nc1cc(Cl)nc(C(=O)O)c1Cl,,,,,,0,train
O=C1CC(c2ccc(O)cc2)C2(O)C(=O)OC(C(O)CO)C2O1,,,,,,1,train
CCCCCCOC1CCC(C)(C)O1,,,,,,0,train
CC(C)=CCC(C)CC(C)CO,,,,,,0,train
CC(=O)C1CCOC1=O,,,,,,0,test
O=Cc1ccccn1,,,,,,0,train
CNS(=O)(=O)c1cc(OC)c(N=Nc2c(O)c(C(=O)Nc3ccc4[nH]c(=O)[nH]c4c3)cc3ccccc23)cc1OC,,,,,,1,train
COC(=O)C1C(C)C=CCC1(C)C,,,,,,0,train
O=c1[nH]c2ccccc2n1CCCCl,,,,,,0,train
O=[N+]([O-])c1ccccc1,,,,,,0,valid
CCCCC(CC)C1OCCN1CCCC,,,,,,1,train
NCCCN(CCO)CCO,,,,,,0,train
CCC(C)CCCC(C)(C)O,,,,,,0,train
Fc1c(Cl)cc(Br)cc1Cl,,,,,,1,train
CC(C)(C)c1ccc(OC(=O)c2cc(C(C)(C)C)c(O)c(C(C)(C)C)c2)c(C2C(=O)Oc3ccc(C(C)(C)C)cc32)c1,,,,,,1,test
COC1C=COC2(C)Oc3c(C)c(O)c4c(c3C2=O)C(=O)C(N)=C(NC(=O)C(C)=CC=CC(C)C(O)C(C)C(O)C(C)C(OC(C)=O)C1C)C4=O,,,,,,0,train
CCCCOC(=O)c1ccccc1N=Nc1c(O)c(C(=O)Nc2ccc3[nH]c(=O)[nH]c3c2)cc2ccccc12,,,,,,1,train
CCCCCCCCCCCC(=O)NC(N)=NCCCC(N)C(=O)OCC.O=C1CCC(C(=O)O)N1,,,,,,1,train
CC(CC=O)c1ccccc1,,,,,,0,train
O=C(c1ccccc1)c1ccc(O)cc1,,,,,,1,valid
CCO[Si](C)(CCCOCC1CO1)OCC,,,,,,0,train
CO[Si](C)(CCCNCCN)OC,,,,,,0,train
C=CC(=O)NC1CCCN(c2ccc(C(N)=O)c3[nH]c(C)c(C)c23)C1,,,,,,1,train
Cc1cn(C2CC(O)C(CO)O2)c(=O)[nH]c1=O,,,,,,0,train
CC(=Cc1ccc(C)cc1)CO,,,,,,1,test
CC(=O)C1CCc2cc(F)ccc2O1,,,,,,0,train
C=C(Cl)C(=O)O,,,,,,0,train
CCC(C)C(C(CC(=O)N1CCCC1C(OC)C(C)C(=O)NC(Cc1ccccc1)c1nccs1)OC)N(C)C(=O)C(NC(=O)C(C(C)C)N(C)C)C(C)C,,,,,,1,train
CCCC(=O)OC(C)C1CCCCC1,,,,,,1,train
O=C1CCC(N2C(=O)c3ccccc3C2=O)C(=O)O1,,,,,,0,valid
C=CC(=O)OCCOC(=O)CCC(=O)O,,,,,,1,train
OC[P+](CO)(CO)CO,,,,,,1,train
O=c1c2ccc3c(=O)n4c5ccccc5nc4c4ccc(c2c34)c2nc3ccccc3n12.O=c1c2ccc3c4c(ccc(c24)c2nc4ccccc4n12)c(=O)n1c2ccccc2nc31,,,,,,1,train
Clc1ccc(CNc2nc(NCCc3c[nH]cn3)nc(NC3CCCCC3)n2)cc1,,,,,,1,train
C=C(C)C(=O)OCCC(C)OC(=O)C(=C)C,,,,,,1,test
CCCCCCCCCC[N+](C)(C)[O-],,,,,,1,train
O=C=Nc1ccc(Cl)cc1Cl,,,,,,0,train
CN(C)C1CCCCC1,,,,,,1,train
CCC[Si](OC(C)=O)(OC(C)=O)OC(C)=O,,,,,,0,train
CCCCCCCCO,,,,,,0,valid
CC1CC(C)(c2ccccc2)CO1,,,,,,0,train
Fc1ccccc1CCl,,,,,,1,train
C=Cc1ccc(OC(C)(C)C)cc1,,,,,,1,train
NC(=O)CCN(CCO)c1nc(Nc2ccccc2)nc(Nc2ccc(C=Cc3ccc(Nc4nc(Nc5ccccc5)nc(N(CCO)CCC(N)=O)n4)cc3S(=O)(=O)O)c(S(=O)(=O)O)c2)n1,,,,,,0,train
CC(C)(NC(=O)C(Cc1cnc[nH]1)NC(=O)OCC1c2ccccc2-c2ccccc21)C(=O)O.O=C(O)C(F)(F)F,,,,,,0,test
O=C(O)c1ccccc1C(=O)O,,,,,,0,train
CCOC(=O)C(C)O,,,,,,0,train
CC(N)CO,,,,,,1,train
Cc1cnn(C)c1,,,,,,0,train
CCC(C(=O)O)c1ccc(N2C(=O)c3ccccc3C2=O)cc1,,,,,,0,valid
CCC(C)NCCO,,,,,,1,train
O=C1COCCO1,,,,,,0,train
C=C(C)C(=O)OCCC[Si](OCC)(OCC)OCC,,,,,,0,train
Cc1ccc(C(=O)c2cccc(Br)n2)cc1,,,,,,1,train
CCCCCC(=O)CC,,,,,,0,test
Cc1cc(-c2ccc(C)nc2C(=O)N2C3CCC2C(COc2ccccn2)C3)on1,,,,,,1,train
C=CCBr,,,,,,1,train
C=C[Si](ON=C(C)CCC)(ON=C(C)CCC)ON=C(C)CCC,,,,,,0,train
CCCCCCCCCCCCCCCCN(C)C,,,,,,1,train
O=C(OCC1CO1)c1ccc(C(=O)OCC2CO2)c(C(=O)OCC2CO2)c1,,,,,,1,valid
Oc1ccc(-c2ccccc2)cc1,,,,,,1,train
COc1ccc(OC)cc1,,,,,,0,train
CC(COCC(C)OC(=O)c1ccccc1)OC(=O)c1ccccc1.O=C(OCCOCCOC(=O)c1ccccc1)c1ccccc1.O=C(OCCOCCOCCOC(=O)c1ccccc1)c1ccccc1,,,,,,1,train
CCCC[P+](CCCC)(CCCC)CCCC.F.[F-],,,,,,1,train
CN(C)CCCN,,,,,,0,test
CO[Si](CCCOCC1CO1)(OC)OC,,,,,,0,train
CCN(CC)CCCNC(=O)c1ccc(N=NC(C(C)=O)C(=O)Nc2ccc3[nH]c(=O)[nH]c3c2)cc1,,,,,,1,train
NCC1CCCC(CN)C1,,,,,,0,train
CC(C)C=NCC1CCCC(CN=CC(C)C)C1,,,,,,0,train
CCCS,,,,,,1,valid
COc1ccc(C(=O)O)cc1,,,,,,0,train
NC(=O)c1ccccc1N,,,,,,0,train
CCOC(=O)c1c(N)sc(-c2ccc([N+](=O)[O-])cc2)c1C,,,,,,1,train
CC(=O)Cc1c(Cl)cc(Cl)cc1Cl,,,,,,0,train
OCC1CN2CCN1CC2,,,,,,0,test
CCCCCCCCN1CCCC1=O,,,,,,0,train
N#Cc1ccc(O)c(O)c1,,,,,,1,train
Cc1nc(C(F)(F)F)sc1Cn1c2c(c3cccnc31)CCN(C(=O)CC1CCC(C)(C(=O)O)C1(C)C)C2,,,,,,1,train
CCCC(C)=O,,,,,,0,train
N#CC1CC(O)CCC1n1cc(C(N)=O)c(Nc2ccc(C(F)(F)F)nc2)n1,,,,,,0,valid
CCC(=O)OC1C(C)OC(OC2C(C)C(=O)OC(C)C(C)C(OC(=O)CC)C(C)C(=O)C3(CO3)CC(C)C(OC3OC(C)CC(N(C)C)C3O)C2C)CC1OC,,,,,,1,train
OCC(O)C1OC(c2ccccc2)OC2COC(c3ccccc3)OC21,,,,,,0,train
CCCCCCCC(=O)OCCOc1ccccc1,,,,,,0,train
CCN1CCCC1CNC(=O)c1cc2c(=O)n(C)c3ccccc3c2n1C,,,,,,0,train
O=C(NC1CCOCC1)c1cc(C2CC2NCC2CC2)cs1,,,,,,0,test
O=C(NCO)NCO,,,,,,0,train
CCCCCCCCCC(=O)N(C)C,,,,,,0,train
CCCCCOC(=O)CC,,,,,,0,train
N#Cc1cccc(S(=O)(=O)CCCS(=O)(=O)O)c1C#N,,,,,,0,train
CCCCCCCCC=COCC,,,,,,1,valid
COc1cc(C#N)ccc1C=O,,,,,,1,train
CC(C)(C=O)CN1CCOCC1,,,,,,0,train
CC(O)C(=O)OCC1CC=CCC1,,,,,,0,train
CC1CCC(C(C)C)C2(C1)OCC(CO)O2,,,,,,0,train
CC(C)(O)C1CCC(Nc2ccc3ncc(-c4cccc(OC(F)(F)F)c4)n3n2)CC1,,,,,,1,test
COc1ncc(-c2cc(C(N)=O)nc3cc(CN4CCOC(C(F)(F)F)C4)ccc23)s1,,,,,,1,train
CC(CCC(=O)O)C1CCC2C3C(O)CC4CC(O)CCC4(C)C3CCC12C,,,,,,0,train
CCc1cc(CC)c2sc3ccccc3c(=O)c2c1,,,,,,1,train
CC(=O)Oc1c(C)c(C)c2c(c1C)CCC(C)(CCCC(C)CCCC(C)CCCC(C)C)O2,,,,,,0,train
O=C(O)CN(CCO)CCN(CC(=O)O)CC(=O)O,,,,,,0,valid
COc1cncc(Cc2ccc3c(-c4ccc(F)cc4)cc(C(N)=O)nc3c2)c1,,,,,,1,train
CCCCC(CC)COCOCC(CC)CCCC,,,,,,0,train
O=C1OC(c2ccc(O)cc2)(c2ccc(O)cc2)c2ccccc21,,,,,,1,train
CCCCCCCCCCCCCCCCCCO.CCCCCCCCCCCCCCCCO,,,,,,0,train
O=C(OC1COC2OCCC12)ON1C(=O)CCC1=O,,,,,,0,test
CC(C)(C)[Si](C)(C)Cl,,,,,,0,train
CCCCCCCCCC(=O)OC,,,,,,1,train
Cc1nc2ccccn2c(=O)c1CCCl,,,,,,0,train
CC(=O)c1ccc(Cl)cc1Cl,,,,,,0,train
CCCCCCCCCCCC(=O)NC(CCC(=O)O)C(=O)O.NCCCCC(N)C(=O)O,,,,,,0,valid
O=S(=O)(O)c1ccc(S(=O)(=O)O)c(Nc2nc(Nc3ccc(C=Cc4ccc(Nc5nc(Nc6cc(S(=O)(=O)O)ccc6S(=O)(=O)O)nc(N(CCO)CCO)n5)cc4S(=O)(=O)O)c(S(=O)(=O)O)c3)nc(N(CCO)CCO)n2)c1,,,,,,0,train
OCC(O)CS.OCCCOCC(COCCCO)(COCCCO)COCCCO,,,,,,0,train
CC(=O)CC(=O)Nc1ccc(-c2ccc(NC(=O)CC(C)=O)c(C)c2)cc1C,,,,,,0,train
O=C(Cc1ccccc1)OCCc1ccccc1,,,,,,1,train
CCOC(=S)S,,,,,,1,test
CC[Si](OC(C)=O)(OC(C)=O)OC(C)=O,,,,,,0,train
CCCCCCC(=O)CO,,,,,,0,train
O=C(O)CCCC(=O)O,,,,,,0,train
C=CC[N+](C)(C)CC=C,,,,,,0,train
CSCSC,,,,,,0,valid
ClCc1ccc(CCl)cc1,,,,,,1,train
COC(=O)C=Cc1ccccc1,,,,,,0,train
CC(C)(C=NCCCCCCN=CC(C)(C)CN1CCOCC1)CN1CCOCC1,,,,,,0,train
CCCCNC(=S)N(CCCC)CCCC,,,,,,1,train
O=C=Nc1cccc(C(F)(F)F)c1,,,,,,0,test
COC(=O)c1ccccc1-c1ccc(CBr)cc1,,,,,,0,train
CCCCOc1nc(N)c2nc(O)n(Cc3ccc4c(c3)Sc3cc(CNC5COC5)ccc3N4C)c2n1,,,,,,0,train
CC(C)CCCCCCOC(=O)c1ccc(C(=O)OCCCCCCC(C)C)cc1,,,,,,1,train
OCC(O)CS,,,,,,0,train
C=CCOCCO,,,,,,0,valid
Oc1ccc(C(c2ccc(O)cc2)(C(F)(F)F)C(F)(F)F)cc1.c1ccc(C[P+](c2ccccc2)(c2ccccc2)c2ccccc2)cc1,,,,,,1,train
Cc1cc(C#N)cc(C)c1O,,,,,,0,train
CCCOC(=O)OOC(=O)OCCC,,,,,,1,train
CC12CCC3C4CCC(=O)C=C4C=CC3C1CCC2O,,,,,,0,train
COC(=O)c1nccnc1N,,,,,,0,test
O=C1CCCCCCCCCOCCCCCO1,,,,,,0,train
CN1CCN(C)CCN(C)CC1,,,,,,0,train
CCCC(O)C(CC)CO,,,,,,0,train
O=C(O)c1ccc2cc(C(=O)O)ccc2c1,,,,,,0,train
O=P(O)(O)CN(CCN(CP(=O)(O)O)CP(=O)(O)O)CCN(CP(=O)(O)O)CP(=O)(O)O,,,,,,0,valid
O=S(=O)(CCO)CCO,,,,,,0,train
CC(=O)CCC1=C(C)CCCC1(C)C,,,,,,1,train
O=c1n(CCCS)c(=O)n(CCCS)c(=O)n1CCCS,,,,,,1,train
CCC(C)=NO[Si](ON=C(C)CC)(ON=C(C)CC)ON=C(C)CC,,,,,,0,train
OCCCCCCCCCO,,,,,,0,test
Cc1csc2c(Cl)cccc12,,,,,,1,train
CC(=O)Oc1ccc([N+](=O)[O-])cc1,,,,,,1,train
CCCCCCCCC(=O)O,,,,,,0,train
CC(=O)N1CCN(c2ccc(O)cc2)CC1,,,,,,1,train
C=O.CC=O,,,,,,0,valid
COc1cc(-c2ccccc2OCc2ccccc2)cc(C=O)c1O,,,,,,1,train
N#Cc1cccc(C2=NC(=O)c3c(-c4cccc(C#N)c4)[nH]c(O)c32)c1,,,,,,1,train
CCCCC(CC)CN(CC(CC)CCCC)CC(CC)CCCC,,,,,,0,train
CCCCCCCCCCCC(=O)NCCC[N+](C)(C)CC(=O)O.CCCCCCCCCCCCCC(=O)NCCC[N+](C)(C)CC(=O)O,,,,,,1,train
N#Cc1ccc(C(F)(F)F)cc1[N+](=O)[O-],,,,,,1,test
O=C=Nc1cccc(Cl)c1,,,,,,1,train
CC(=O)c1cc2c(cc1C)C(C)(C)C(C)C2C(C)C,,,,,,1,train
O=C1OC(=O)C2C1C1(Cl)C(Cl)=C(Cl)C2(Cl)C1(Cl)Cl,,,,,,0,train
C=C1C2CCC(C)(OCC)C1CCC2(C)C,,,,,,1,train
CCCCl,,,,,,0,valid
C1=CC2CCC1C2.[N-]=C=O.[N-]=C=O,,,,,,0,train
CC(C)(C)c1cc(C(C)(CC(=O)OCCOC(=O)CC(C)(c2ccc(O)c(C(C)(C)C)c2)c2ccc(O)c(C(C)(C)C)c2)c2ccc(O)c(C(C)(C)C)c2)ccc1O,,,,,,0,train
CCOc1nc(Cl)cc(Cl)n1,,,,,,1,train
Nc1nc(N)nc(Nc2nc(N)nc(N)n2)n1,,,,,,0,train
CCOC(C)OC1CCCCCCCCCCC1,,,,,,0,test
CN1CCC2=CC(O)C3NC(=O)c4cc5c(cc4C3C21)OCO5,,,,,,0,train
C=CC(=O)OCCCCOC(=O)Oc1ccc(C(=O)c2ccccc2)cc1,,,,,,1,train
Cc1c(C#N)sc(N)c1C#N,,,,,,0,train
CCCCCCCCC=CC(=O)NCCC[N+](C)(C)CC(=O)O,,,,,,0,train
CNC1CCC(CS(=O)(=O)O)CC1,,,,,,0,valid
CCCCCCCCCCCCCC(=O)N(C)CC(=O)O,,,,,,0,train
O=C1CCN(Cc2ccccc2)CC1,,,,,,0,train
C=CS(=O)(=O)c1ccc(N=Nc2c(S(=O)(=O)O)cc3cc(S(=O)(=O)O)cc(Nc4nc(Cl)nc(N(CC)c5cccc(S(=O)(=O)C=C)c5)n4)c3c2O)cc1.C=CS(=O)(=O)c1ccc(N=Nc2c(S(=O)(=O)O)cc3cc(S(=O)(=O)O)cc(Nc4nc(Cl)nc(N(CC)c5cccc(S(=O)(=O)CCOS(=O)(=O)O)c5)n4)c3c2O)cc1.C=CS(=O)(=O)c1cccc(N(CC)c2nc(Cl)nc(Nc3cc(S(=O)(=O)O)cc4cc(S(=O)(=O)O)c(N=Nc5ccc(S(=O)(=O)CCOS(=O)(=O)O)cc5)c(O)c34)n2)c1.CCN(c1cccc(S(=O)(=O)CCOS(=O)(=O)O)c1)c1nc(Cl)nc(Nc2cc(S(=O)(=O)O)cc3cc(S(=O)(=O)O)c(N=Nc4ccc(S(=O)(=O)CCOS(=O)(=O)O)cc4)c(O)c23)n1,,,,,,0,train
Nc1cc(N)c(S(=O)(=O)O)cc1N=Nc1ccc(S(=O)(=O)CCOS(=O)(=O)O)cc1,,,,,,0,train
CCO[Si](CCCNCCN)(OCC)OCC,,,,,,0,test
O=Cc1c(O)cnc2ccccc12,,,,,,0,train
CCCC(=O)OC1C=CC2C3CCC(C3)C12,,,,,,1,train
O=[N+]([O-])OCCO[N+](=O)[O-],,,,,,0,train
O=C1CCCC(=O)C1,,,,,,0,train
OCCN1CCCCC1,,,,,,1,valid
CCCCOP(C)(=O)CCC(C#N)OC(C)=O,,,,,,1,train
C=C(F)C(F)(F)F,,,,,,0,train
O=C(CCS)OCC(COC(=O)CCS)(COC(=O)CCS)COC(=O)CCS,,,,,,1,train
CCCCCCCCC=CCCCCCCCCN.CCCCCCCCC=CCCCCCCCCN.CCCCCCCCC=CCCCCCCCCN.CCCCCCCCC=CCCCCCCCCN.CCCCCCOP(=S)(S)OCCCCCC.CCCCOP(=O)(O)O.CCCCOP(=O)(O)OCCCC,,,,,,1,train
CC[Si](C)(O[Si](C)(C)C)O[Si](C)(C)C,,,,,,0,test
COCc1ccc(COC)cc1,,,,,,0,train
CCc1cc(Cc2cc(CC)c(N)c(CC)c2)cc(CC)c1N,,,,,,1,train
CC(C=O)Cc1ccc2c(c1)OCO2,,,,,,0,train
CCCC(C)=NO,,,,,,0,train
CNC(C)C,,,,,,0,valid
COc1cc(OC)nc(NC(=O)Oc2ccccc2)n1,,,,,,0,train
CC(CC(=O)NCCO)CC(C)(C)C,,,,,,0,train
O=C(O)c1cc(C(=O)O)cc(C(=O)O)c1,,,,,,0,train
CC1=NN(c2ccccc2)C(=O)C1N=Nc1ccc(-c2ccc(N=NC3C(=O)N(c4ccccc4)N=C3C)c(Cl)c2)cc1Cl,,,,,,1,train
CCO[Si](CCCNCCC[Si](OCC)(OCC)OCC)(OCC)OCC,,,,,,0,test
COc1ccc(C(=O)Nc2ccccc2)cc1N=Nc1c(O)c(C(=O)Nc2ccc3[nH]c(=O)[nH]c3c2)cc2ccccc12,,,,,,1,train
CC1=NN(c2ccccc2)C(=O)C1,,,,,,1,train
NCCCNCCCNCCCN,,,,,,0,train
O=C(C=Cc1ccccc1)OCc1ccccc1,,,,,,1,train
CCCCCCCCCCCCC1CO1,,,,,,1,valid
CC(C)c1ccccc1,,,,,,0,train
COc1cc2c(cc1O)C(CCc1ccc(Cl)cc1)N(C)CC2,,,,,,1,train
CC(C)(C)c1nn(-c2cc(C(=O)O)cc(C(=O)O)c2)c(N)c1N=Nc1nnc(SCCSc2nnc(N=Nc3c(C(C)(C)C)nn(-c4cc(C(=O)O)cc(C(=O)O)c4)c3N)s2)s1,,,,,,1,train
O=Cc1cc(Br)ccc1O,,,,,,1,train
CC(C)(C=O)CC1=CCC2CC1C2(C)C,,,,,,1,test
CCCCOC(=O)CC,,,,,,0,train
CCO[Si](C)(CCCCl)OCC,,,,,,0,train
COc1ccc(COC(C)=O)cc1,,,,,,0,train
CCC(C)n1ncn(-c2ccc(N3CCN(c4ccc(OC)cc4)CC3)cc2)c1=O,,,,,,0,train
CC(=O)C(N=Nc1ccc(-c2ccc(N=NC(C(C)=O)C(=O)Nc3ccc(C)cc3)c(Cl)c2)cc1Cl)C(=O)Nc1ccc(C)cc1,,,,,,0,valid
O=Cc1cc(-c2ccncc2)ccc1O,,,,,,0,train
Cc1cnc(N)s1,,,,,,1,train
CC(C)OCCOC(=O)c1ccccc1O,,,,,,0,train
CCCOC(=O)CC,,,,,,0,train
CC(C)(C)C(=O)Cl,,,,,,0,test
CCC(C)=NO[Si](ON=C(C)CC)(ON=C(C)CC)c1ccccc1,,,,,,0,train
CCCCNP(N)(N)=S,,,,,,0,train
Nc1ccc(S(=O)(=O)O)cc1N,,,,,,0,train
CCCCCCOC(=O)c1ccccc1O,,,,,,1,train
N#Cc1ccc(SCCCS(=O)(=O)O)cc1C#N,,,,,,0,valid
C=C(C)C(=O)OC(O)CCC,,,,,,0,train
CC(CN)CCCN,,,,,,0,train
ClCc1ccc(Cl)nc1,,,,,,0,train
CCCCCCCC(=O)O.CCCCCCCCN,,,,,,1,train
C=CS(=O)(=O)O,,,,,,1,test
CCCCNCCO,,,,,,1,train
C=CC(=O)OCCCCCCCCCCCCCC,,,,,,0,train
COc1cc(Br)c(C=O)cc1O,,,,,,0,train
CC(C)OC(=O)C(C)OC(=O)C(C)(C)C,,,,,,0,train
Nc1c(Oc2ccccc2)c(Oc2ccccc2)c(N)c2c1C(=O)c1ccccc1C2=O,,,,,,1,valid
CCCCOC(=O)CSCSCC(=O)OCCCC,,,,,,0,train
C=C(C)C(=O)OCCOCCOc1ccc(C(=O)c2ccccc2)cc1,,,,,,1,train
C=CC(=O)O[Si](C(C)C)(C(C)C)C(C)C,,,,,,1,train
O=C(O)CN(CC(=O)O)CP(=O)(O)O,,,,,,0,train
CC1=NN(c2ccc(S(=O)(=O)O)cc2)C(=O)C1N=Nc1ccc(C)c(S(=O)(=O)Nc2ccccc2)c1,,,,,,0,test
ClC1CCCC1,,,,,,0,train
C=CC(=O)NCCC[N+](C)(C)C,,,,,,0,train
CCC(C)(C)c1ccc(O)cc1,,,,,,0,train
C1=Cc2ccccc2C1,,,,,,0,train
CC1CCC2C(=O)OC(=O)C2C1,,,,,,0,valid
C=C(C)C(=O)OCCC[Si](O[Si](C)(C)C)(O[Si](C)(C)C)O[Si](C)(C)C,,,,,,0,train
C=CCN,,,,,,0,train
O=S(=O)(O)OCCS(=O)(=O)c1ccc(Nc2nc(Cl)nc(Nc3cc(S(=O)(=O)O)cc4cc(S(=O)(=O)O)c(N=Nc5ccc6c(S(=O)(=O)O)cccc6c5S(=O)(=O)O)c(O)c34)n2)cc1,,,,,,1,train
OOC1(OOC2(O)CCCCC2)CCCCC1,,,,,,1,train
CC(C)C1OCCN1CCO,,,,,,0,test
Cc1ccc(-c2nc(C)no2)c(C(=O)N2C3CCC2C(COc2ccc(F)cn2)C3)n1,,,,,,0,train
NC(Cc1c[nH]c2ccccc12)C(=O)O,,,,,,0,train
NCCc1ccccc1,,,,,,1,train
CC(O)Cn1ccnc1,,,,,,0,train
Oc1cccc2ccccc12,,,,,,1,valid
CO[Si](CCCN(C)C)(OC)OC,,,,,,0,train
N#CN=C(N)N,,,,,,0,train
CCCCOC(=O)C(C)O,,,,,,0,train
CC(=CC(C)C)C(C)OC(C)(C)COC(=O)C1CC1,,,,,,1,train
CC(=O)NC1CC(C)S(=O)(=O)c2sc(S(N)(=O)=O)cc21,,,,,,1,test
CC(=O)C(N=Nc1cc(C(=O)Nc2cc(Cl)ccc2C)ccc1Cl)C(=O)Nc1cc(C)c(NC(=O)C(N=Nc2cc(C(=O)Nc3cc(Cl)ccc3C)ccc2Cl)C(C)=O)cc1C,,,,,,0,train
CCCCCC1C(=O)CCC1C(=O)OC,,,,,,1,train
C[Si](C)(C)O,,,,,,0,train
O=C(CCS)OCCn1c(=O)n(CCOC(=O)CCS)c(=O)n(CCOC(=O)CCS)c1=O,,,,,,0,train
CCCCn1c(O)c(C#N)c(C)c(N=Nc2ccc(C(=O)OCC(=O)OCc3ccccc3)cc2)c1=O,,,,,,0,valid
O=S(=O)(O)CC(O)CCl,,,,,,0,train
CCCCN(CCCC)C[Si](OCC)(OCC)OCC,,,,,,0,train
CCCCCC(CO)Cc1ccccc1,,,,,,1,train
CC1(C)COC(=O)C1O,,,,,,0,train
Cn1ccc(COc2ccc3nc(C4CCCCC4C(=O)O)n(Cc4ccc(C#N)cc4)c3c2)n1,,,,,,1,test
C=C(CC(C)C=O)C1CC=C(C)C1(C)C,,,,,,0,train
CCOC(=O)C(C)(O)c1ccc(Oc2ccccc2)cc1,,,,,,1,train
CC1CC2C3CC(F)C4=CC(=O)C=CC4(C)C3C(O)CC2(C)C1C(=O)CO,,,,,,0,train
CC=CC=CC(=O)OCCC[Si](OC)(OC)OC,,,,,,0,train
CCC=CCC1C(=O)CCC1CC(=O)OC,,,,,,0,valid
C=CCCCCCCCCC(=O)NCCC[N+](C)(C)C.COS(=O)(=O)O,,,,,,1,train
C=CC(=O)NC(C)(C)CS(=O)(=O)O,,,,,,0,train
CC(C)(C)OC(=O)N1CC(=O)CC1C(=O)O,,,,,,0,train
N#CCC(=O)O,,,,,,0,train
O=C(O)CSSCC(=O)O,,,,,,0,test
FC(F)(F)Oc1cccc(-c2cnn3ccc(NC4CCOCC4)nc23)c1,,,,,,1,train
CC(C)(C)OOC(=O)C=CC(=O)O,,,,,,0,train
Cc1ccc2c(-c3ccc(C#N)cc3)cc(C(N)=O)nc2c1,,,,,,1,train
CCO[Si](CCC#N)(OCC)OCC,,,,,,0,train
CCOC(=O)CCC1(C)OCC(C)O1,,,,,,0,valid
CCCCOCCCN1C(C(C(=O)Nc2cc(C(C)(C)C)ccc2SCC(CC)CCCC)N2C(=O)OC(C)(C)C2=O)=Nc2ccccc2S1(=O)=O,,,,,,1,train
CO[Si](CCC#N)(OC)OC,,,,,,0,train
O=C(Cl)c1cc(Cl)cc(Cl)c1,,,,,,0,train
Cc1ccc(S(=O)(=O)n2cc(Br)c3cc(F)cnc32)cc1,,,,,,1,train
CCCCCCCCCCCCCCCCCC(=O)O.NCCNCCNCCNCCN,,,,,,1,test
CCCCC(CC)COC(=O)CCc1cc(C(C)(C)C)c(O)c(C(C)(C)C)c1,,,,,,0,train
CCCCNCCCC,,,,,,0,train
C=CC(=O)N(CC)CC,,,,,,0,train
COC(=O)c1cc(C(=O)O)cc([N+](=O)[O-])c1,,,,,,0,train
O=CC(F)=CN1CCOCC1,,,,,,0,valid
CCCCCC(C)(CC)C(=O)OOC(C)(C)CC(C)O,,,,,,1,train
Cc1cc(Nc2cc3nc(CS(C)(=O)=O)ccc3c(NC3CC4CCC(C3)N4CCCF)n2)n[nH]1,,,,,,1,train
CC1OC(OC2C(Oc3cc(O)c(C(=O)CCc4ccc(O)cc4)c(O)c3)OC(CO)C(O)C2O)C(O)C(O)C1O,,,,,,0,train
C=C(C)C(=O)OCCC(F)(F)C(F)(F)C(F)(F)C(F)(F)C(F)(F)C(F)(F)F,,,,,,1,train
Nc1ncnc2c1ncn2C1OC(COP(=O)(O)O)C(O)C1O,,,,,,0,test
Oc1ccc(N=Nc2ccccn2)c(O)c1,,,,,,0,train
CCCCCCCCC=CCCCCCCCC(=O)O.CCCCCCCCC=CCCCCCCCC(=O)O.OC(O)CCOCCC(O)O.OC(O)CCOCCC(O)O.OC(O)CCOCCC(O)O,,,,,,0,train
CCO[Si](CC[Si](OCC)(OCC)OCC)(OCC)OCC,,,,,,0,train
Nc1c(N=Nc2ccc(S(=O)(=O)CCOS(=O)(=O)O)cc2)cc(S(=O)(=O)O)c2ccccc12,,,,,,0,train
CC1CCC(C(C)C)C(O)C1,,,,,,0,valid
CCC(CO)(CO)CO.CCC(CO)CO.CCC1(CO)COCOC1,,,,,,0,train
Oc1cccc(O)c1,,,,,,0,train
CCNC1=C(C)CC2=C(c3ccccc3C(=O)OC)c3cc(C)c(NCC)cc3OC2=C1,,,,,,1,train
O=C1N=C(c2ccc(-c3ccccc3)cc2)c2c(O)[nH]c(-c3ccc(-c4ccccc4)cc3)c21,,,,,,0,train
CC(=O)C(N=Nc1ccc([N+](=O)[O-])cc1)C(=O)Nc1ccc2[nH]c(=O)[nH]c2c1,,,,,,1,test
CCCCCCCC=CC(C)C(CC(=O)OCCC(C)C)C(=O)O.CCCCCCCCC=CC(C)C(CC(O)OCCC(C)C)C(=O)O,,,,,,0,train
COc1cc(-c2ccc(C(C)=O)s2)cc(C=O)c1O,,,,,,0,train
CN(C)c1ccc(N=Nc2n(C)cc[n+]2C)cc1,,,,,,1,train
CN(C)Cc1ccc2ccc3cccc4ccc1c2c34,,,,,,1,train
CC(C)(C#N)CC1=CCC2CC1C2(C)C,,,,,,0,valid
CNC(=N[N+](=O)[O-])NCc1cnc(Cl)s1,,,,,,0,train
CC(C)=CCCC(C)CCOCC=O,,,,,,0,train
NC(=O)c1ccccc1O,,,,,,1,train
CN(CC(=O)O)C(N)=NP(=O)(O)O,,,,,,0,train
C=CCOC(=O)CCCCCC,,,,,,1,test
Clc1cccc(Cl)c1Nc1ccccc1,,,,,,1,train
C1COCCN1.Cc1ccc(S(=O)(=O)O)cc1,,,,,,0,train
NC1CCCN(c2ccn3ncc(-c4cccc(Cl)c4)c3n2)C1,,,,,,1,train
COc1ccc(NC(=O)C(N=Nc2ccc(-c3ccc(N=NC(C(C)=O)C(=O)Nc4ccccc4)c(Cl)c3)cc2Cl)C(C)=O)cc1,,,,,,0,train
CCCCOC(=O)C1CCC(O)CC1,,,,,,0,valid
CCCCOC(=O)CC(O)(CC(=O)OCCCC)C(=O)OCCCC,,,,,,0,train
Cc1cc2c(cc3c(=O)n(CC(=O)NCCN4CCOCC4)ncn32)s1,,,,,,0,train
COc1cc(C=CC(=O)O)cc(OC)c1OC,,,,,,0,train
O=C=NC1CCCCC1,,,,,,0,train
O=C(Cl)C(Cl)(Cl)Cl,,,,,,0,test
CCN(CCO)CCCC(C)N,,,,,,0,train
COC(=O)C(C)(C)O,,,,,,0,train
CC(=O)Oc1ccccc1[N+](=O)[O-],,,,,,1,train
CCC=CCC1CCCC(=O)O1,,,,,,0,train
Cc1cccc(C)c1OP(=O)(Oc1cccc(OP(=O)(Oc2c(C)cccc2C)Oc2c(C)cccc2C)c1)Oc1c(C)cccc1C,,,,,,1,valid
Nc1nc(-c2nn(Cc3ccccc3F)c3ncc(F)cc23)nc(N)c1N,,,,,,1,train
O=C1OC(=O)c2cc(Cl)ccc21,,,,,,0,train
OCCN(CCO)C(CO)(CO)CO,,,,,,0,train
C=CCOC(Cn1ccnc1)c1ccc(Cl)cc1Cl,,,,,,1,train
CCN(CC)c1ccc(C(=C2C=CC(=[N+](CC)CC)C=C2)c2ccc(N(CC)CC)cc2)cc1,,,,,,1,test
CC(=O)NCCO,,,,,,0,train
Cc1ccc(C(=O)OOC(=O)c2ccc(C)cc2)cc1,,,,,,0,train
Cc1cc(OI)c(C(C)C)cc1-c1cc(C(C)C)c(OI)cc1C,,,,,,1,train
Nc1ccc(N)c(CCO)c1,,,,,,0,train
CCO[Si](CCCN=C(C)CC(C)C)(OCC)OCC,,,,,,0,valid
CCCCCCCCCc1ccc(OP(Oc2ccc(CCCCCCCCC)cc2)Oc2ccc(CCCCCCCCC)cc2)cc1,,,,,,0,train
Nc1ccc(CC(O)(P(=O)(O)O)P(=O)(O)O)cc1,,,,,,1,train
C=CC(=O)OCCOc1ccc(C(=O)c2ccccc2)cc1,,,,,,1,train
C=C(C)C(=O)OC(CO)COCCC[Si](C)(O[Si](C)(C)C)O[Si](C)(C)C.C=C(C)C(=O)OCC(O)COCCC[Si](C)(O[Si](C)(C)C)O[Si](C)(C)C,,,,,,1,train
CCC(C)Cl,,,,,,0,test
Nc1ccc(C(F)(F)F)cc1,,,,,,1,train
O=C1OC(=O)C2CC=CCC12,,,,,,0,train
CC(C)(CS(=O)(=O)O)NC(=O)CCSCCC(F)(F)C(F)(F)C(F)(F)C(F)(F)C(F)(F)C(F)(F)F,,,,,,0,train
CN(C)CCOCCN(C)CCCN,,,,,,0,train
NC(CO)(CO)CO.NC(CO)(CO)CO.O=[N+]([O-])c1ccc(OP(=O)(O)O)cc1,,,,,,0,valid
C1CCC(NC2CCCCC2)CC1.CCCCCCCC(=O)O,,,,,,1,train
CC1=CCC2CC1C2(C)C,,,,,,1,train
CCCCCCCCC=CCCCCCCCC1=NCCN1CCO,,,,,,1,train
O=CCc1ccccc1,,,,,,1,train
O=C(O)COc1ccc2sc3ccccc3c(=O)c2c1,,,,,,1,test
Cc1ccc2c(c1)C(Nc1nc(N)nc(C(C)F)n1)C(C)C2,,,,,,1,train
C=C(C)C(=O)OCC(C)C,,,,,,0,train
CC1CC(C(C)(C)C(C)C)CCC1=O,,,,,,0,train
CC(C)COc1ccc2ccccc2c1,,,,,,1,train
CC(C)=CCCC(C)=CCCC(C)CC=O,,,,,,1,valid
Cc1ccc(C(=O)Nc2ccc(S(=O)(=O)O)cc2)cc1[N+](=O)[O-],,,,,,0,train
Cc1ccc(C(C)C)cc1O,,,,,,0,train
CC1(C)NCCS1,,,,,,1,train
Cc1nn(C)c(C)c1CN1CCc2cc(S(=O)(=O)Nc3ccc(CCCC4CCCC4)cc3F)ccc2C1,,,,,,0,train
NCCCNCCNCCCN,,,,,,0,test
COc1cc(NC(=O)C(N=Nc2ccc(-c3ccc(N=NC(C(=O)Nc4ccc(C)cc4C)=C(C)O)c(Cl)c3)cc2Cl)=C(C)O)c(OC)cc1Cl,,,,,,0,train
C=C(C)C(=O)OCC1COC(C)(C)O1,,,,,,0,train
CCCCCCCCCCCC(=O)NC(CCCN=C(N)N)C(=O)OCC,,,,,,1,train
CC(=CC(C)CC(C)CC(C)C)C(CC(=O)O)C(=O)O.CC(=CC(C)CC(C)CC(C)C)C(CC(=O)OC(C)CO)C(=O)OCC(C)O.CC(=CC(C)CC(C)CC(C)C)C(CC(=O)OCC(C)O)C(=O)O.CC(=CC(C)CC(C)CC(C)C)C(CC(=O)OCC(C)OC(=O)CC(C(=O)O)C(C)=CC(C)CC(C)CC(C)C)C(=O)O,,,,,,0,train
O=C(OC(=O)C(F)(F)F)C(F)(F)F,,,,,,0,valid
FC(F)(F)C=CC(F)(F)F,,,,,,0,train
COC(=O)Oc1ccc(C)cc1OC,,,,,,0,train
C=C(C)C(=O)OCCOC(=O)CC(C)=O,,,,,,0,train
Nc1c(S(=O)(=O)O)cc(Nc2cccc3ccc(S(=O)(=O)O)cc23)c2c1C(=O)c1ccccc1C2=O,,,,,,0,train
CCCCC(CC)C(=O)OOC(C)(C)CC(C)(C)C,,,,,,0,test
CCCCCCC(=O)OCC,,,,,,1,train
CN(c1ncnc2[nH]ccc12)C1CCC(CS(=O)(=O)O)CC1,,,,,,0,train
CCC(C)OP(=S)(S)OC(C)CC,,,,,,0,train
CC(C)C(=O)OCCOc1ccccc1,,,,,,0,train
CC(C)(CCCC(=O)N1CCc2c(n(Cc3cnc(C(F)(F)F)s3)c3ncccc23)C1)C(=O)O,,,,,,0,valid
COc1cc(OC)c(NC(=O)c2cc3ccccc3cc2O)cc1Cl,,,,,,0,train
CCN1CCCCC1,,,,,,0,train
Cc1cccc2sc(N)nc12,,,,,,0,train
O=C(O)C=Cc1ccccc1,,,,,,0,train
CCCCC(=O)N(Cc1ccc(-c2ccccc2-c2nn[nH]n2)cc1)C(C(=O)O)C(C)C,,,,,,0,test
CC(C)(C)C1CCC(O)CC1,,,,,,0,train
Cc1ccccc1[N+](=O)[O-],,,,,,0,train
CC1COCc2cc3c(cc21)C(C)(C)C(C)C3(C)C,,,,,,1,train
OCCCO,,,,,,0,train
COCc1cccc(-c2cc(C=O)c(O)c(OC)c2)c1,,,,,,1,valid
CCCCCC=O,,,,,,0,train
CC(CO)c1ccccc1,,,,,,0,train
COC(=O)c1ccccc1N=NC(C)Cc1ccc(C(C)(C)C)cc1,,,,,,1,train
O=[N+]([O-])N1CN([N+](=O)[O-])CN([N+](=O)[O-])CN([N+](=O)[O-])C1,,,,,,0,train
C[Si](C)(CCCN)N1CCC[Si]1(C)C,,,,,,0,test
COc1ccc([N+](=O)[O-])cc1N,,,,,,0,train
CC1=CCC(C(C)(C)O)CC1,,,,,,0,train
Nc1nc(-c2ccc3ccccc3c2)cs1,,,,,,1,train
CC#Cc1cncc(-c2ccc3c(c2)C2(N=C(C)C(N)=N2)C2(CCC(O)CC2)C3)c1,,,,,,0,train
C=CCOc1nc(OCC=C)nc(OCC=C)n1,,,,,,0,valid
CC1C=CCC2C(=O)OC(=O)C12,,,,,,0,train
CC(=O)CCC(C)C,,,,,,0,train
O=C(C1CCC(C(=O)N(CCO)CCO)CC1)N(CCO)CCO,,,,,,0,train
C=CCOC(=O)CCC1CCCCC1,,,,,,1,train
COc1cccc2c1CCC(=O)C2,,,,,,1,test
CCOC(=O)CC(C)=O,,,,,,0,train
CCCCCC(C)(C)OC,,,,,,0,train
COc1ccc(Cl)c(S(N)(=O)=O)c1,,,,,,0,train
CC1(O)CCC2C3CCC4=CC(=O)CCC4(C)C3(F)C(O)CC21C,,,,,,0,train
N#Cc1ccc(S(=O)(=O)CCCS(=O)(=O)O)cc1C#N,,,,,,0,valid
CCOC(=O)CC1C=CCC1,,,,,,0,train
COc1ccc(S(=O)(=O)CCOS(=O)(=O)O)cc1N=Nc1c(S(=O)(=O)O)cc2c(N=Nc3ccc(S(=O)(=O)CCOS(=O)(=O)O)cc3S(=O)(=O)O)c(NCS(=O)(=O)O)ccc2c1O,,,,,,0,train
CCCCC1CCCC(=O)O1,,,,,,1,train
CON=C(C(=O)OC)c1ccccc1CCl,,,,,,0,train
NNC(=O)CCCCCCCCC(=O)NN,,,,,,1,test
CCOC(=O)c1ccc(N(C)C)cc1,,,,,,1,train
CC(S)CC(=O)OCC(COC(=O)CC(C)S)(COC(=O)CC(C)S)COC(=O)CC(C)S,,,,,,1,train
O=c1c2ccc3c(=O)n4c5ccccc5nc4c4ccc(c2c34)c2nc3ccccc3n12,,,,,,1,train
CP(=O)(O)O,,,,,,0,train
CC(C)(C)OC(=O)N1CC(O)CC1C(=O)O,,,,,,0,valid
COc1ccc(-c2ccc3c(C=O)c(O)ccc3c2)cn1,,,,,,1,train
CN(C)CCOCCOC(=O)NCC1(C)CC(NC(=O)OCCOCCN(C)C)CC(C)(C)C1,,,,,,0,train
CC1(C)SC2C(N)C(=O)N2C1C(=O)O,,,,,,0,train
C=C(C)C(=O)OCCCC(F)(F)C(F)(F)C(F)(F)C(F)(F)C(F)(F)C(F)(F)F,,,,,,1,train
CCN(CC)P(Cl)(Cc1ccccc1)(c1ccccc1)c1ccccc1,,,,,,1,test
CCCCC(CC)COC(=O)CSCC(=O)OCC(CC)CCCC,,,,,,1,train
OCCCOc1ccc2ncc(-c3cccc(OC(F)(F)F)c3)n2n1,,,,,,1,train
CCC(C)COC(=O)c1ccccc1O.CCCCCOC(=O)c1ccccc1O,,,,,,1,train
COC(=O)c1cc(N=NC(C(C)=O)C(=O)Nc2ccc3[nH]c(=O)[nH]c3c2)cc(C(=O)OC)c1,,,,,,1,train
CCc1nccn1CCC#N,,,,,,0,valid
C=CC(=O)OCCN=C=O,,,,,,1,train
SC1CCCCC1,,,,,,1,train
CCCCCCCCCCCCCCCCC=CC1CC(=O)N(CCNCCNCCNCCN2C(=O)CC(C=CCCCCCCCCCCCCCCCC)C2=O)C1=O,,,,,,0,train
C=C(C)C(=O)OCCC[Si](C)(OC)OC,,,,,,0,train
Nc1ncc(Cl)cc1-c1ccc(Oc2ncc(NC(=O)Nc3ccc(C(F)(F)F)cc3Cl)cn2)cc1,,,,,,1,test
C=C(C)C(=O)OCC(O)COc1ccccc1,,,,,,0,train
CC(C)(COC(=O)c1ccccc1)COC(=O)c1ccccc1,,,,,,1,train
Nc1ccccc1NC(=O)c1ccc(CNc2nccc(-c3cccnc3)n2)cc1,,,,,,0,train
CC(=O)C(N=Nc1ccc(-c2ccc(N=NC(C(C)=O)C(=O)Nc3ccc(C)cc3C)c(Cl)c2)cc1Cl)C(=O)Nc1ccc(C)cc1C,,,,,,0,train
OC1CN2CCC1CC2,,,,,,0,valid
CCc1c(Cl)cc(NC(=O)C(CC)Oc2ccc(C(C)(C)CC)cc2C(C)(C)CC)c(O)c1Cl,,,,,,0,train
CCCCOc1cc(C(=O)NCCN(CC)CC)c2ccccc2n1,,,,,,1,train
CC(C)CC1CCC(CCC=O)CC1,,,,,,0,train
NC(CS)C(=O)O,,,,,,0,train
CCCn1cc[n+](C)c1C.O=S(=O)(NS(=O)(=O)C(F)(F)F)C(F)(F)F,,,,,,0,test
NCCCCCCCCCCCC(=O)O,,,,,,0,train
O=C(O)c1cc(C(=O)O)cc(S(=O)(=O)O)c1,,,,,,0,train
OCC1COC(Cn2ccnc2)(c2ccc(Cl)cc2Cl)O1,,,,,,1,train
CC12CCCCC1C(=O)OC2=O,,,,,,0,train
CC(C)C1OCCN1CCOC(=O)NCCCCCCNC(=O)OCCN1CCOC1C(C)C,,,,,,1,valid
C=CC(C)(CCC=C(C)C)OC(=O)C(C)C,,,,,,1,train
Nc1ncnc2c1ncn2C1OC(COP(=O)(O)OP(=O)(O)OP(=O)(O)O)C(O)C1O,,,,,,0,train
O=S1(=O)OCC2(CO1)COS(=O)(=O)OC2,,,,,,0,train
OCC1OC2OC3C(CO)OC(OC4C(CO)OC(OC5C(CO)OC(OC6C(CO)OC(OC7C(CO)OC(OC8C(CO)OC(OC1C(O)C2O)C(O)C8O)C(O)C7O)C(O)C6O)C(O)C5O)C(O)C4O)C(O)C3O,,,,,,0,train
CCCNC(=O)c1cccc(-c2ccc(O)c(C=O)c2)c1,,,,,,1,test
O=C1c2ccccc2C(c2ccc(O)cc2)(c2ccc(O)cc2)N1c1ccccc1,,,,,,0,train
C=CCNCCCNCC=C,,,,,,0,train
Nc1ccc2c(O)c(N=Nc3ccc(S(=O)(=O)CCOS(=O)(=O)O)cc3)c(S(=O)(=O)O)cc2c1N=Nc1ccc(S(=O)(=O)CCOS(=O)(=O)O)cc1,,,,,,0,train
OCC1CCC(Nc2ccc3nnc(-c4cccc(OC(F)(F)F)c4)n3c2)CC1,,,,,,0,train
CCC1C(=O)CCC1=O,,,,,,0,valid
O=C(O)COc1ccc(Cl)c2cccnc12,,,,,,0,train
CC(C)c1cc2ccccc2c(S(=O)(=O)O)c1C(C)C,,,,,,0,train
O=C1CCCCCN1C(=O)c1cccc(C(=O)N2CCCCCC2=O)c1,,,,,,0,train
COc1cc(Br)c2c3c1OC1CC(=O)C=CC31CCNC2,,,,,,0,train
COC(=O)c1cnc2cc(Nc3cc(C)[nH]n3)nc(NC3CC4CCC(C3)N4CC(=O)OC(C)C)c2c1,,,,,,1,test
COC(=O)C(C)O,,,,,,0,train
N#CC(CCc1ccc(Cl)cc1)(Cn1cncn1)c1ccccc1,,,,,,1,train
CO[Si](CCC1CCC2OC2C1)(OC)OC,,,,,,0,train
ClCCOCOCCCl,,,,,,0,train
COC(=O)C(CCn1cnc2c(Cl)nc(N)nc21)C(=O)OC,,,,,,0,valid
Cc1ncc(CN)c(N)n1,,,,,,0,train
O=C(CCCCC(=O)OCC1CCC2OC2C1)OCC1CCC2OC2C1,,,,,,0,train
COc1ccc(NC(=O)c2cc3ccccc3cc2O)cc1,,,,,,0,train
O=C(OCCOC(=O)c1ccc2c(c1)C(=O)OC2=O)c1ccc2c(c1)C(=O)OC2=O,,,,,,0,train
CCOC(=O)c1nn(-c2ccc(OC)cc2)c2c1CCN(c1ccc(N3CCCCC3=O)cc1)C2=O,,,,,,0,test
CCC(=O)OC1(C(=O)CO)C(C)CC2C3CCC4=CC(=O)C=CC4(C)C3(Cl)C(O)CC21C,,,,,,0,train
CC(=O)CC(C)(C)c1ccccc1,,,,,,0,train
CCC(=O)N(CC)c1cccc(C)c1,,,,,,0,train
Cc1ccc(NC(=O)N(C)C)cc1NC(=O)N(C)C,,,,,,0,train
COC(=O)c1cnc2cc(Nc3cc(C)[nH]n3)nc(NC3CC4CCC(C3)N4C3CCOC3=O)c2c1,,,,,,1,valid
CCCCC(CC)CN1C(=O)C2C3C=CC(C3)C2C1=O,,,,,,1,train
O=CCCC=C1CC2CC1C1CCCC21,,,,,,1,train
CC(C)OC(=S)S,,,,,,1,train
CCCCCC(C)=O,,,,,,0,train
C=CC(=O)NCNC(=O)C=C,,,,,,0,test
C[Si](C)(C)N[Si](C)(C)C,,,,,,0,train
CC(O)COc1ccccc1,,,,,,0,train
C=C(COC(C)=O)COC(C)=O,,,,,,0,train
CCOC(=O)C1=CC2OC(C)(C)OC2C(OS(C)(=O)=O)C1,,,,,,0,train
N#CC(=Cc1cccc(Cl)c1F)c1ccc(Cl)cc1F,,,,,,1,valid
CCCCCC(C=O)=Cc1ccc(C)cc1,,,,,,1,train
CCOC(=O)c1c(N(Cc2c(F)cccc2F)C(=O)OCC)sc(-c2ccc([N+](=O)[O-])cc2)c1C,,,,,,1,train
CCOC(=O)CP(=O)(OCC)OCC,,,,,,0,train
n1nc(Nc2nn[nH]n2)n[nH]1,,,,,,0,train
C=CC(C)(O)CCC=C(C)CCC=C(C)C,,,,,,1,test
CC(=O)C(N=Nc1ccc(-c2ccc(N=NC(C(C)=O)C(=O)Nc3ccccc3)c(Cl)c2)cc1Cl)C(=O)Nc1ccccc1,,,,,,0,train
O=C(OCC1CCC2OC2C1)C1CCC2OC2C1,,,,,,0,train
CCCn1c(=O)c(C)cn2nc(N)nc12,,,,,,0,train
CC1(C)CCC(C)(C)c2cc(NC(=O)c3ccc(CC(=O)O)cc3)ccc21,,,,,,0,train
Cc1cc(Nc2cc3nc(CN4CCN(C)CC4)ccc3c(NC3CC4CCC(C3)N4S(=O)(=O)N3CCC3)n2)n[nH]1,,,,,,1,valid
Fc1ccc(C(c2ccc(F)cc2)N2CCNCC2)cc1,,,,,,1,train
CCCCCCCCCCCCCCCC(=O)N(C)C(CO)C(=O)NC(C)C(=O)NCC(=O)N(C)C1C(=O)NC(C)C(=O)NC(C(=O)O)Cc2ccc(O)c(c2)-c2cc1ccc2O,,,,,,1,train
O=C(O)CC(O)C(=O)O,,,,,,0,train
Clc1ccccc1C(Cl)(Cl)Cl,,,,,,0,train
CP(=O)(O)O.NC(=O)N=C(N)N,,,,,,0,test
CC(=O)N1CCCCCC1=O,,,,,,0,train
CCOP(=S)(Cl)OCC,,,,,,0,train
CCCCCCCOCC(C)CC=O,,,,,,1,train
Cc1ccc(F)c(NC(=O)c2c(-c3c(F)cccc3Cl)noc2C)c1,,,,,,0,train
CCCOCc1ccc(CC(C)C)cc1,,,,,,1,valid
O=C1C=CC(=O)N1C1CCCCC1,,,,,,1,train
C.C.CCCCC(CC)C(=O)O,,,,,,0,train
COc1cc(-c2ccncc2)cc(C=O)c1O,,,,,,0,train
CC(C)CCC(C)C(C)O,,,,,,0,train
CC1(C)OC(c2ccco2)CN1C(=O)C(Cl)Cl,,,,,,0,test
COCC(NC(C)=O)C(=O)NCc1ccccc1,,,,,,0,train
Cc1cc(Nc2cc3nc(CN4CCOCC4)ccc3c(NC3CC4CCC(C3)N4CC(C)C)n2)n[nH]1,,,,,,0,train
CC(C)(N)CO.CCCCCCCCC=CCCCCCCCC(=O)O,,,,,,1,train
CCCCCCCCCC(=O)Oc1ccc(C(=O)O)cc1,,,,,,0,train
O=C(c1ccc2c(c1)C(=O)OC2=O)c1ccc2c(c1)C(=O)OC2=O,,,,,,0,valid
COC(=O)C1C(C)=CCCC1(C)C,,,,,,0,train
O=C(O)c1cc(Nc2nc(Nc3cc(C(=O)O)c(O)c(S(=O)(=O)O)c3)nc(Nc3cc(C(=O)O)c(O)c(S(=O)(=O)O)c3)n2)c(S(=O)(=O)O)cc1O,,,,,,0,train
COC(=O)c1ccccc1O,,,,,,0,train
Cc1ccc(N=Nc2c(C)nn(-c3ccc(S(=O)(=O)O)cc3)c2O)cc1S(=O)(=O)Nc1ccccc1,,,,,,0,train
O=c1c2ccccc2[nH]c2cc3c(=O)c4ccccc4[nH]c3cc12,,,,,,0,test
CCCCC(CC)C(c1ccc(O)cc1)c1ccc(O)cc1,,,,,,1,train
C=C(C)C(=O)OCC1CCC2OC2C1,,,,,,0,train
CC(C)(O)c1ccc2c(c1)C(=O)CC1C(C)(C(=O)O)CCCC21C,,,,,,0,train
COC1(OC)CCCCCCCCCCC1,,,,,,0,train
CCCCCCCCC=CCCCCCCCC(=O)NCCOCCO,,,,,,1,valid
CCOc1ccccc1NC(=O)C(=O)Nc1ccccc1CC,,,,,,0,train
c1nc[nH]n1,,,,,,0,train
CC=C(C)C(=O)OCCC(C)CCC=C(C)C,,,,,,1,train
C1=CC2C3C4C5C=CC4C24CNCC54C13,,,,,,1,train
CC(C)=CCCC(C)=CCO,,,,,,1,test
NC(Cc1ccc(O)cc1)C(=O)O,,,,,,0,train
Nc1nc2c(c(=O)[nH]1)NC(CNc1ccc(C(=O)NC(CCC(=O)O)C(=O)O)cc1)CN2,,,,,,0,train
Cc1c(C)c2c(c(C)c1O)CCC(C)(CCCC(C)CCCC(C)CCCC(C)C)O2,,,,,,0,train
CN1CCCC1c1cccnc1,,,,,,0,train
CCC1CCC(c2ccc(-c3cc(F)c(C(F)(F)Oc4cc(F)c(F)c(F)c4)c(F)c3)cc2)OC1,,,,,,0,valid
CCOc1nc(O)cc(=O)[nH]1,,,,,,0,train
O=S(=O)(O)c1ccc(S(=O)(=O)O)c(Nc2nc(Nc3ccc(C=Cc4ccc(Nc5nc(Nc6cc(S(=O)(=O)O)ccc6S(=O)(=O)O)nc(N6CCOCC6)n5)cc4S(=O)(=O)O)c(S(=O)(=O)O)c3)nc(N3CCOCC3)n2)c1,,,,,,0,train
CCC=C(C)C(O)CCCCC,,,,,,0,train
COc1cc(O)c(C=O)c(OC)c1,,,,,,0,train
Nc1c(N=Nc2ccc(S(=O)(=O)CCOS(=O)(=O)O)cc2)cc(S(=O)(=O)O)c(N)c1N=Nc1ccc(S(=O)(=O)CCOS(=O)(=O)O)cc1,,,,,,1,test
CCOC(=O)C(C)=CC(=O)OC,,,,,,1,train
[O-]n1ccccc1=S,,,,,,1,train
O=C(OOC(=O)c1ccccc1)c1ccccc1,,,,,,1,train
CCn1c(C)cc(C=O)c1C,,,,,,0,train
CN=C(N)N[N+](=O)[O-],,,,,,0,valid
CCOc1ccc(Cc2cc(C3(OC)OC(CO)C(O)C(O)C3O)ccc2Cl)cc1.OCC#CCO,,,,,,0,train
C=C(C)C(=O)OCCC[Si](C)(C)Cl,,,,,,0,train
CCCCCCCCCCCCCC(=O)NCCC[N+](C)(C)CC(=O)O,,,,,,0,train
CCCCCCCCCCCCCC[N+](C)(C)CC(=O)O,,,,,,1,train
CC1(C)CC=C(CCC=O)CC1,,,,,,1,test
N#Cc1ccc(N)cc1,,,,,,0,train
c1cc(OCC2CO2)c2ccc(OCC3CO3)cc2c1,,,,,,1,train
O=S(=O)(O)c1cc(Nc2nc(Nc3ccccc3)nc(N(CCO)CCO)n2)ccc1C=Cc1ccc(Nc2nc(Nc3ccccc3)nc(N(CCO)CCO)n2)cc1S(=O)(=O)O,,,,,,0,train
CC(=CC#N)CCc1ccccc1,,,,,,1,train
C#CCO.CCC(=O)CCC1C(C)=CCCC1(C)C,,,,,,1,valid
CCCCCCC=CC(C)=O,,,,,,1,train
O=C(NC(=O)c1c(F)cccc1F)Nc1cc(Cl)c(OC(F)(F)C(F)C(F)(F)F)c(Cl)c1F,,,,,,0,train
CC1=CC(=O)c2ccccc2C1=O,,,,,,1,train
O=c1ccccn1O,,,,,,0,train
CCCCCCCC(=O)CC(=O)c1ccccc1,,,,,,1,test
CC[SiH](CC)CC,,,,,,1,train
CCCCCCCCCCCCCCCCOC(=O)c1cc(C(C)(C)C)c(O)c(C(C)(C)C)c1,,,,,,1,train
C=CC1(C)CCCC(C)(C)O1,,,,,,0,train
COC(=O)c1ccc(C(=O)Nc2cc(Cl)ccc2Cl)cc1N=Nc1c(O)c(C(=O)Nc2ccccc2OC)cc2ccccc12,,,,,,0,train
O=C1OC(C(O)CO)C(O)=C1OC1OC(CO)C(O)C(O)C1O,,,,,,0,valid
Cc1cc(N(C)C2CCN(C)C2)nc(Nc2ccc(Cl)cc2)n1,,,,,,1,train
C=CCCCCCC=O,,,,,,0,train
CC(=O)OCC(C)OC(C)=O,,,,,,0,train
COC(C)(C)C,,,,,,0,train
O=C(O)C(Cl)(Cl)Cl,,,,,,0,test
COCc1ccc(O)c(OC)c1,,,,,,0,train
CC1(COCC(F)(F)C(F)(F)F)COC1,,,,,,0,train
C=C(C)C(=O)O.CC(C)(c1ccc(O)cc1)c1ccc(O)cc1.ClCC1CO1,,,,,,0,train
CC(O)COc1ccc(C(C)(C)c2ccc(OCC(C)O)cc2)cc1,,,,,,0,train
CCCCCCC(O)CC=CCCCCCCCC(=O)OCCCC,,,,,,0,valid
CC(C)COC(=S)S,,,,,,1,train
CCOC(=O)OC1CCCCC1C(C)(C)C,,,,,,0,train
C=C(C)C(=O)OCCCOc1ccc(C(C)(C)c2ccc(OCCCOC(=O)C(=C)C)cc2)cc1,,,,,,1,train
Cc1cc(NCCCn2ccnc2)ccc1N,,,,,,0,train
Nc1ccc(F)cc1,,,,,,1,test
Cc1nc2c(O)cccn2c(=O)c1CCCl,,,,,,1,train
CCCCCCCCCCCC(=O)OC(C)CS(=O)(=O)O,,,,,,0,train
CCC(C)=CCCC(C)=CC#N,,,,,,1,train
C=C(C)C(=O)NC(C)C,,,,,,0,train
CCC1(CO)COC1,,,,,,0,valid
CN1CC(=O)N(Cc2ccc3c(-c4ccc(F)cc4)cc(C#N)nc3c2)C1=O,,,,,,0,train
O=S(=O)(O)CCCN1CCOCC1,,,,,,0,train
Cc1cc(Cc2cc(C)cc(C3(C)CCCCC3)c2O)c(O)c(C2(C)CCCCC2)c1,,,,,,0,train
Oc1ccc(-c2nc(-c3ccc(-c4ccccc4)cc3)nc(-c3ccc(-c4ccccc4)cc3)n2)c(O)c1,,,,,,1,train
C=C1C2CCC(C2)C1(C)C,,,,,,1,test
CN(C)CCCNCCC#N,,,,,,0,train
C=CCc1ccc(OC)cc1,,,,,,1,train
CC(C)(C)CCCCC(=O)O,,,,,,0,train
CCSCC,,,,,,0,train
CO[Si](CCCNCCNCCN)(OC)OC,,,,,,0,valid
CC(=O)NC(CCCNC(=N)N)C(=O)NC1CC(=O)NCCCCC(C(N)=O)NC(=O)C(Cc2c[nH]c3ccccc23)NC(=O)C(CCCNC(=N)N)NC(=O)C(Cc2ccccc2)NC(=O)C(CCC(N)=O)NC1=O,,,,,,1,train
CCC(=O)OC1CCC(C(C)C)CC1,,,,,,1,train
O=C(O)c1ccc(Br)c(C=NC2CC2)c1O,,,,,,0,train
C=CC#N,,,,,,1,train
CC(CC(C)C)=NCCN=C(C)CC(C)C,,,,,,0,test
CC(CCOS(=O)(=O)c1ccccc1)N=C1C=CC(=NC(C)CCOS(=O)(=O)c2ccccc2)c2c1c(O)c1ccccc1c2O,,,,,,0,train
Cc1ccc(N(CCO)CCO)cc1,,,,,,0,train
C=CS(=O)(=O)CCOCCNc1nc(F)nc(Nc2ccc(N=Nc3c(N)c(S(=O)(=O)O)cc4cc(S(=O)(=O)O)cc(O)c34)c(S(=O)(=O)O)c2)n1,,,,,,0,train
CC1(C(=O)O)CCC(CC(=O)N2CCc3c(n(Cc4ccc(C(F)(F)F)cc4)c4ncccc34)C2)C1(C)C,,,,,,1,train
CN=C(c1ccccc1Cl)C1(O)CCCC1,,,,,,1,valid
CCC(C)N[Si](C)(C)NC(C)CC,,,,,,0,train
CCCCN(CCCC)CCCC,,,,,,0,train
CCCCCCCCCCCCCCCCCC(=O)O.NCCNCCNCCN,,,,,,0,train
CCc1cc(O)c(F)cc1-c1ccc2c(-c3nc4c([nH]3)CCN(CCN3CCCC3)C4)n[nH]c2c1,,,,,,1,train
Cc1coc2ccc(O)cc12,,,,,,0,test
CCCCC(CC)COP(=O)(O)O,,,,,,0,train
NC(=O)c1ccc(NC(=O)c2ccc([N+](=O)[O-])cc2)cc1,,,,,,1,train
CC(=O)CC(C)=O,,,,,,0,train
Cn1cc(-c2cc(C(N)=O)nc3cc(Cc4ccnc(C#N)c4)ccc23)cn1,,,,,,0,train
CCCCCCC(O)CO,,,,,,0,valid
CCO[Si](C)(C)C,,,,,,0,train
CCCNC1CCc2c(O)cccc2C1,,,,,,1,train
Fc1ccc(F)c(C2CCCN2)c1.O=C(O)CC(O)C(=O)O,,,,,,0,train
C[N+]1(CC2=C(C(=O)O)N3C(=O)C(N)C3SC2)CCCC1,,,,,,0,train
CS(=O)(=O)OCC1COC(Cn2ccnc2)(c2ccc(Cl)cc2Cl)O1,,,,,,1,test
CCN(CC)CCCNc1nc(NCCCN(CC)CC)nc(Nc2ccc(S(=O)(=O)Nc3cccc4ccc(C5C(=O)c6c(Cl)c(Cl)c(Cl)c(Cl)c6C5=O)nc34)cc2)n1,,,,,,1,train
C=C(C)CCOC(=O)C(=C)C,,,,,,0,train
CC(=O)c1cc[n+](C)cc1.Cc1ccc(S(=O)(=O)O)cc1,,,,,,0,train
C=C(C)C(=O)NCCC[N+](C)(C)C,,,,,,0,train
Cc1ccc(CO)cc1,,,,,,0,valid
NC(N)=NS(=O)(=O)c1ccc(N)cc1,,,,,,0,train
O=C1NC(=O)C(=Cc2ccccc2)N1,,,,,,0,train
COc1ccc(CCC(=O)c2c(O)cc(OC3OC(CO)C(O)C(O)C3OC3OC(C)C(O)C(O)C3O)cc2O)cc1O,,,,,,0,train
Cc1ccc(S(=O)(=O)OCCc2cccs2)cc1,,,,,,1,train
C=C(C)C(=O)OCCN1CCNC1=O,,,,,,0,test
CN(C)c1ccc(C(=C2C=CC(=[N+](C)C)C=C2)c2ccc(N(C)C)cc2)cc1.O=S(=O)(O)c1cccc(N=Nc2ccc(Nc3ccccc3)cc2)c1,,,,,,1,train
O=C(O)CCCCCNc1nc(NCCCCCC(=O)O)nc(NCCCCCC(=O)O)n1,,,,,,0,train
C=CC(=O)OCCCCCCCCCCCCCCCCCCCCCC,,,,,,0,train
ClCC=Cc1ccccc1,,,,,,0,train
CCCCCCCCCCCC(=O)OCC(C)O,,,,,,1,valid
CC(=O)OC(CC(C)C)CC(C)C,,,,,,1,train
CC(C)=CCCC(C)=CCCC(C)=CCCC(C)=CCCC(C)=CCCC(C)=CCC1=C(C)C(=O)c2ccccc2C1=O,,,,,,0,train
CCOC(=O)NS(=O)(=O)c1ccc(C)cc1,,,,,,0,train
CCC(C)N[Si](C)(NC(C)CC)NC(C)CC,,,,,,0,train
NC1CCCC(Nc2ccc3ncc(-c4cccc(Cl)c4)n3n2)C1,,,,,,0,test
CCCCCCCCC(=O)N(C)CC(O)C(O)C(O)C(O)CO,,,,,,0,train
CC(=Cc1ccc(C)cc1)CCC=O,,,,,,1,train
CCNc1nc(NC(C)C)nc(SC)n1,,,,,,1,train
O=C(O)C(F)(F)Cl,,,,,,0,train
CCOCC,,,,,,0,valid
CC(O)CN(CCCN(C)C)CC(C)O,,,,,,0,train
CCOC1=CC2=CCC3C4CCC(=O)C4(C)CCC3C2(C)CC1,,,,,,1,train
O=C(O)CCCCCCCCCCC(=O)O,,,,,,0,train
CC(CC(=O)OOC(=O)CC(C)CC(C)(C)C)CC(C)(C)C,,,,,,0,train
CC(=O)c1ccc(C)cc1,,,,,,0,test
CC(C)(C)CC(C)(C)N,,,,,,0,train
NC(=O)CCC(N)C(=O)O,,,,,,0,train
CC(C)(C)S,,,,,,0,train
O=Cc1cc(F)c(C(F)(F)Oc2cc(F)c(F)c(F)c2)c(F)c1,,,,,,1,train
CCOC(=O)ON=C(C)C(=O)c1ccccc1,,,,,,1,valid
CCCN1CC(C)CC(C)(OC)C(OC2OC(C)CC(N(C)C)C2O)C(C)C(OC2CC(C)(OC)C(O)C(C)O2)C(C)C(=O)OC(CC)C(C)(O)C(O)C1C,,,,,,1,train
C=CC(N)=O,,,,,,0,train
NC(CO)C(=O)NN=Cc1ccc(O)c(O)c1O,,,,,,1,train
CC12CCC(C1)C(C)(C)C2O,,,,,,0,train
CCCCCCOC(=O)CCCCC(=O)OCCCCCC,,,,,,1,test
CC(=O)Nc1ccc(F)cc1-c1ccc(Cl)c(Cl)c1,,,,,,1,train
COc1ccc(-c2cc(C(N)=O)nc3cc(C)ccc23)cc1,,,,,,0,train
CCCCCCCCCCN(C)CCCCCCCCCC,,,,,,1,train
FC(F)(F)c1cnc(Cl)c(Cl)c1,,,,,,0,train
CC(=CCCC=O)CCCC(C)C,,,,,,1,valid
CCOC(OCC)[SiH2]CN1CCOCC1,,,,,,1,train
CCCCCCCCCCCCCCCCO,,,,,,0,train
CCCC[N+](CCCC)(CCCC)Cc1ccccc1.O=S(=O)(O)c1ccc(O)c2ccccc12,,,,,,0,train
CCCCCCCCC(O)CCCCCCCCC(=O)O,,,,,,1,train
CCOC(=O)c1cc(N)n(Cc2ccccc2F)n1,,,,,,0,test
Fc1ccc([P+](c2ccccc2)(c2ccccc2)c2ccccc2)cc1,,,,,,1,train
CC(C)CC(C)(C#N)N=NC(C)(C#N)CC(C)C,,,,,,1,train
CCCC1=CC(=O)OC1O,,,,,,1,train
Clc1cccc(C(Cl)(Cl)Cl)n1,,,,,,1,train
CCCCCCCCCCCC[N+](C)(C)CCO,,,,,,0,valid
COc1cc([N+](=O)[O-])c(OC)cc1Cl,,,,,,0,train
C=CCCCCCCCC(=O)OC,,,,,,1,train
CC1C(C)(C)C2=C(C(=O)CCC2)C1(C)C,,,,,,0,train
N#CC1CCCCC1n1cc(C(N)=O)c(Nc2ccc3c(c2)CCS3(=O)=O)n1,,,,,,0,train
CCCCOCCOCCOCCOCCO,,,,,,0,test
N#CCCN(Cc1ccccc1)c1ccc(N=Nc2ccc([N+](=O)[O-])cc2)cc1,,,,,,0,train
CC(C)c1ccc(C#N)cc1,,,,,,0,train
C=CC(=O)OC.CCCCC(CC)CN,,,,,,1,train
COc1ccc(N=Nc2cc(N=Nc3ccc(S(=O)(=O)CCOS(=O)(=O)O)cc3S(=O)(=O)O)c(N)c(N=Nc3ccc(S(=O)(=O)CCOS(=O)(=O)O)cc3S(=O)(=O)O)c2N)c(S(=O)(=O)O)c1,,,,,,0,train
C=CC(=O)NC(C)(C)CC(C)(C)C,,,,,,0,valid
CC(Cl)C(=O)O,,,,,,0,train
CC(N)C(=O)NC(CCC(N)=O)C(=O)O,,,,,,0,train
O=c1c(O)c(-c2ccc(O)cc2O)oc2cc(O)cc(O)c12,,,,,,0,train
CCOC(=O)C1C2CCC(CC2)C1N,,,,,,0,train
CCSC,,,,,,0,test
CCO[P+](=O)O,,,,,,0,train
C=CC(=O)OCCOCCOC(C)OCC(COC(C)OCCOCCOC(=O)C=C)(COC(C)OCCOCCOC(=O)C=C)NC(=O)COc1ccc2sc3ccccc3c(=O)c2c1,,,,,,1,train
CCCC[N+](CCCC)=C(N(CC)CC)N(CC)CC,,,,,,1,train
CCCc1ccc2c(c1)OC(C(C)=O)O2,,,,,,0,train
NCCO.O=C(O)CS,,,,,,0,valid
CC1CCOCC1,,,,,,0,train
NC(=O)CC(N)C(=O)O,,,,,,0,train
BrC(Br)Br,,,,,,0,train
CCC(=O)N(c1ccccc1)C1CCNCC1,,,,,,0,train
C=C(C)C(=O)OCC(F)(F)F,,,,,,0,test
CC(C)COC(=O)C1CCCCC1C(=O)OCC(C)C,,,,,,0,train
CCC(C(N)=O)N1CCCC1=O,,,,,,0,train
CC(C)(C)OC(=O)N1CC2(C1)OCc1cc(C(=O)C=C(c3cc(Cl)c(F)c(Cl)c3)C(F)(F)F)ccc12,,,,,,0,train
COc1ccccc1NC(=O)c1cc2ccccc2cc1O,,,,,,1,train
CCNCCO,,,,,,1,valid
O=c1c2ccccc2[nH]c2c(Cl)c3c(=O)c4ccccc4[nH]c3c(Cl)c12,,,,,,0,train
O=C(O)CCC(=O)C(=O)O,,,,,,0,train
CN(CCC(=O)OCCN1C(=O)c2ccccc2C1=O)c1ccc(N=Nc2ccc([N+](=O)[O-])cc2C#N)cc1,,,,,,1,train
CCC(C)(C)OC,,,,,,0,train
CCN(CC)S(=O)(=O)c1ccc(OC)c(N=Nc2c(O)c(C(=O)Nc3cc(Cl)c(OC)cc3OC)cc3ccccc23)c1,,,,,,0,test
C#CCOC(=O)NCCCC,,,,,,0,train
CCOS(=O)(=O)O.CC[N+](CCO)(CCO)CCO,,,,,,0,train
CC(C)Sc1ncccc1CCC(F)(F)F,,,,,,0,train
N#Cc1cnc(Nc2cc(NCC3CNCCO3)c(C(=O)Nc3ccccc3)cn2)cn1,,,,,,0,train
CCCCCCC(O)CCCCCCCCCCC(=O)NCCCCCCNC(=O)CCCCCCCCCCC(O)CCCCCC.CCCCCCC(O)CCCCCCCCCCC(=O)NCCNC(=O)CCCCCCCCCCC(O)CCCCCC.CCCCCCC(O)CCCCCCCCCCC(=O)NCc1cccc(CNC(=O)CCCCCCCCCCC(O)CCCCCC)c1,,,,,,0,valid
COc1ccc(C=C2N=C(c3ccc(C4=NC(=Cc5ccc(OC)cc5)C(=O)O4)cc3)OC2=O)cc1,,,,,,1,train
C1=Cc2sc3ccccc3[n+]2CCCCCCCN2C(=CC=Cc3sc4ccccc4[n+]3CCCCCCCN3C(=C1)Sc1ccccc13)Sc1ccccc12,,,,,,0,train
CC(C)OC(=S)SSC(=S)OC(C)C,,,,,,1,train
CCCC(C)COC(=O)c1ccccc1O,,,,,,1,train
COc1cc2[nH]c(=O)c(=O)[nH]c2cc1[N+](=O)[O-],,,,,,0,test
C=CC(=O)OCC(CCC)CCCCC,,,,,,0,train
c1ccc(SCCSc2ccccc2)cc1,,,,,,1,train
CCN(CC)c1nc(Nc2ccc(C=Cc3ccc(Nc4nc(Nc5cc(S(=O)(=O)O)ccc5S(=O)(=O)O)nc(N(CC)CC)n4)cc3S(=O)(=O)O)c(S(=O)(=O)O)c2)nc(Nc2cc(S(=O)(=O)O)ccc2S(=O)(=O)O)n1,,,,,,0,train
CC(C)C(=O)OCC(C)(C)C(O)C(C)C,,,,,,0,train
CCN(CC)C1=CC2Oc3cc(N(CC)CC)c(C)cc3C(c3ccccc3C(=O)OC)=C2C=C1C,,,,,,1,valid
Cc1ccc(CN2CCCN(Cc3cccc(NC(=O)c4cc5ccccc5s4)c3)CC2)cc1.O=C(O)C(F)(F)F,,,,,,0,train
CCCCCCCC(=O)N(C)C,,,,,,0,train
O=C(O)CCCCCCCCCCC(=O)O.OCCN(CCO)CCO.OCCN(CCO)CCO,,,,,,0,train
CCCCC(CC)COC(=O)C(C)Oc1ccc(Cl)cc1C,,,,,,0,train
CCOC(C)(C)CC,,,,,,0,test
CN1CCN(C)CC1,,,,,,0,train
CC=CCC#N,,,,,,0,train
O=[N+]([O-])c1cc(S(=O)(=O)O)ccc1Cl,,,,,,0,train
CC1(C)CC(O)CC(C)(CN)C1,,,,,,0,train
NCCC(=O)O,,,,,,0,valid
CCCCC(CC)CN(C=O)CC(CC)CCCC,,,,,,1,train
NC(=O)c1nn(Cc2ccccc2F)c2ncc(F)cc12,,,,,,0,train
CC12CCC3C(CCC4=CC(=O)CCC43C)C1CCC2=O,,,,,,0,train
CCO[Si](CCCCl)(OCC)OCC,,,,,,0,train
O=C=Nc1ccc(C(c2ccc(N=C=O)cc2)c2ccc(N=C=O)cc2)cc1,,,,,,0,test
O=S(=O)(O)c1cc(O)c(O)c(S(=O)(=O)O)c1,,,,,,1,train
CC(C)=CCCC(C)CCOC=O,,,,,,1,train
NC(=O)c1cccnc1,,,,,,0,train
CCN(CCC(C)C)c1ccc2c(c1)Oc1cc(C)c(Nc3ccccc3)cc1C21OC(=O)c2ccccc21,,,,,,0,train
CCCCCCCCN=c1ccn(CCCCCCCCCCn2ccc(=NCCCCCCCC)cc2)cc1,,,,,,1,valid
O=C(c1ccccc1)C1(O)CCCCC1,,,,,,1,train
C=CC(=O)NC(C)C,,,,,,0,train
Cc1cccc(N(CCO)CCO)c1,,,,,,0,train
CCOc1nc(F)cc(F)n1,,,,,,0,train
O=C1CCC(O)C2C3CCC(C3=C(Cl)Cl)C12,,,,,,0,test
CCC(CC)CC1(C(=O)O)CCCCC1,,,,,,0,train
CNC(=O)c1ccc(Br)cc1F,,,,,,0,train
CC(c1ncncc1F)C(O)(Cn1cncn1)c1ccc(F)cc1F.CC1(C)C2CCC1(CS(=O)(=O)O)C(=O)C2,,,,,,0,train
Nc1ccccn1,,,,,,0,train
C=CC(C)(C#N)Cc1ccccc1,,,,,,0,valid
Cn1ccc(COc2ccc3nc(C4CCCCC4C(=O)O)n(Cc4ccc(OC(F)(F)F)c(F)c4)c3c2)n1,,,,,,0,train
COC(=O)NC(C(=O)O)C(C)(C)C,,,,,,0,train
CCC(=CCC1CC=C(C)C1(C)C)CO,,,,,,1,train
CN(C)CCN(C)C,,,,,,1,train
CC(C)(C)c1ncc(CN2CCc3cc(S(=O)(=O)Nc4ccc(CCCC5CCCC5)cc4F)ccc3C2)cn1,,,,,,1,test
O=c1n(CC(Br)CBr)c(=O)n(CC(Br)CBr)c(=O)n1CC(Br)CBr,,,,,,0,train
C=CC(=O)OCCCCCCCCCCCCCCCC,,,,,,0,train
Cc1ccc(S(=O)(=O)NC(=O)Nc2cccc(OS(=O)(=O)c3ccc(C)cc3)c2)cc1,,,,,,1,train
C=COCCOCCOC=C,,,,,,0,train
CCCCCCCCCCCCCCCC(=O)Cl,,,,,,1,valid
COc1cc(N=Nc2ccc3cc(S(=O)(=O)O)cc(S(=O)(=O)O)c3c2)ccc1Nc1nc(SCCCS(=O)(=O)O)nc(SCCCS(=O)(=O)O)n1,,,,,,0,train
COCc1ccc(C=O)o1,,,,,,0,train
CC(=O)c1ccc2c(c1)CCCC2,,,,,,1,train
CC(C)Cl,,,,,,0,train
COc1ccnc(C(=O)NC2COC(=O)C(Cc3ccccc3)C(OC(=O)C(C)C)C(C)OC2=O)c1O,,,,,,1,test
C=CC(F)(F)C(F)(F)Br,,,,,,0,train
CCOC(=O)c1ccc(O)c(O)c1,,,,,,1,train
C=CC(=O)Oc1c(C(C)c2cc(C(C)(C)CC)cc(C(C)(C)CC)c2O)cc(C(C)(C)CC)cc1C(C)(C)CC,,,,,,0,train
C=CCC1=C(C)C(OC(=O)C2C(C=C(C)C)C2(C)C)CC1=O,,,,,,1,train
O=C(O)c1ccncc1,,,,,,0,valid
Cc1ccc(C2=NC(=O)c3c(-c4ccc(C)cc4)[nH]c(O)c32)cc1,,,,,,0,train
CCN(CC)C(=S)SSC(=S)N(CC)CC,,,,,,1,train
CC=C(C(=O)O)c1ccc([N+](=O)[O-])cc1,,,,,,0,train
CC1CC(C)(C)CC(OOC(C)(C)C)(OOC(C)(C)C)C1,,,,,,1,train
O=c1c2cc3[nH]c4c(Cl)cccc4c(=O)c3cc2[nH]c2c(Cl)cccc12,,,,,,0,test
CC(=O)c1cc2c(cc1C)C(C)(C)C(C)C2(C)C,,,,,,1,train
CC(O)CO.CCCCCCCCCCCC(=O)O,,,,,,0,train
COC(=O)C1(N2C(=O)C3=C(CCCC3)C2=O)C(C=C(C)C)C1(C)C,,,,,,0,train
CCCCCCC(=O)OC(=O)CCCCCC,,,,,,0,train
CN1C2CC(OC(=O)C(CO)c3ccccc3)CC1C1OC12,,,,,,0,valid
CCCCCCCCCCCC(=O)NCCC[N+](C)(C)CC(O)CS(=O)(=O)O,,,,,,0,train
Cc1ncoc1C#N,,,,,,0,train
Cc1ccc(C(=O)CC(=O)C(F)(F)F)cc1,,,,,,1,train
O=C(O)CNCO,,,,,,0,train
NC(=Nc1ccccc1)Nc1ccccc1,,,,,,0,test
CC1=CC(C)C(C=O)C(C)C1,,,,,,0,train
CN(c1ccc(Nc2nc(Cl)nc(Nc3cc(S(=O)(=O)O)cc4cc(S(=O)(=O)O)c(N=Nc5ccccc5S(=O)(=O)O)c(O)c34)n2)cc1)c1nc(Cl)nc(Nc2cc(S(=O)(=O)O)cc3cc(S(=O)(=O)O)c(N=Nc4ccccc4S(=O)(=O)O)c(O)c23)n1,,,,,,0,train
COc1ccc(C(Cl)(c2ccccc2)c2ccc(OC)cc2)cc1,,,,,,1,train
CC(C)=CCOCC(O)COCC=C(C)C,,,,,,0,train
COC(=O)C(C)(C)N=NC(C)(C)C(=O)OC,,,,,,1,valid
CCOC(=O)C=Cc1ccccc1,,,,,,0,train
c1ccc(C2OOC3(CCCCCC3)OO2)cc1,,,,,,0,train
C=CC(=O)O.CC(O)CO,,,,,,1,train
CC(C)(C)C1=CC(=Cc2ccccc2)C=C(C(C)(C)C)C1=O,,,,,,0,train
C=CCOCC1CO1,,,,,,0,test
C=C(C)C(=O)OCC,,,,,,0,train
CCOC(=O)c1ccc(O)cc1,,,,,,0,train
O=C(O)C1COc2ccccc2O1,,,,,,0,train
CC(=O)C(F)(F)F,,,,,,0,train
O=C(O)c1cccc(C(=O)O)n1,,,,,,0,valid
CC(C)C1CCC(CO)CC1,,,,,,0,train
OCCOc1ccccc1,,,,,,0,train
Cc1ccc(-c2ncccn2)c(C(=O)N2C3CCC2C(COc2nc(C)cc(C)n2)C3)c1,,,,,,1,train
CS(=O)(=O)c1ccc(C(=O)O)c([N+](=O)[O-])c1,,,,,,0,train
N#CCN(CC#N)CCCN(CC#N)CC#N,,,,,,0,test
CCCCCCC(=O)Cl,,,,,,0,train
CCOc1ccc(NC(=O)C(N=Nc2ccc(-c3ccc(N=NC(C(C)=O)C(=O)Nc4ccc(OCC)cc4)c(Cl)c3)cc2Cl)C(C)=O)cc1,,,,,,0,train
CC(COC(=O)c1ccccc1)OC(=O)c1ccccc1,,,,,,1,train
CCCCCCCCOCCCCCCCC,,,,,,0,train
Cc1ccnc(C(=O)N2C3CCC2C(COc2ccccn2)C3)c1-n1nccn1,,,,,,0,valid
COc1cc(C=CC(=O)NC2CN3CCC2CC3)cc(OC)c1OC.COc1ccc(C=CC(=O)NC2CN3CCC2CC3)cc1OC.O=C(C=Cc1cccc(C(F)(F)F)c1)NC1CN2CCC1CC2,,,,,,0,train
Cc1cc(Nc2cc3ncc(S(C)(=O)=O)cc3c(NC3CC4CCC(C3)N4CCC(F)(F)F)n2)n[nH]1,,,,,,1,train
NCCCN1CCOCC1,,,,,,0,train
CCc1cccc(C)c1N,,,,,,0,train
COS(=O)(=O)OC,,,,,,0,test
COCC(C)OCC(C)O,,,,,,0,train
C=CC(=O)NCC(OC)OC,,,,,,0,train
CCCCCCCC(=O)c1ccc(O)c(C(=O)O)c1,,,,,,0,train
CN(C)C(=N)N(C)C,,,,,,0,train
Oc1ccc(C2CCCCC2)cc1,,,,,,1,valid
O=C1C=CC(=O)N1Cc1cccc(CN2C(=O)C=CC2=O)c1,,,,,,1,train
CC(=O)OCC1OC(OC(C)=O)C(OC(C)=O)C(OC(C)=O)C1OC(C)=O,,,,,,0,train
NCCc1ccc(S(N)(=O)=O)cc1,,,,,,0,train
C=CC(=O)NCOCCCC,,,,,,0,train
CC[Si](ON=C(C)C)(ON=C(C)C)ON=C(C)C,,,,,,0,test
O=C(O)c1cc(S(=O)(=O)O)ccc1O,,,,,,0,train
CC(C)C(=O)OCCc1ccccc1,,,,,,0,train
CCC(C)c1cc(S(=O)(=O)O)cc(-n2nc3ccccc3n2)c1O,,,,,,0,train
CC(=O)OCC=CCOC(C)=O,,,,,,0,train
CC(O)CN(CC(C)O)c1nc(Nc2ccc(C=Cc3ccc(Nc4nc(Nc5cc(S(=O)(=O)O)ccc5S(=O)(=O)O)nc(N(CC(C)O)CC(C)O)n4)cc3S(=O)(=O)O)c(S(=O)(=O)O)c2)nc(Nc2cc(S(=O)(=O)O)ccc2S(=O)(=O)O)n1,,,,,,0,valid
CC(C)Nc1ccc(F)cc1,,,,,,0,train
O=c1[nH]c(=O)n(C2CC2)c2nc(Cc3nc4cc(N5CCNCC5)ccc4[nH]3)n(Cc3ccccc3)c12,,,,,,0,train
CC(O)C(=O)NCCO,,,,,,0,train
C[Si](Cl)(Cl)CCC(F)(F)F,,,,,,0,train
C=C(C)C(=O)OC1CC(C)CC(C)(C)C1,,,,,,1,test
Cn1cc(C(=O)Nc2cccc3c2C2CCC3C2=C(Cl)Cl)c(C(F)F)n1,,,,,,1,train
O=S(=O)(N(CCO)CCO)C(F)(F)C(F)(F)C(F)(F)C(F)(F)F,,,,,,0,train
CC(C)c1ccc2c(c1)OCC(=O)CO2,,,,,,0,train
CCOc1nc(C(C)C)ccc1-c1cnc2sc(N3CC4OCCC(N)C4C3)nn12,,,,,,1,train
CCOC(=O)C(=O)OCC,,,,,,0,valid
COc1cc(-c2ccc(N=NC(C(C)=O)C(=O)Nc3ccccc3)c(OC)c2)ccc1N=NC(C(C)=O)C(=O)Nc1ccccc1,,,,,,0,train
CCN(CC)c1nc(Nc2ccc(S(=O)(=O)O)cc2)nc(Nc2ccc(C=Cc3ccc(Nc4nc(Nc5ccc(S(=O)(=O)O)cc5)nc(N(CC)CC)n4)cc3S(=O)(=O)O)c(S(=O)(=O)O)c2)n1,,,,,,0,train
CC(C)CC1(C)OCC(CO)O1,,,,,,0,train
COC1(C)CCC23CC1C(C)(C)C2CCC3C,,,,,,1,train
CC(C)N,,,,,,0,test
CCOC(=O)Cc1ccccc1,,,,,,0,train
CCCCCC1CCCC1O,,,,,,0,train
O=C(O)c1ccncc1NCC1CCCc2ccc(C3CC3)cc21,,,,,,0,train
NC(=O)N=C(N)N,,,,,,0,train
COc1ccccc1NC(=O)C(N=Nc1ccc(-c2ccc(N=NC(C(C)=O)C(=O)Nc3ccc(C)cc3C)c(Cl)c2)cc1Cl)C(C)=O,,,,,,0,valid
O=Cc1c(O)ccc2cc(-c3ccc(C(=O)O)s3)ccc12,,,,,,1,train
Cc1cc(O)cc2c1OC(C)(CCCC(C)CCCC(C)CCCC(C)C)CC2,,,,,,0,train
Cn1cc(-c2cc(C(N)=O)nc3cc(Cc4cccc(C(F)(F)F)n4)ccc23)cn1,,,,,,1,train
CC(C)(C)OOC(C)(C)c1cccc(C(C)(C)OOC(C)(C)C)c1,,,,,,1,train
COc1ccccc1,,,,,,0,test
CC(C)(C)c1ccccc1,,,,,,1,train
O=C1C(Cl)=C(Cl)C(=O)C(Cl)=C1Cl,,,,,,0,train
CCOCCOC(=O)OCC,,,,,,0,train
CCCCC(CC)CO[P+](=O)OCC(CC)CCCC,,,,,,1,train
O=Cc1ccccc1Cl,,,,,,0,valid
CC(C)(C)OC(=O)NNCc1ccc(-c2ccccn2)cc1,,,,,,0,train
CC12CCC(CC1)C(C)(C)[N+](=O)N2[O-],,,,,,1,train
CCOP(=O)(O)NC(CC(C)C)C(=O)O,,,,,,1,train
CCCCCCCCCCCO,,,,,,0,train
Cc1cc(S(=O)(=O)O)c(N=Nc2c(O)c(C(=O)O)cc3ccccc23)cc1Cl,,,,,,0,test
CCC=CCCO,,,,,,0,train
CCCCCCCCC=CCCCCCCCCO,,,,,,0,train
CN1COCN=C1N[N+](=O)[O-],,,,,,0,train
CC1=NN(c2cccc(S(=O)(=O)O)c2)C(=N)C1,,,,,,0,train
N#CCN(CC#N)CC#N,,,,,,0,valid
CCN(c1ccccc1)c1nc(Cl)nc(Nc2cc(S(=O)(=O)O)cc3cc(S(=O)(=O)O)c(N=Nc4cc(NC(=O)C(Br)CBr)ccc4S(=O)(=O)O)c(O)c23)n1,,,,,,1,train
CCN(CC)c1nc(C)cc(OP(=S)(OC)OC)n1,,,,,,1,train
CC(=O)C1(O)CCC2C3CCC4=CC(=O)CCC4(C)C3CCC21C,,,,,,1,train
Fc1cc(Br)cc(F)c1F,,,,,,0,train
COc1ccccc1NC(=O)c1cc2ccccc2c(N=Nc2cc(Cl)ccc2Cl)c1O,,,,,,0,test
COP(=O)(O)O,,,,,,0,train
CC(C)(C)O.CC(C)OC(C)C.CCC(C)O.CCC(C)OC(C)CC,,,,,,0,train
CCCCOC(=O)C=CC(=O)O,,,,,,0,train
CC(=O)CO,,,,,,0,train
O=S(=O)(O)C(O)CCc1ccc2ncccc2c1,,,,,,0,valid
COC(C)CCO,,,,,,0,train
CCC(C)(C)OO,,,,,,0,train
OCCCCCCCCCCCCO,,,,,,1,train
FC(F)(F)C=CCl,,,,,,0,train
CCCCOc1ccccc1,,,,,,1,test
O=C1OC(=O)c2c(Cl)cccc21,,,,,,0,train
CC(C)C(=O)OCC(C)(C)C(OC(=O)C(C)C)C(C)C,,,,,,0,train
CC(C)CCC(C)(O)C#CC(C)(O)CCC(C)C,,,,,,0,train
CC1(C)C2CCC1(C)C(O)C2,,,,,,0,train
CC(=O)CCCCCl,,,,,,0,valid
CC(C)Nc1ccc(Nc2ccccc2)cc1,,,,,,1,train
O=C(OCC1CO1)C1CC=CCC1C(=O)OCC1CO1,,,,,,1,train
CC(=O)OC1CC2CC1C1CCCC21,,,,,,0,train
C[Si](Cl)(Cl)CC[Si](C)(Cl)Cl,,,,,,0,train
COc1ccc(OC(=O)c2ccc(OCCCCC3CO3)cc2)cc1,,,,,,1,test
O=C1C2CC=CCC2C(=O)N1SC(Cl)(Cl)Cl,,,,,,1,train
Nc1ccc([N+](=O)[O-])c(C(=O)O)c1,,,,,,0,train
Cc1cn(C)nc1-c1ccc(Cn2c(=O)[nH]c3cnc(-c4cccnc4C(C)C)nc32)cc1,,,,,,0,train
CCO[Si](C)(N(C)C(=O)c1ccccc1)N(C)C(=O)c1ccccc1,,,,,,0,train
CCOP(=O)(NC(C)C)Oc1ccc(SC)c(C)c1,,,,,,0,valid
OCCC(F)(F)C(F)(F)C(F)(F)C(F)(F)C(F)(F)C(F)(F)F,,,,,,0,train
CC(=O)OC1CCCCC1C,,,,,,0,train
CC1C2CC(CC2C2CCCC(O)C2)C1(C)C,,,,,,0,train
COC(=O)C1CN(C)C2Cc3c[nH]c4cccc(c34)C2(OC)C1,,,,,,0,train
Clc1ccccc1,,,,,,0,test
CCCCCCCCCCCCCCCC(=O)NCCC[N+](C)(C)C,,,,,,1,train
CC(=O)OC1(C)CCC23CC1C(C)(C)C2CCC3C,,,,,,1,train
CCCCCCO,,,,,,0,train
CC(O)CCC1CCCCC1,,,,,,1,train
CO[Si](CC(C)C)(OC)OC,,,,,,0,valid
CC(=O)NC(Cc1cc([N+](=O)[O-])c(O)c([N+](=O)[O-])c1)C(=O)O,,,,,,0,train
CCCCCCCCCCCC[N+](C)(C)CC(O)CS(=O)(=O)O,,,,,,1,train
COc1ccc(C(=O)Nc2ccccc2)cc1N=Nc1c(O)c(C(=O)Nc2cc(Cl)ccc2C)cc2ccccc12,,,,,,1,train
CCCCN[Si](C)(NCCCC)NCCCC,,,,,,0,train
O=C1OC(=O)C2C3C=CC(C3)C12,,,,,,0,test
NCCCCCCNC(=O)O,,,,,,0,train
CCOC(=O)C1OC1(C)c1ccccc1,,,,,,0,train
CC1=CCC2C3Cc4ccc(O)c5c4C2(CCN3C)C1O5,,,,,,1,train
C[N+](C)(C)[O-],,,,,,0,train
CC1=CCC(C=CC(C)(C)C(C)O)C1(C)C,,,,,,1,valid
CCCCCCCCCCCCCCCC[N+](C)(C)CC(=O)OCC,,,,,,1,train
CCCCCCCCCCCCCCCOS(=O)(=O)O,,,,,,0,train
CCO[Si](CCCS)(OCC)OCC,,,,,,0,train
CCCCOc1cccc(F)c1F,,,,,,1,train
CCCCc1ccc(-c2ccc(OCC)c(F)c2F)cc1,,,,,,0,test
CCCCCCCCCCCC=O,,,,,,1,train
C=CC(C)(CCC=C(C)C)OC(C)=O,,,,,,1,train
CC(C)COC(=O)c1ccc(O)cc1,,,,,,0,train
C=COC,,,,,,0,train
O=C1CCC(=O)c2c1c(O)c1ccccc1c2O,,,,,,1,valid
CC(C)=NO,,,,,,0,train
CC1(C)CC(N)CC(C)(C)N1,,,,,,0,train
CCC1(O)CCCC1CCC(C)C,,,,,,0,train
CCCCC(O)C(N)CC,,,,,,1,train
CCOC1C(C)CCCC1C,,,,,,0,test
CCOC(=O)N(c1ccccc1)c1ccccc1,,,,,,0,train
O=C(O)C(O)C(O)C(O)C(O)C(O)CO,,,,,,0,train
OC1COC(O)C(O)C1O,,,,,,0,train
CCCCCCCCCCCC(=O)OCC(C)(C)C=NCCCCCCN=CC(C)(C)COC(=O)CCCCCCCCCCC,,,,,,0,train
C=CC(=O)OCC1(CC)COCOC1,,,,,,0,valid
CC[P+](c1ccccc1)(c1ccccc1)c1ccccc1,,,,,,1,train
C=CC(=O)OCCOC(=O)C1CCCCC1C(=O)O,,,,,,0,train
C=CCN(C)CC=C,,,,,,0,train
COc1ccccc1C(=O)NS(=O)(=O)c1ccc(C(=O)Cl)cc1,,,,,,0,train
C=C(C)C(=O)OCCOC(=O)NCCC(C)CC(C)(C)CNC(=O)OCCOC(=O)C(=C)C,,,,,,1,test
CN(C)Cc1ccccc1O,,,,,,1,train
O=C(CCl)C1(Cl)CC1,,,,,,1,train
CC(C)C(=O)c1ccccc1,,,,,,0,train
COC(=O)c1ccc(C(=O)OC)c(N=NC(C(C)=O)C(=O)Nc2ccc(NC(=O)C(N=Nc3cc(C(=O)OC)ccc3C(=O)OC)C(C)=O)cc2)c1,,,,,,0,train
CC(C)c1ccc2sc3ccccc3c(=O)c2c1,,,,,,1,valid
CCCCCCCCCCCCCCCCCCCCCC(=O)NCCCN(C)C,,,,,,1,train
C=CC1COC(CC(C)C)O1,,,,,,0,train
O=C(O)C1CCc2ccc(COc3ccc(-c4[nH]ncc4Cl)nc3)cc2O1,,,,,,1,train
CC1=[N+](CCCCS(=O)(=O)O)c2ccc3ccccc3c2C1(C)C,,,,,,0,train
CN(C)CCOCCN(C)CCOCCN(C)C,,,,,,0,test
NCCO.NCCO.O=C(O)O,,,,,,0,train
O=C(OO)c1cccc(Cl)c1,,,,,,1,train
CC(C)CCCCCCCCCCOC(=O)CCCCCC(C)C,,,,,,1,train
CC(=O)c1ccc2ccccc2c1,,,,,,0,train
CCOC(=O)C(=Cc1ccc(C=C(C(=O)OCC)C(=O)OCC)cc1)C(=O)OCC,,,,,,1,valid
C1CC2C3CC(C2C1)C1(CCCO1)C3,,,,,,1,train
CCCCNS(=O)(=O)c1ccccc1,,,,,,0,train
OCCOc1ccc(OCCO)cc1,,,,,,0,train
Cc1ccc(O)cc1C,,,,,,0,train
COc1cc(C=O)ccc1OC(=O)C(C)C,,,,,,0,test
CO[Si](CCCNC(N)=O)(OC)OC,,,,,,0,train
Cc1ccc(N)c(Cl)c1O,,,,,,0,train
CCC(C)=NO[Si](C)(ON=C(C)CC)ON=C(C)CC,,,,,,0,train
C=CC(=C)Cl,,,,,,1,train
OCC1CC2CC1C1CCC(CO)C21,,,,,,0,valid
CC(O)COCC(C)(COCC(C)O)COCC(C)O,,,,,,0,train
Cc1ccc(N)cc1Cl,,,,,,0,train
CN(C)CCN(C)CCO,,,,,,0,train
CC(=O)CC(=O)Nc1ccccc1,,,,,,0,train
O=C1CCCCCCCCCCCCCC1,,,,,,1,test
FC=CC(F)(F)F,,,,,,0,train
CC(=O)OOC(C)(C)C,,,,,,1,train
CCOc1cc(C=O)ccc1O,,,,,,0,train
CCCCOCCOS(=O)(=O)O,,,,,,0,train
SCCSCCS,,,,,,1,valid
CCCCCCCCCCCCNCCCNCC(=O)O.CCCCCCCCCCCCNCCNCCN,,,,,,1,train
C=CC(=O)OCCCCCCCCCCCCCCCCCC,,,,,,0,train
O=C1OC(=O)c2cc(Oc3ccc4c(c3)C(=O)OC4=O)ccc21,,,,,,0,train
CC1=NC2(CC(C3CCCOC3)Oc3ccc(Br)cc32)N=C1N,,,,,,1,train
C=C(OCC)C1C(C)(C)CC(=O)CC1(C)C,,,,,,0,test
C=NCCCCCCCCC(C)(C)C,,,,,,1,train
CC1=NS(=O)(=O)c2ccccc21,,,,,,0,train
O=Nc1ccc(NO)cc1,,,,,,1,train
CP1(=O)OCC2(CO1)COP(C)(=O)OC2,,,,,,0,train
CCCCC(CC)C(=O)OCC,,,,,,0,valid
CCC=CCCOC(C)=O,,,,,,0,train
O=CC=O,,,,,,0,train
CCc1occc(=O)c1O,,,,,,1,train
CC(=O)N1CSCC1C(=O)O,,,,,,0,train
COC(C)=O,,,,,,0,test
COc1cc(Br)c2c3c1OC1CC(=O)C=CC31CCN(C)C2,,,,,,0,train
CC(=O)CCCCl,,,,,,0,train
Cc1ccc(C(=O)Nc2ccc(CP(=O)(O)O)cc2CP(=O)(O)O)cc1NC(=O)c1cccc(NC(=O)Nc2cccc(C(=O)Nc3cc(C(=O)Nc4ccc(CP(=O)(O)O)cc4CP(=O)(O)O)ccc3C)c2)c1,,,,,,0,train
COc1ccc(-c2cc(F)c(O)c(C=O)c2)cn1,,,,,,0,train
C=COCCCCCCCCCCCC,,,,,,0,valid
O=C1CCC(C2CCC3(CC2)OCCO3)CC1,,,,,,0,train
COC(Cc1ccccc1)OC,,,,,,0,train
CC12CCCC=C1C(=O)OC2=O,,,,,,0,train
O=S1(=O)CCC(CNc2ccc3ncc(-c4cccc(C(F)(F)F)c4)n3n2)CC1,,,,,,0,train
CCN(CCO)CCCC(C)Nc1ccnc2cc(Cl)ccc12,,,,,,1,test
CC(C)Cc1ccc(OP(=O)(Oc2ccc(CC(C)C)cc2)Oc2ccc(CC(C)C)cc2)cc1,,,,,,1,train
O=c1oc(=O)c2cc3c(=O)oc(=O)c3cc12,,,,,,0,train
CCCCN(CCCC)C(=O)N(CCCC)CCCC,,,,,,1,train
CCCCOCCOCCOCc1cc2c(cc1CCC)OCO2,,,,,,1,train
CC(=O)OC([SiH3])=C(OC(C)=O)OC(C)=O,,,,,,0,valid
O=c1c2ccc3c4c(ccc(c24)c2nc4ccccc4n12)c(=O)n1c2ccccc2nc31,,,,,,1,train
CC1CC(O)CC(C)(C)C1,,,,,,0,train
CO[Si](CCC(F)(F)F)(OC)OC,,,,,,0,train
c1ccc(CCCc2ccncc2)cc1,,,,,,1,train
C=C(C)C(=O)OCCOC,,,,,,0,test
CC1(C)C(=O)N(c2ccc(C#N)c(Cl)c2)C(=O)N1CCCOc1ccc(-c2ccncc2)c(F)c1,,,,,,0,train
N#CN=C1SCCN1Cc1ccc(Cl)nc1,,,,,,0,train
C=C(C)C(=O)OCCN1CCOC12CCCCC2,,,,,,0,train
Cn1cc(-c2cc(C(N)=O)nc3c(F)c(Cc4cnc(C5CC5)nc4)ccc23)cn1,,,,,,0,train
CCCCCCCCC(CO)CCCCCC,,,,,,1,valid
CCCCCCCCCCCCCCCCCC(=O)NCCCN(C)C,,,,,,1,train
CC(O)COC(=O)OC1CC(C)CCC1C(C)C,,,,,,0,train
CC12C=CC(=O)C=C1CCC1C2CCC2(C)C(O)CCC12,,,,,,0,train
FC(F)(F)C(F)(F)C(F)(F)C(F)(F)C(F)(F)C(F)(F)C(F)(F)C(F)(F)Br,,,,,,1,train
Cc1ccc(-c2ncccc2C)c(C(=O)N2C3CCC2C(COc2ccccn2)C3)n1,,,,,,1,test
C=CC(O)C(=O)OC,,,,,,0,train
CCOC(OCC)[SiH2]CCCN([Si](C)(C)C)[Si](C)(C)C,,,,,,0,train
CC1CC(C)(C)c2cccc(N)c21,,,,,,0,train
NC(=O)c1ccc[n+](C2OC(COP(=O)(O)OP(=O)(O)OCC3OC(n4cnc5c(N)ncnc54)C(OP(=O)(O)O)C3O)C(O)C2O)c1,,,,,,0,train
CCCCCCCCC=CCCCCCCCC(=O)N(C)CC(=O)O,,,,,,1,valid
CC(=O)N1c2ccccc2C(C)=CC1(C)C,,,,,,0,train
CCOC(=O)CC(C)C,,,,,,0,train
S=C(SSC(=S)N(Cc1ccccc1)Cc1ccccc1)N(Cc1ccccc1)Cc1ccccc1,,,,,,0,train
CCCCCCC(C)O,,,,,,0,train
Nc1ccc(NCCO)c([N+](=O)[O-])c1,,,,,,0,test
CCOC(=O)c1nn(-c2ccc(OC)cc2)c2c1CCN(c1ccc([N+](=O)[O-])cc1)C2=O,,,,,,1,train
CCOC(=O)C1C2CCC(CC2)C1Nc1nc(Cl)ncc1F,,,,,,0,train
O=[N+]([O-])c1ccc(O)c(Cl)c1,,,,,,0,train
CC(c1ccc(OC#N)cc1)c1ccc(OC#N)cc1,,,,,,1,train
CC(=O)CC(=O)Nc1ccc(NC(=O)CC(C)=O)c(Cl)c1,,,,,,0,valid
O=C1N(CO)C2C(N1CO)N(CO)C(=O)N2CO,,,,,,0,train
CCCCCCOC(C)=O,,,,,,0,train
COC(=O)NCCC[Si](OC)(OC)OC,,,,,,0,train
CC(CNC(=S)S)NC(=S)S,,,,,,1,train
CCCCCCCCCCCCCCCCSc1nc2ccc(S(=O)(=O)O)cc2[nH]1,,,,,,1,test
C=C(C)C(=O)OCCOCCOCCCC,,,,,,0,train
CCCCC(CC)COC(C)=O,,,,,,0,train
FC(F)c1cc(C(F)F)[nH]n1,,,,,,0,train
CCOc1ccc(-c2cc(C=O)c(O)c(OC)c2)cc1Cl,,,,,,1,train
COc1cc(N2CCOCC2)c([N+](=O)[O-])cc1Nc1nccc(Cl)n1,,,,,,1,valid
O=C(O)CNCCNCC(=O)O,,,,,,0,train
CCCBr,,,,,,0,train
CCCCOC(=O)Cl,,,,,,0,train
CCOc1ccc(CC(CNCCN)NC(=O)OCc2ccccc2)cc1,,,,,,1,train
Cc1c(C)c2c(c(C)c1OC(=O)CCC(=O)O)CCC(C)(CCCC(C)CCCC(C)CCCC(C)C)O2,,,,,,0,test
CCCCOCCOCCOCOCCOCCOCCCC,,,,,,0,train
O=S(=O)(O)c1cc(O)ccc1O,,,,,,0,train
ON=C1CCCC2=C1C1CCC2C1=C(Cl)Cl,,,,,,1,train
CCOC(C)OCCc1ccccc1,,,,,,0,train
Cc1cnccc1C(=O)Nc1cnn2ccc(N3CCCC3c3cccc(F)c3)nc12,,,,,,1,valid
Cc1ccc(-c2ncccn2)c(C(=O)N2C3CCC2C(COc2ccc(F)cn2)C3)n1,,,,,,0,train
COC(=O)C(=CCCC(=CCCc1ccoc1)C(=O)OC)CCC=C(C)C,,,,,,1,train
CCCCCC1COCCC1OC(C)=O,,,,,,0,train
NNC(=O)c1cccc(C(=O)NN)c1,,,,,,1,train
CC=CCCCCC,,,,,,1,test
Cc1cc(C)nc(N2CC3CN(C(=O)c4ccccc4-c4cccc(F)c4)CC3C2)n1,,,,,,0,train
N#CCCNCCCCCCNCCC#N,,,,,,0,train
CCCCC(CC)C(=O)O.NCCO,,,,,,0,train
COc1ccc(C=O)cc1OC,,,,,,0,train
CC(C)(C)OC(=O)C1NCC2CCCC21,,,,,,0,valid
O=C(NC(C(=O)O)C1CCCCC1)OCc1ccccc1,,,,,,0,train
CC(C)(C)c1ccc(O)c(O)c1,,,,,,1,train
CC1(C)COCN1,,,,,,0,train
O=C(Nc1cnn2ccc(N3CCCC3c3cc(F)ccc3C(F)(F)F)nc12)N1CCCC(O)C1,,,,,,0,train
CCCCOC(=O)CCS,,,,,,1,test
CC(C)CCCCCCCCCCCCCCC(=O)OC(C)C(=O)OC(C)C(=O)O,,,,,,0,train
COc1cc(Nc2nn(C3(CC#N)CCN(C(=O)OC(C)(C)C)CC3)cc2C(N)=O)ccn1,,,,,,1,train
Clc1ccc(Oc2cccc(Cl)c2)cc1,,,,,,1,train
CCCCCCCOCC(O)CO,,,,,,0,train
CC12CCCC(C)(CC1)C2=NO,,,,,,1,valid
O=C(c1cc(Cl)c(F)c(Cl)c1)C(F)(F)F,,,,,,1,train
O=C1OCC(F)O1,,,,,,1,train
NC(=O)C1=CN(C2OC(COP(=O)(O)OP(=O)(O)OCC3OC(n4cnc5c(N)ncnc54)C(O)C3O)C(O)C2O)C=CC1,,,,,,0,train
CNCCC[Si](OC)(OC)OC,,,,,,0,train
CC(C)(C)C1CCC2(CC1)OCC(CCl)O2,,,,,,0,test
CC1C(C)(C)C2=C(c3ncncc3CC2)C1(C)C,,,,,,1,train
CCN(CCCl)c1cccc(C)c1,,,,,,0,train
CCCCCCCCCCCC[n+]1ccccc1,,,,,,1,train
CC(C)C(=O)C(=Cc1ccccc1)C(=O)Nc1ccccc1,,,,,,1,train
CC(C=O)=Cc1ccccc1,,,,,,1,valid
CCOP(Oc1c(C)cc(C(C)(C)C)cc1C(C)(C)C)Oc1c(C)cc(C(C)(C)C)cc1C(C)(C)C,,,,,,0,train
CC(C)OC(=O)C(C)(C)Br,,,,,,0,train
CCCCOCCOCC(=O)O,,,,,,0,train
CCCCCCCCCCCC(=O)OOC(=O)CCCCCCCCCCC,,,,,,1,train
CC(C)NC(=O)c1cccc(-c2cc(F)c(O)c(C=O)c2)c1,,,,,,0,test
O=C(Oc1ccccc1)Oc1ccccc1,,,,,,1,train
COc1cc(NC(=O)C(N=Nc2ccc(-c3ccc(N=NC(C(C)=O)C(=O)Nc4cc(OC)c(Cl)cc4OC)c(Cl)c3)cc2Cl)C(C)=O)c(OC)cc1Cl,,,,,,0,train
CCCCCCCCCCCCCCCCCCNC(=O)CCCCCCCCC(=O)NCCCCCCCCCCCCCCCCCC.CCCCCCCCCCCCCCCCCCNC(=O)CCCCCCCCC(=O)O.O=C(O)CCCCCCCCC(=O)O,,,,,,0,train
C(CC1CCNCC1)CC1CCNCC1,,,,,,0,train
CCOc1cc(CO)ccc1O,,,,,,0,valid
N=C(N)N.N=C(N)N.O=C(O)O,,,,,,0,train
Nc1ncnc2nc[nH]c12,,,,,,0,train
O=c1[nH]c2ccccc2c(=O)n1CCCl,,,,,,0,train
CC1=CC2C3C=CC(C3)C2C1C,,,,,,1,train
Cc1ccc(N2C(=O)c3cccc4c(N)ccc(c34)C2=O)c(C)c1,,,,,,1,test
CC(C)(C)CC(C)(C)c1ccc(OCCOCC[N+](C)(C)Cc2ccccc2)cc1,,,,,,1,train
O=C(O)CCCCCCCCCCCC(=O)O,,,,,,1,train
CCO[Si](CCCc1c(O)c(C(=O)c2ccccc2)cc(C(=O)c2ccccc2)c1O)(OCC)OCC,,,,,,0,train
Cn1c(=O)c2c(ncn2C)n(C)c1=O,,,,,,0,train
NC(COP(=O)(O)O)C(=O)O,,,,,,0,valid
CS,,,,,,1,train
C=C(C)C(=O)Oc1ccccc1,,,,,,0,train
CCCCCCCCP(=O)(CCCCCCCC)CCCCCCCC,,,,,,1,train
COc1ccc(O)c(C(C)(C)C)c1,,,,,,1,train
CCCCC(CC)COC(=O)C=CC(=O)OCC(CC)CCCC,,,,,,0,test
OC(Cn1ccnc1)c1ccc(Cl)cc1Cl,,,,,,1,train
C=C(C)OC(C)=O,,,,,,1,train
COc1ccc(C)cc1C(CCN(C(C)C)C(C)C)c1ccccc1,,,,,,1,train
CCC=CCC=CCC=CCCCCCCCC(=O)OC.CCC=CCC=CCC=CCCCCCCCC(=O)OC.CCC=CCC=CCC=CCCCCCCCC(=O)OC.CCCCCC=CCC=CCCCCCCCC(=O)OC.CCCCCCCCC=CCCCCCCCC(=O)OC,,,,,,0,train
CC(=O)OC(C)C,,,,,,0,valid
C=CCCCC(C)C,,,,,,0,train
CC(=O)Nc1cc(N(CCOC(C)=O)CCOC(C)=O)ccc1N=Nc1ccc([N+](=O)[O-])cc1O,,,,,,0,train
CCOc1ccc(NC(=O)c2cc3ccccc3c(N=Nc3cc(Cl)c(Cl)cc3Cl)c2O)cc1,,,,,,1,train
O=C(OCc1ccccc1)c1ccccc1,,,,,,1,train
CN(C)CCC(=O)N(C)C,,,,,,0,test
CCN(CCO)CCCC(C)=O,,,,,,0,train
Oc1cccc(O)c1O,,,,,,0,train
NN=C(N)N,,,,,,0,train
C#CCOCc1ccc(Cl)cc1,,,,,,0,train
CC(C)(C)c1ccc(N)cc1,,,,,,0,valid
COc1ccc2c(c1)cc(C(C)C)n2Cc1cccc(C(=O)O)c1,,,,,,1,train
CCC(C(=O)O)c1ccc(N)cc1,,,,,,0,train
CCCCCCCCCCCCCCCCCCO,,,,,,0,train
CC(C)(O)c1cccc(C(C)(C)O)c1,,,,,,0,train
COC(=O)c1ccc(C(=O)OC)c(N=NC(C(C)=O)C(=O)Nc2ccc3[nH]c(=O)[nH]c3c2)c1,,,,,,1,test
CCc1cc(C)cc(CC)c1C(C(N)=O)C(N)=O,,,,,,0,train
COc1ccc(-c2cc(=O)c3c(O)cc(O)cc3o2)cc1O,,,,,,0,train
COC(=O)c1cnc2cc(Nc3cc(C)[nH]n3)nc(NC3CC4CCC(C3)N4CCC(F)(F)F)c2c1,,,,,,0,train
CC1(C)C(=O)N(CCO)C(=O)N1CCO,,,,,,0,train
COc1ccc(CCN)cc1OC,,,,,,0,valid
CCCCC(CC)C1OCCN1CCOC(=O)NCCCCCCNC(=O)OCCN1CCOC1C(CC)CCCC,,,,,,0,train
CC1(C)CC(NC(=O)c2cccc(C(=O)NC3CC(C)(C)NC(C)(C)C3)c2)CC(C)(C)N1,,,,,,1,train
O=C(Cc1ccc(-c2ccccc2)cc1)OCC1CCCCC1,,,,,,1,train
CCCCCCCCCCOP(=O)(O)O,,,,,,0,train
CC1=CCC(C(C)CCO)CC1,,,,,,0,test
OCc1ccc(CNc2ccc3ncc(-c4cccc(OC(F)(F)F)c4)n3n2)cc1,,,,,,1,train
N#Cc1ccccc1O,,,,,,0,train
FC1(F)c2ccc(cc2)C(F)(F)C(F)(F)c2ccc(cc2)C1(F)F,,,,,,1,train
O=C(O)CCC1(CCC(=O)O)CCCC(CCC(=O)O)(CCC(=O)O)C1=O,,,,,,0,train
Cc1cc(C)c(C=O)c(C)c1,,,,,,1,valid
C=C(C)C(=O)OCCOCC,,,,,,0,train
COc1ccc([N+](=O)[O-])cc1OC(C)=O,,,,,,1,train
COc1ccccc1N=NC(C(C)=O)C(=O)Nc1ccc2[nH]c(=O)[nH]c2c1,,,,,,1,train
CC(=O)c1ccc(CC(C)C)cc1,,,,,,0,train
O=C1NC(=O)C2CC=CCC12,,,,,,0,test
CCOc1cccc(F)c1F,,,,,,0,train
O=S(=O)(O)c1cccc(Nc2nc(NCCO)nc(Nc3ccc(C=Cc4ccc(Nc5nc(NCCO)nc(Nc6cccc(S(=O)(=O)O)c6)n5)cc4S(=O)(=O)O)c(S(=O)(=O)O)c3)n2)c1,,,,,,0,train
NNc1ccc(S(N)(=O)=O)cc1,,,,,,1,train
CC(C)CCCCCCCO.O=C(O)CC(C(=O)O)S(=O)(=O)O,,,,,,0,train
O=C(O)CCS,,,,,,0,valid
Nc1ccc(OC(F)(F)F)cc1,,,,,,1,train
CCCCC(CC)C(=O)OC,,,,,,0,train
CCOC(=O)CC1(C)OCCO1,,,,,,0,train
O=C(O)C1CCNCC1,,,,,,0,train
CCc1cc(O)c(F)cc1-c1ccc2c(-c3nc4c([nH]3)CCN(CC3CNC3)C4)n[nH]c2c1,,,,,,0,test
CC(C)(C)N(CC(=O)c1ccc(O)c(CO)c1)Cc1ccccc1,,,,,,0,train
OCc1ccc(Br)cc1,,,,,,0,train
C=CC1=CCCCC1,,,,,,1,train
COc1cc(S(=O)(=O)Nc2ccccc2)c(OC)cc1N,,,,,,0,train
CC(C)CC(C)O,,,,,,0,valid
C=C(C)C(=O)OCCOCCOCCOC(=O)C(=C)C,,,,,,0,train
CC(C)CCCCCCOC(=O)c1ccc(C(=O)OCCCCCCC(C)C)c(C(=O)OCCCCCCC(C)C)c1,,,,,,0,train
O=C(O)c1cc(=O)[nH]c2ccccc12,,,,,,0,train
CCCCCCCCC(=O)N(C)C,,,,,,0,train
C=CCOC(=O)C(=C)C,,,,,,0,test
N#CC(F)(C(F)(F)F)C(F)(F)F,,,,,,0,train
CS(=O)(=O)c1ccc(C(=O)C2C(=O)CCCC2=O)c(Cl)c1COCC1CCCO1,,,,,,1,train
CCCCC(CC)COC(=O)C1CCC2OC2C1,,,,,,1,train
CCCC[N+](CCCC)(CCCC)CCCC.NC(=O)C1CCC2CN1C(=O)N2OS(=O)(=O)O,,,,,,0,train
CC1CCOC(c2ccccc2)C1,,,,,,0,valid
CCCCCCC1(C)CCC(=O)O1,,,,,,1,train
C=CC(C)(CCCC(C)C)OC(C)=O,,,,,,1,train
FC1CC(F)(F)C(F)(F)C1(F)F,,,,,,0,train
CC(=O)CCl,,,,,,1,train
O=S(=O)(O)c1ccc(Nc2nc(Nc3ccc(C=Cc4ccc(Nc5nc(Nc6ccc(S(=O)(=O)O)cc6)nc(N6CCOCC6)n5)cc4S(=O)(=O)O)c(S(=O)(=O)O)c3)nc(N3CCOCC3)n2)cc1,,,,,,0,test
O=C(OCc1ccccc1)c1ccccc1O,,,,,,1,train
CCC(C)=CCCC(C)=O,,,,,,0,train
CNc1nc(N)nc2c1ncn2C1OC(COP(=O)(O)OP(=O)(O)OP(=O)(O)O)C(O)C1(C)F,,,,,,0,train
O=C1OCCO1,,,,,,0,train
CCCCCCCCCCCCCCCCCCCCCCO,,,,,,0,valid
CC(=O)C(N=Nc1cccc(OCCOc2ccccc2N=NC(C(C)=O)C(=O)Nc2ccc3[nH]c(=O)[nH]c3c2)c1)C(=O)Nc1ccc2[nH]c(=O)[nH]c2c1,,,,,,1,train
O=C(OCc1ccccc1)c1ccc(O)cc1,,,,,,1,train
C=C(C)C(=O)OCC(F)(F)C(F)(F)C(F)(F)C(F)F,,,,,,1,train
CN(C)C1CCN(C(=O)CC(O)c2nccn2C)CC1,,,,,,0,train
Nc1ccn(C2OC(COP(=O)(O)O)C(O)C2O)c(=O)n1,,,,,,0,test
CC(C)CP(=S)(S)CC(C)C,,,,,,0,train
CCCC(=O)OCCC(C)CCC=C(C)C,,,,,,1,train
CCNC(=O)C(=O)OC1CC(C)CCC1C(C)C,,,,,,0,train
CCC=CCCCCCCCC(=O)OC,,,,,,1,train
C1CCC(NC2CCCCC2)CC1.CC(C)(C)C(NC(=O)OCc1ccccc1)C(=O)O,,,,,,0,valid
OCCOCCOCCOCCO,,,,,,0,train
CC1CC2C3CCC4=CC(=O)C=CC4(C)C3(F)C(O)CC2(C)C1(O)C(=O)CO,,,,,,0,train
CCCCCCCCCCCCO,,,,,,0,train
CC(CC(=O)OOC(C)(C)C)CC(C)(C)C,,,,,,1,train
CCCCCCCCCCCCCCCCCCCCO,,,,,,0,test
C1=CC2CCC1C2,,,,,,0,train
CC1=NN(c2ccc(C)cc2)C(=O)C1N=Nc1ccc(-c2ccc(N=NC3C(=O)N(c4ccc(C)cc4)N=C3C)c(Cl)c2)cc1Cl,,,,,,1,train
CCCCC(CC)CCC(C)c1ccc2cccnc2c1O,,,,,,0,train
C=CNC=O,,,,,,0,train
CCO[Si](CCCNC=O)(OCC)OCC,,,,,,1,valid
CN(CCCN)CCCN,,,,,,0,train
NC(=Nc1ccccc1)Nc1ccccc1.O=S(=O)(O)c1cccc(N=Nc2ccc(Nc3ccccc3)cc2)c1,,,,,,0,train
Cc1ccc(C(N)=O)c(O)c1,,,,,,0,train
CC1=NC2(CC(C3CCCOC3)Oc3ccc(-c4cccc(Cl)c4)cc32)N=C1N,,,,,,1,train
C=C(C)C(=O)OC1CC2CCC1(C)C2(C)C,,,,,,1,test
NC1CCCCC1N,,,,,,0,train
CCC[Si](OCC)(OCC)OCC,,,,,,0,train
CCN(O)CC,,,,,,0,train
COc1ncc(N2CCOc3ccc(OC4CCN(C(=O)c5cn(C)nc5C)C4)cc32)cc1C#N,,,,,,1,train
CCCC1CCCC(=O)O1,,,,,,1,valid
C=CC(O)CCCCC,,,,,,1,train
O=COCCOC=O,,,,,,0,train
CCCCCCCCOCC(O)CO,,,,,,0,train
O=C(O)c1ccnc(C(=O)O)c1,,,,,,0,train
COc1ccc(-c2cc(=O)c3c(O)cc(OC4OC(COC5OC(C)C(O)C(O)C5O)C(O)C(O)C4O)cc3o2)cc1O,,,,,,0,test
Cc1cc(Nc2cc3ncc(S(C)(=O)=O)cc3c(NC3CC4CCC(C3)N4C(=O)C(F)F)n2)n[nH]1,,,,,,1,train
CCCCCCCCC=CCCCCCCCC(=O)NCC(C)O,,,,,,1,train
CO[Si](OC)(c1ccccc1)c1ccccc1,,,,,,1,train
CC1(C)CCC2OC23C(C)(C)C2CCC13C2,,,,,,0,train
CC(C)(C)CC(C)(C)c1ccc(OCCOCCOCCOCCOCCOCCOCCO)cc1,,,,,,0,valid
OCCC1CCCCN1,,,,,,0,train
CC(=O)OCC1CCC=C(CCC=C(C)C)C1,,,,,,1,train
CO[Si](C)(CCCOCC1CO1)OC,,,,,,0,train
N#Cc1ncc(N)cc1C(F)(F)F,,,,,,0,train
O=Cc1c(O)ccc2cc(-c3cccnc3)ccc12,,,,,,0,test
CON=C(C)Cc1c(Cl)cc(Cl)cc1Cl,,,,,,1,train
CCC(C)(C)C1CCCCC1OC(C)=O,,,,,,1,train
COC(=O)CC(C)=O,,,,,,0,train
CCCCCCCCC(CCCCCC)COc1ccccc1C(N)=O,,,,,,1,train
Cc1ccc2c(c1)OCC(=O)CO2,,,,,,0,valid
CC(C)OC(=O)c1ccccc1,,,,,,0,train
Cc1ccc(S(N)(=O)=O)cc1,,,,,,0,train
CN1CC(C(=O)O)C=C2c3cccc4[nH]cc(c34)CC21,,,,,,0,train
NS(=O)(=O)CCN1C(=O)c2ccccc2C1=O,,,,,,0,train
CCC(Cc1ccccc1)(C(=O)c1ccc(N2CCOCC2)cc1)N(C)C,,,,,,1,test
O=S(=O)(O)OCCS(=O)(=O)c1ccc(N=Nc2c(S(=O)(=O)O)cc3cc(S(=O)(=O)O)cc(Nc4nc(Cl)nc(Nc5cccc(S(=O)(=O)O)c5)n4)c3c2O)cc1,,,,,,0,train
CCCCCCC1C(=O)CCC1C(=O)OC,,,,,,1,train
CC1CCC(C(C)C)C(OC(=O)OCCO)C1,,,,,,0,train
C[N+](C)(C)Cc1ccccc1,,,,,,0,train
CC(C)NO,,,,,,0,valid
CCCNC1CCc2c(cccc2OC)C1.O=C(O)C(O)c1ccccc1Cl,,,,,,1,train
O=C(CS)OCCOC(=O)CS,,,,,,1,train
N=c1nc2n3c(nc(N)nc3n1)NC(N)=N2,,,,,,0,train
CN1CN(C)CN(C)C1,,,,,,1,train
CC(O)CN(CCCN(C)C)CCCN(C)C,,,,,,0,test
CCOC(=O)C1=NN(c2ccccc2)C(=O)C1N=Nc1ccc(-c2ccc(N=NC3C(=O)N(c4ccccc4)N=C3C(=O)OCC)c(Cl)c2)cc1Cl,,,,,,1,train
NC(Cc1cnc[nH]1)C(=O)O,,,,,,0,train
CCOC(=O)c1ccnc(C(=O)OCC)c1,,,,,,0,train
CC(CO)CCCC1CCCCC1,,,,,,1,train
CNC(=O)c1c(-c2ccc(F)cc2)oc2cc(N(CCC(F)(F)F)S(C)(=O)=O)c(-c3cccc(C(=O)NC(C)(C)CF)c3)cc12,,,,,,0,valid
FC(F)(F)OC(F)(Cl)C(F)(F)Cl,,,,,,1,train
Cc1ccccc1OP(=S)(S)Oc1ccccc1C,,,,,,1,train
O=C1CCCCCN1C(=O)NCCCCCCNC(=O)N1CCCCCC1=O,,,,,,0,train
O=C(O)C1CC(O)CN1,,,,,,0,train
O=c1n(Cl)c(=O)n(Cl)c(=O)n1Cl,,,,,,0,test
FC1(F)COC1(F)F,,,,,,1,train
CCCCNc1ccc(NCCCC)c2c1C(=O)c1ccccc1C2=O,,,,,,1,train
c1ccc(CN2CCC(Nc3ccccc3)CC2)cc1,,,,,,1,train
O=CCC1CC2CC1C1CCCC21,,,,,,1,train
C=C[Si](ON=C(C)CC)(ON=C(C)CC)ON=C(C)CC,,,,,,0,valid
COc1ncc(N2CCOc3ccc(OC4CCN(C(=O)c5cncnc5)C4)cc32)cc1C#N,,,,,,1,train
CC(C)(C)C(=O)OCCc1ccccc1,,,,,,1,train
CCCCc1cc(C)c(Nc2ccc(Nc3c(C)cc(CCCC)c(S(=O)(=O)O)c3Br)c3c2C(=O)c2ccccc2C3=O)c(Br)c1S(=O)(=O)O,,,,,,1,train
OCCN1CN(CCO)CN(CCO)C1,,,,,,0,train
C[N+](C)=C1OCCC1(c1ccccc1)c1ccccc1,,,,,,0,test
CC(C)CN,,,,,,1,train
CC1(C)CC(N(C=O)CCCCCCN(C=O)C2CC(C)(C)NC(C)(C)C2)CC(C)(C)N1,,,,,,0,train
CN(CCO)CCO,,,,,,0,train
C1CNCCN1.O=P(O)(O)OP(=O)(O)O,,,,,,0,train
NCCCNC1CCCCC1,,,,,,1,valid
CC(C)C=C1NC(=O)NC1=O,,,,,,0,train
OCOCCOCO,,,,,,0,train
COC(=O)CCc1cc(-n2nc3ccccc3n2)c(O)c(C(C)(C)C)c1,,,,,,0,train
CCCCC(=O)OCC(COC(=O)CCCC)(COC(=O)CCCC)COC(=O)CCCC,,,,,,1,train
CC(N)c1ccccc1,,,,,,1,test
CCN(CC)CCCN,,,,,,0,train
COC(=O)c1ccccc1C(=O)c1ccccc1,,,,,,0,train
CC(O)CSCCO,,,,,,0,train
O=C(O)CSc1nc2ccccc2s1,,,,,,0,train
COC(C)(C)C1CC=C(C)CC1,,,,,,0,valid
O=C(CS)OCC(COC(=O)CS)(COC(=O)CS)COC(=O)CS,,,,,,1,train
Oc1ccc2c(c1)NCCO2,,,,,,0,train
CCCC=C(C#N)c1ccccc1,,,,,,1,train
CC(=C(CCO)SSC(CCO)=C(C)N(C=O)Cc1cnc(C)nc1N)N(C=O)Cc1cnc(C)nc1N,,,,,,0,train
CC(C)(C)c1cc2c(c(C(C)(C)C)c1)OP(=O)(O)Oc1c(cc(C(C)(C)C)cc1C(C)(C)C)C2,,,,,,0,test
CC(C)=CCCC(C)=CCCC(C)=CCO,,,,,,1,train
CC1(C)OC(=O)C(=CC=CC=CC2=C(O)OC3(CCC4(CC3)OC(=O)C(C=CC=CC=C3C(=O)OC(C)(C)OC3=O)=C(O)O4)OC2=O)C(=O)O1.CC1CCC(C)C2(C1)OC(=O)C(C=CC=CC=C1C(=O)OC3(CCC4(CC3)OC(=O)C(=CC=CC=CC3=C(O)OC5(CC(C)CCC5C)OC3=O)C(=O)O4)OC1=O)=C(O)O2.CCC1(C)OC(=O)C(C=CC=CC=C2C(=O)OC3(CCC4(CC3)OC(=O)C(=CC=CC=CC3=C(O)OC(C)(CC)OC3=O)C(=O)O4)OC2=O)=C(O)O1.O=C1OC2(CCCCC2)OC(=O)C1=CC=CC=CC1=C(O)OC2(CCC3(CC2)OC(=O)C(C=CC=CC=C2C(=O)OC4(CCCCC4)OC2=O)=C(O)O3)OC1=O.Oc1ccc(-[n+]2ccc(-c3cc[n+](-c4ccc(O)c(-c5ccccc5)c4)cc3)cc2)cc1-c1ccccc1.Oc1ccc(-[n+]2ccc(-c3cc[n+](-c4ccc(O)c(-c5ccccc5)c4)cc3)cc2)cc1-c1ccccc1.Oc1ccc(-[n+]2ccc(-c3cc[n+](-c4ccc(O)c(-c5ccccc5)c4)cc3)cc2)cc1-c1ccccc1.Oc1ccc(-[n+]2ccc(-c3cc[n+](-c4ccc(O)c(-c5ccccc5)c4)cc3)cc2)cc1-c1ccccc1,,,,,,0,train
CC(CC(=O)OCC(COC(=O)CC(C)CC(C)(C)C)OC(=O)CC(C)CC(C)(C)C)CC(C)(C)C,,,,,,1,train
O=C(Cc1ccccc1)OCc1ccccc1,,,,,,0,train
COC(=O)Nc1c(N)nc(-c2nn(Cc3ccccc3F)c3ncc(F)cc23)nc1N,,,,,,0,valid
NCCc1cccs1,,,,,,0,train
CCC(O)C1CCC(C)=CC1C,,,,,,0,train
O=[N+]([O-])c1ccccc1NCCO,,,,,,0,train
CC(=O)C=CC1C(C)=CCC(C)C1(C)C,,,,,,0,train
CCCCCCC(C)OC(=O)CCCCC(=O)OC(C)CCCCCC,,,,,,0,test
CCc1nccnc1C,,,,,,0,train
C[N+](C)(C)C,,,,,,0,train
COC1OC(COS(=O)(=O)c2ccc(C)cc2)C2OC(C)(C)OC12,,,,,,0,train
CC(CO)C1CCCCCCCCCCC1,,,,,,1,train
C=C(C)COCCC=CCC,,,,,,0,valid
COc1cc(Cl)ncn1,,,,,,0,train
COC(=O)OC1CCC=CCCC1,,,,,,0,train
CC(C)c1c(C(=O)Nc2ccccc2)c(-c2ccccc2)c(-c2ccc(F)cc2)n1CCC1CC(CC(=O)OC(C)(C)C)OC(C)(C)O1,,,,,,0,train
Cc1ccc(S(=O)(=O)NN)cc1,,,,,,1,train
C=CC(=O)N1CCOCC1,,,,,,0,test
O=P(Oc1ccccc1)(Oc1ccccc1)Oc1cccc(OP(=O)(Oc2ccccc2)Oc2ccccc2)c1,,,,,,0,train
CC1(O)CCC2C(=CCCC2(C)C)C1,,,,,,0,train
CC(C)(c1cc(Br)c(OCC2CO2)c(Br)c1)c1cc(Br)c(OCC2CO2)c(Br)c1,,,,,,1,train
C[N+](C)(C)CC(O)CSCCC(F)(F)C(F)(F)C(F)(F)C(F)(F)C(F)(F)C(F)(F)F,,,,,,1,train
CCCCCCOP(=O)(OCCCCCC)OCCCCCC,,,,,,1,valid
c1ccc(-c2noc(-c3cccs3)n2)cc1,,,,,,1,train
CCCCCCCC[N+](C)(C)CCCCCCCC,,,,,,1,train
CCC(C)c1cc(C(C)(C)C)c(O)c(C(C)(C)C)c1,,,,,,1,train
CCCCCCCCCC[N+](C)(C)CCCCCCCCCC.CCCCCCCCCC[N+](C)(C)CCCCCCCCCC.O=C(O)CCCCC(=O)O,,,,,,1,train
CCCCCCN(CCCCCC)CCCCCC,,,,,,1,test
CC(C)(c1ccccc1)c1ccc(Nc2ccc(C(C)(C)c3ccccc3)cc2)cc1,,,,,,1,train
CN(C)C(=S)S,,,,,,1,train
COc1ccc(Cc2ccc3c(-c4ccc(F)cc4)cc(C(N)=O)nc3c2)cc1,,,,,,1,train
CCOC(=O)c1ccccc1-c1c2ccc(=[N+](CC)CC)cc-2oc2cc(N(CC)CC)ccc12,,,,,,1,train
CC(C)(C)c1ccc(OP(=O)(Oc2ccccc2)Oc2ccc(C(C)(C)C)cc2)cc1.CC(C)(C)c1ccc(OP(=O)(Oc2ccccc2)Oc2ccccc2)cc1,,,,,,1,valid
CNc1cc(Nc2cccn(C3CCN(CCF)C3)c2=O)nc2c(C(=O)NC3CCC3OC)cnn12,,,,,,1,train
CCCCC(CC)COC(=O)c1ccc(Nc2nc(Nc3ccc(C(=O)NC(C)(C)C)cc3)nc(Nc3ccc(C(=O)OCC(CC)CCCC)cc3)n2)cc1,,,,,,1,train
CCN(C(=O)n1nnn(-c2ccccc2Cl)c1=O)C1CCCCC1,,,,,,1,train
CCC(C)Nc1ccc(Cc2ccc(NC(C)CC)cc2)cc1,,,,,,1,train
O=C1C=CC(=O)N1c1ccc(Cc2ccc(N3C(=O)C=CC3=O)cc2)cc1,,,,,,1,test
CCCCCCCCCCCCN(C)C,,,,,,1,train
CCCCCCCCCCCCOC(=O)C1=C(C)NC(C)=C(C(=O)OCCCCCCCCCCCC)C1,,,,,,1,train
FC(F)(F)C(F)(F)C(F)(F)C(F)(F)C(F)(F)C(F)(F)CCSCCCCS,,,,,,1,train
CC1(C)CC2(CC(C)(C)N1)OC1(CCCCCCCCCCC1)NC2=O,,,,,,1,train
O=C1CCCCCCC=CCCCCCCC1,,,,,,1,valid
O=[N+]([O-])c1ccc(N=Nc2c(O)ccc3ccccc23)c([N+](=O)[O-])c1,,,,,,1,train
CC(=O)c1cc2c(cc1C)C(C)(C)C(C)CC2(C)C,,,,,,1,train
CCCCCCCCCCCCCC[N+](C)(C)C,,,,,,1,train
CCCCCCCCP(=O)(CCCCCC)CCCCCC.CCCCCCCCP(=O)(CCCCCC)CCCCCCCC.CCCCCCCCP(=O)(CCCCCCCC)CCCCCCCC.CCCCCCP(=O)(CCCCCC)CCCCCC,,,,,,1,train
CCCCCCCCCCN(C)C,,,,,,1,test
CC1(C2CCC3C4=CC=C5CC6(CCC5(C)C4CCC32C)OCCO6)OCCO1,,,,,,1,train
FC(=C(F)C(F)(C(F)(F)F)C(F)(F)F)C(F)(F)F,,,,,,1,train
CCC(C)(C)c1cc(O)c(C(C)(C)CC)cc1O,,,,,,1,train
CCc1ccc2c(c1)C(=O)c1ccccc1C2=O,,,,,,1,train
CCCc1ccc(-c2ccc(OCC)c(F)c2F)cc1,,,,,,1,valid
CCCCCCCCCC(C)C1OCC2COC(C(C)CCCCCCCCC)N21,,,,,,1,train
CCCCCCCCCCC=O,,,,,,1,train
CC(=O)OCCOc1ccc(C(C)(C)c2ccc(OCCOC(C)=O)cc2)cc1,,,,,,1,train
CCC(C(C)OCc1ccccc1)N(N)C(=O)Nc1ccc(N2CCN(c3ccc(OCC4COC(Cn5cncn5)(c5ccc(F)cc5F)C4)cc3)CC2)cc1,,,,,,1,train
CCCCC(CC)COC(=O)c1ccccc1C(=O)c1ccc(-c2ccccc2)cc1,,,,,,1,test
CC1(O)CCC(Nc2ccc3ncc(-c4cccc(C(F)(F)F)c4)n3n2)CC1,,,,,,1,train
CCC(NC1CCCCC1)c1nc2ccccc2c(=O)n1C,,,,,,1,train
COC(=O)c1cnc2cc(Nc3cc(C)[nH]n3)nc(NC3CC4CCC(C3)N4C(=O)CN(C)C)c2c1,,,,,,1,train
CCCCCCCCCCCCCC[N+](C)(C)CCCCCCCCCCCCCC,,,,,,1,train
CC(C)(C)C(=O)C(Oc1ccc(Cl)cc1)n1ccnc1,,,,,,1,valid
O=C(c1ccccc1)c1ccc(-c2ccccc2)cc1,,,,,,1,train
CCCC(O)CCC1C(C)CCCC1(C)C,,,,,,1,train
CN(C)C(=O)Nc1ccc(Cl)c(Cl)c1,,,,,,1,train
CCN(C)C,,,,,,1,train
COC=C(C(=O)OC)c1ccccc1COc1cccc(C(F)(F)F)n1,,,,,,1,test
COc1ccc(C(=O)Nc2ccccc2)cc1N=Nc1c(O)c(C(N)=O)cc2ccccc12,,,,,,1,train
CCCCNC(=O)OCC#CI,,,,,,1,train
CC(C)(O)C1CCC(Nc2ccc3ncc(-c4cccc(F)c4)n3n2)CC1,,,,,,1,train
CCCCCCCCCCCCCCCCCCNC(=O)C=CC(=O)O,,,,,,1,train
CC1(O)CCC(Nc2ccn3ncc(-c4cccc(Cl)c4)c3n2)CC1,,,,,,1,valid
CCC(CC)CC1(C#N)CCCCC1,,,,,,1,train
CNc1nc(OC)ccc1N,,,,,,1,train
Cc1cccc(N(c2ccccc2)c2ccc(-c3ccc(N(c4ccccc4)c4cccc(C)c4)cc3)cc2)c1,,,,,,1,train
CCOc1ccccc1NC(=O)C(=O)Nc1ccc(CCCCCCCCCC(C)C)cc1,,,,,,1,train
C=CC1CCCCC1,,,,,,1,test
CCCCCCC(O)CC=CCCCCCCCC(=O)NCCCN(C)C,,,,,,1,train
CCCCCCC=O.Nc1ccccc1,,,,,,1,train
COc1ccc(-c2cc(C(N)=O)nc3cc(CCc4cnc(C)nc4)ccc23)cc1OC,,,,,,1,train
CCCCCCCOc1ccc(C(C)(CC(C)C)c2ccc(OCCCCCCC)cc2)cc1,,,,,,1,train
CCCCCCCCCCCC[N+](C)(C)C,,,,,,1,valid
O=Cc1cc(F)cc(F)c1O,,,,,,1,train
CC(CC(C)(C)C)CC(C)(C)C,,,,,,1,train
Nc1ncc(F)cc1-c1ccc(Oc2ncc(NC(=O)Nc3cc(C(F)(F)F)ccc3-c3cccnc3)cn2)cc1,,,,,,1,train
N#Cc1c(Cl)c(Cl)c(Cl)c(C#N)c1Cl,,,,,,1,train
CCOC1=NN(c2ccccc2)C(=O)C1=Cc1ccc(N(CC)CC)cc1,,,,,,1,test
Cn1sc(Cl)cc1=O.Cn1sccc1=O,,,,,,1,train
CC(=O)c1c(C)c([N+](=O)[O-])c(C(C)(C)C)c([N+](=O)[O-])c1C,,,,,,1,train
O=C(CN1CCOCC1)N1CCC(CNc2ccc3ncc(-c4cccc(OC(F)(F)F)c4)n3n2)CC1,,,,,,1,train
CCN(CCCl)c1ccc(N=Nc2c(Cl)cc([N+](=O)[O-])cc2Cl)c(C)c1,,,,,,1,train
CC(C)(C)c1ccc([I+]c2ccc(C(C)(C)C)cc2)cc1.F[P-](F)(F)(F)(F)F,,,,,,1,valid
CCCCCCCCCCCCCCCC[n+]1ccccc1,,,,,,1,train
CCCCCCCCCCCCCCC(O)C(O)C(N)CO,,,,,,1,train
CNC(=O)c1cc(Oc2ccc(NC(=O)Nc3ccc(Cl)c(C(F)(F)F)c3)c(F)c2)ccn1,,,,,,1,train
BrC1CC(Br)CC(Br)CC(Br)CC(Br)CC(Br)C1,,,,,,1,train
CC(C)(c1cc(Br)c(O)c(Br)c1)c1cc(Br)c(O)c(Br)c1.ClCC1CO1,,,,,,1,test
C=CC(=O)OCc1c(Br)c(Br)c(Br)c(Br)c1Br,,,,,,1,train
